id_fibra,classe,file,durata_s,rms_dbfs,picco_dbfs,crest_db,clipping_pct,baricentro_hz,banda_spettrale_hz,flatness_spettrale,rolloff_85_hz,rolloff_95_hz,picco_spettrale_hz,energia_bassa_pct,energia_media_pct,energia_alta_pct,livello_banda_bassa_db,livello_banda_media_db,livello_banda_alta_db,kurtosis,skewness,zero_crossing_rate_hz
fibra1,AUTO,campione_1785942203626.wav,10.0,-18.804142950430457,-0.0005301521241985359,18.803612798306258,0.0025,5998.194534409984,4444.619609036562,0.09332544052663637,11997.2,11999.5,0.4,42.15034543833591,3.623491886254389,54.226162675409675,97.09271150723242,86.43597305717611,98.18678885129339,39.20688949920608,-0.6315047439306478,1822.9
fibra1,AUTO,campione_1785942215127.wav,10.0,-17.545046976816472,-0.00026506767422515066,17.544781909142248,0.0008333333333333334,5999.962141835036,4461.837852299105,0.07338455023755412,11997.1,11999.1,0.7000000000000001,44.7035475698489,2.5283790454003983,52.7680733847507,119.6206542372375,107.14565616963505,120.34094672561207,23.968124712604926,-1.0062574083897844,1739.0
fibra1,AUTO,campione_1785942225118.wav,10.0,-18.79580438550907,-0.000795244664524571,18.795009140844545,0.0004166666666666667,5999.388866561254,4792.483878823444,0.026853862819388504,11998.6,11999.2,1.1,47.6795842166991,1.430554150232617,50.88986163306828,105.87497852902135,90.64669694998588,106.15796663409554,31.076661559761178,1.4592801635985322,1039.7
fibra1,AUTO,campione_1785942274390.wav,10.0,-15.036230576517944,-0.0005301521241985359,15.035700424393745,0.0025,5999.966458343923,4531.982308424821,0.1141017425539795,11987.6,11998.0,0.0,40.98223510551854,5.083773959364097,53.933990935117336,119.44716506357139,110.38307098127852,120.63983423737756,15.024714284991802,-0.19719249579101994,3645.7
fibra1,AUTO,campione_1785942299467.wav,10.0,-18.95705062706141,-0.012998255741151833,18.944052371320257,0.0,5998.843714395698,4831.154764783317,0.010868957815504789,11999.0,11999.300000000001,0.9,49.12556593813377,0.46234553997198696,50.41208852189424,108.2468482599761,87.98343931962444,108.35911949602668,25.638838248239523,0.8894430983767456,1371.0
fibra1,AUTO,campione_1785942321317.wav,10.0,-20.775255870263763,-0.015122269721930866,20.76013360054183,0.0,5997.620070389965,4316.342557760311,0.08635450328309924,11997.7,11999.6,28.3,40.992468475142445,4.178326900000251,54.82920462485729,95.28429365903472,85.367277094489,96.54737240426812,43.057336484141416,-1.142983779048445,2551.3
fibra1,AUTO,campione_1785942380742.wav,10.0,-17.78923931281906,-0.00026506767422515066,17.788974245144836,0.0016666666666666668,5998.7275411982255,4571.220807592489,0.0378211305108992,11997.800000000001,11998.800000000001,1.2000000000000002,46.97522819661008,1.3122828665933737,51.71248893679655,100.931666544981,85.3932521463837,101.3489319699349,20.577253357010157,0.2623315756061176,1260.5
fibra1,MOTORE,campione_1785917754688.wav,5.0,-6.544051557149192,8.685890352395823e-09,6.544051565835082,0.02666666666666667,5999.998790567956,4349.351013220871,0.09427708037568806,11901.2,12000.0,12000.0,37.10467683355729,9.55521042326076,53.34011274318195,123.43767430890313,117.54579032932313,125.0139270678315,0.2267711655982274,-0.11624360075918672,6112.4
fibra1,MOTORE,campione_1785917759760.wav,5.0,-6.434833122653993,8.685890352395823e-09,6.434833131339883,0.035,5999.99853837515,4288.551392464147,0.09345862785042339,11868.400000000001,12000.0,12000.0,37.009112194770985,9.496501329260875,53.49438647596811,123.46051628500763,117.55306594863328,125.06051172481679,0.16309202727008643,-0.1318038276439469,6354.8
fibra1,MOTORE,campione_1785917764721.wav,5.0,-6.467594740959455,8.685890352395823e-09,6.467594749645345,0.029166666666666667,5999.998200564243,4245.634518982997,0.07939636378379288,11901.2,12000.0,12000.0,38.18181990468206,8.697509397976258,53.120670697341694,123.57146563203843,117.14684845058574,125.00553488129648,0.14902647110237544,-0.1253288917220864,6224.0
fibra1,MOTORE,campione_1785917769822.wav,5.0,-6.379628767055863,8.685890352395823e-09,6.379628775741753,0.0225,5999.999050409947,4168.791988966031,0.06723622429467184,11901.0,12000.0,12000.0,39.943206344330555,7.1979629555209055,52.85883070014857,123.85137921340444,116.4090460468306,125.06812549261156,0.06489466509712916,-0.14885051412602457,6221.2
fibra1,MOTORE,campione_1785917774738.wav,5.0,-6.414567400528561,8.685890352395823e-09,6.414567409214452,0.025833333333333333,5999.999095250077,4158.818983191469,0.06413502963144446,11901.0,12000.0,12000.0,40.21106878912429,7.044278742011684,52.744652468864025,123.85969063111625,116.29459979197543,125.03801881671508,0.057054289427193705,-0.15233768110879448,6336.0
fibra1,MOTORE,campione_1785917779787.wav,5.0,-6.220131435614311,8.685890352395823e-09,6.220131444300201,0.021666666666666667,5999.999201263628,4168.922968011886,0.06477168909876839,11901.2,12000.0,12000.0,39.96500907753594,7.252595948556745,52.78239497390734,124.05127584362262,116.63941151443802,125.25936760630869,-0.0014191019229823354,-0.11478509734317052,5786.0
fibra1,MOTORE,campione_1785917784684.wav,5.0,-6.434425962519853,8.685890352395823e-09,6.4344259712057434,0.023333333333333334,5999.9982921318615,4279.387397018539,0.07105289427244366,11901.2,12000.0,12000.0,39.27292439394952,7.965456932482468,52.761618673568016,123.62764313039486,116.69881765368191,124.90989182336195,0.05641252039504163,-0.10134994435330666,4782.2
fibra1,MOTORE,campione_1785917789875.wav,5.0,-6.838287526371092,8.685890352395823e-09,6.838287535056982,0.018333333333333333,5999.9981204507585,4221.837147627752,0.07423431236069541,11901.2,12000.0,12000.0,38.151208127467115,8.873371652823225,52.97542021970969,123.06076620670966,116.72656997352482,124.48642735810259,0.2070810006200845,-0.2169349781790745,4902.6
fibra1,MOTORE,campione_1785917794887.wav,5.0,-6.987236352126034,8.685890352395823e-09,6.987236360811925,0.016666666666666666,5999.998305063367,4142.99996702887,0.07157365793888905,11802.6,11999.800000000001,12000.0,37.642957287843274,9.167953410453487,53.18908930170324,122.7693998130678,116.6352864401655,124.27078800815103,0.2518149285466893,-0.2519488515491133,5066.4
fibra1,MOTORE,campione_1785917799757.wav,5.0,-6.751149150221375,8.685890352395823e-09,6.751149158907265,0.024166666666666666,5999.996399091274,4503.649430923254,0.08511544579190052,11901.2,11999.800000000001,12000.0,38.82502415457574,8.470367311189845,52.704608534234396,123.26849320253328,116.65639829257788,124.59586177599887,0.13145465151826752,-0.13300740150881668,4602.4
fibra1,MOTORE,campione_1785917804810.wav,5.0,-7.142894987145677,8.685890352395823e-09,7.1428949958315675,0.015,5999.995525770355,4483.637637760416,0.06688355332362861,11901.2,12000.0,98.80000000000001,41.349796147374825,6.494473431239814,52.15573042138535,123.15425896317826,115.11496467926371,124.16254555388521,0.22494079559355296,-0.08765302992509413,3797.2
fibra1,MOTOREa5M,campione_1785918203242.wav,5.0,-23.297405605541094,-11.51262541007446,11.784780195466634,0.0,5999.693343411634,4496.292124111296,0.0028762394448657415,11950.6,11950.6,49.400000000000006,49.590344436512325,0.1794341303439802,50.230221433143704,107.46923494807817,83.0543142420442,107.5249146274688,2.1422267593828774,-1.2459588081460065,279.2
fibra1,MOTOREa5M,campione_1785918208359.wav,5.0,-23.33086703307761,-10.303788699801695,13.027078333275915,0.0,5999.5712397548095,4599.132131434409,0.003125292789043235,11950.6,11950.6,49.400000000000006,49.55458271381754,0.20476084543189382,50.24065644075054,107.47215871127204,83.63378961748212,107.5318735294498,2.2391982559799315,-1.2519328829601608,312.4
fibra1,MOTOREa5M,campione_1785918213233.wav,5.0,-23.346264367215134,-11.019091877205991,12.327172490009144,0.0,5999.69599186254,4505.099723030017,0.003372241348455087,11950.6,11950.6,49.400000000000006,49.50198210495854,0.23326541310004076,50.264752481941414,107.4330027428268,84.16528034988005,107.49941233755504,2.2133922267042525,-1.2261280210856784,349.2
fibra1,MOTOREa5M,campione_1785918218310.wav,5.0,-23.254282695073094,-10.472077597295076,12.782205097778018,0.0,5999.662739898143,4506.008334089096,0.0031905381543291295,11950.6,11950.6,49.400000000000006,49.52146818677996,0.21838941189789346,50.260142401322135,107.54812222138456,83.9925028898461,107.61242424936654,2.3009983976725454,-1.2453902490083473,382.4
fibra1,MOTOREa5M,campione_1785918223386.wav,5.0,-23.233924328112106,-11.117677735196727,12.11624659291538,0.0,5999.588187531081,4544.059852549603,0.0026694163878757367,11950.6,11950.6,49.400000000000006,49.618746757634845,0.16713930646918074,50.214113935895966,107.53409374563086,82.80842179419467,107.58589387311956,2.241808585705413,-1.217660387621829,348.4
fibra1,MOTOREa5M,campione_1785918228303.wav,5.0,-23.259694972531506,-10.746301721297005,12.5133932512345,0.0,5999.632223529713,4514.230192660679,0.0029265824284255585,11950.6,11950.6,49.400000000000006,49.571693774065025,0.19234021925256495,50.235966006682396,107.49934739749105,83.38771088314266,107.55715739433923,2.2903705910833665,-1.2349204972785974,364.0
fibra1,MOTOREa5M,campione_1785918233382.wav,5.0,-23.232328633703062,-10.718031175278156,12.514297458424906,0.0,5999.6248765636565,4512.30397862559,0.0032950319140630105,11950.6,11950.6,49.400000000000006,49.51051684976325,0.23373794645168292,50.25574520378506,107.5292387217774,84.26955636285007,107.59412129329918,2.33984919691272,-1.2459920058648981,360.0
fibra1,MOTOREa5M,campione_1785918238294.wav,5.0,-23.206359892182448,-11.021920082453915,12.184439809728532,0.0,5999.605529628653,4516.2302255843315,0.0033000800907859304,11950.6,11950.6,49.400000000000006,49.50193632863263,0.2410068310217752,50.25705684034559,107.5703925154223,84.4444641657334,107.63614116114769,2.2137171177495176,-1.2061328748439728,374.0
fibra1,MOTOREa5M,campione_1785918243383.wav,5.0,-23.216676129055422,-10.848289855170613,12.36838627388481,0.0,5999.692162654097,4514.749042830751,0.002700752459941721,11950.6,11950.6,49.400000000000006,49.60867839951777,0.1716169082734068,50.21970469220883,107.54481431404821,82.93483847810543,107.59797928636038,2.3021117909051725,-1.2353015782248373,366.2
fibra1,MOTOREa5M,campione_1785918248471.wav,5.0,-23.1939819091926,-11.037963996758737,12.156017912433864,0.0,5999.577703600337,4514.9896981597485,0.002723863313841504,11950.6,11950.6,49.400000000000006,49.61013085141217,0.17189256189550323,50.217976586692316,107.55909836980082,82.95596548829346,107.61198674321192,2.271331355401615,-1.2476065162504804,361.8
fibra1,MOTOREa5M,campione_1785918253367.wav,5.0,-23.159690034387484,-11.12626204451691,12.033427989870574,0.0,5999.590076111315,4505.322854636734,0.0027411346795334435,11950.6,11950.6,49.400000000000006,49.603063036159504,0.17331112364577383,50.223625840194735,107.59892154218008,83.0321009677998,107.6529172173165,2.3137768932049525,-1.2527205799807661,368.0
fibra1,MOTOREa5M,campione_1785918258442.wav,5.0,-23.094374983834495,-10.590594267323235,12.50378071651126,0.0,5999.583902832891,4520.88559255561,0.0026052845253097894,11950.6,11950.6,49.400000000000006,49.61910555867511,0.1652475934391893,50.215646847885715,107.71432542770525,82.93918754835467,107.76622672806212,2.4164632342457955,-1.2414191203335176,364.4
fibra1,MOTOREa5M,campione_1785918263524.wav,5.0,-23.002562634371056,-10.839975788439553,12.162586845931504,0.0,5999.563619996318,4534.963006193138,0.002928550652728565,11950.6,11950.6,49.400000000000006,49.56836048825722,0.19863867558011572,50.23300083616263,107.78164931022113,83.8102418740958,107.83949499470872,2.4282566657396796,-1.2221962901188836,390.4
fibra1,MOTOREa5M,campione_1785918268468.wav,5.0,-22.878132217931253,-10.574459483224775,12.303672734706478,0.0,5999.710722483982,4557.475055173441,0.0023230344748359174,11950.6,11950.6,49.400000000000006,49.67606959782422,0.13548911533410496,50.188441286841666,107.89869183029076,82.25626363247281,107.94325664071359,2.424861923752406,-1.219706848534412,365.2
fibra1,MOTOREa5M,campione_1785918273530.wav,5.0,-22.84508013577033,-10.643691618283402,12.20138851748693,0.0,5999.668715096259,4558.724178579125,0.0025719556329100155,11950.6,11950.6,49.400000000000006,49.62831240367347,0.16816149354029739,50.203526102786235,107.91576001878602,83.21573050411587,107.96580715879799,2.3608213395115767,-1.199145216153543,381.4
fibra1,MOTOREa5M,campione_1785918278461.wav,5.0,-22.84072300070358,-10.639179233326342,12.201543767377238,0.0,5999.666295824295,4538.565213885123,0.002656461989264653,11950.6,11950.6,49.400000000000006,49.60978180512295,0.1770961826565799,50.21312201222049,107.93870831519762,83.46512714590378,107.9912073917478,2.39049777363567,-1.2175034476520932,395.4
fibra1,RUMORE_AMBIENTALE,campione_1785916325520.wav,1.5,-41.430477854569844,-27.330778635006357,14.099699219563487,0.0,5997.078734337421,3908.1411166868334,0.23452871643852288,11484.0,11991.333333333332,8.666666666666666,14.95246937840377,12.788726066841402,72.2588045547548,78.84984975484667,78.17099338728485,85.6916282615397,2.8214301530945827,0.034995081745778346,4330.666666666667
fibra1,RUMORE_AMBIENTALE,campione_1785916327049.wav,1.5,-36.72344083302524,-21.079028065185945,15.644412767839299,0.0,5996.96763703223,3998.084551506587,0.15722021365684602,11991.333333333332,11992.666666666666,8.666666666666666,27.140050511819528,7.998837633876034,64.86111185430444,83.08391594868249,77.77807824512908,86.8676533236586,5.922420420738645,-0.21588200751733477,3254.0
fibra1,RUMORE_AMBIENTALE,campione_1785916328572.wav,1.5,-38.55738474268088,-22.89503672646509,15.662348016215791,0.0,5997.683154869362,3992.9134501748176,0.1478137522626771,11989.333333333332,11990.666666666666,10.666666666666666,28.374684962051106,7.763691341625583,63.86162369632332,83.72941531151238,78.10078743765344,87.2525043918025,4.640099578406019,0.26523392506884536,3352.0
fibra1,RUMORE_AMBIENTALE,campione_1785916330089.wav,1.5,-38.410004759618765,-21.368940628185072,17.041064131433693,0.0,5997.477941057811,4011.7254289373127,0.16377858107505938,11978.0,11990.666666666666,9.333333333333332,26.541055634191164,8.086933601725134,65.3720107640837,82.85149457219354,77.69015142201533,86.7662310842334,5.422743347741344,0.09571402285205198,3472.6666666666665
fibra1,RUMORE_AMBIENTALE,campione_1785916331620.wav,1.5,-36.558335391887795,-21.962886925421206,14.595448466466589,0.0,5997.889765908711,3998.4020013413447,0.11582769752313402,11991.333333333332,11992.0,8.666666666666666,33.389350137449746,5.697241768398446,60.91340809415182,85.45367221140863,77.77423904338124,88.06472153629761,3.0550189677390325,0.2619412467001617,2428.6666666666665
fibra1,RUMORE_AMBIENTALE,campione_1785916333134.wav,1.5,-38.20729370271548,-23.425084252920378,14.782209449795104,0.0,5997.433779779952,4000.929990760907,0.12399758209472433,11991.333333333332,11992.0,8.666666666666666,31.857497965392515,6.653193589200219,61.48930844540726,84.7979118693508,77.99609683269341,87.6537913156553,3.2012305417879965,-0.0006600402343807729,2954.6666666666665
fibra1,RUMORE_AMBIENTALE,campione_1785916334657.wav,1.5,-39.095537204044334,-20.184311418230134,18.9112257858142,0.0,5997.3151697345875,3954.418719583409,0.15157306923764038,11990.666666666666,11991.333333333332,9.333333333333332,27.45134031003995,8.129632684010861,64.41902700594919,83.15773477737457,77.87280847619512,86.86224084919942,8.791216929551483,-0.2942959617454717,3440.0
fibra1,RUMORE_AMBIENTALE,campione_1785916336029.wav,1.5,-35.857842857324464,-16.911508588530207,18.946334268794256,0.0,5997.38601176846,3982.8954432003666,0.14407497248487228,11990.0,11990.666666666666,9.333333333333332,29.102986364627682,7.723841542585015,63.17317209278728,83.72839325744877,77.96735125405587,87.09434454437397,16.396835003696026,0.8508840363241983,2904.6666666666665
fibra1,RUMORE_AMBIENTALE,campione_1785916337542.wav,1.5,-40.63263568346411,-24.4949536877029,16.13768199576121,0.0,5997.11926817866,3928.1075974706378,0.18481951167226504,11989.333333333332,11990.666666666666,9.333333333333332,22.905742863372694,9.306633839211676,67.78762329741565,81.71243221532058,77.80091467789725,86.42449247823112,2.9293065385746857,0.029188536489396257,3802.0
fibra1,RUMORE_AMBIENTALE,campione_1785916339065.wav,1.5,-37.33916359285968,-22.076604469612224,15.262559123247453,0.0,5997.032692732953,3957.1672117603257,0.17584631031217074,11986.0,11991.333333333332,10.0,24.360284259038416,8.72936335899911,66.91035238196247,81.99515912456059,77.53816132042792,86.38326877791486,5.426579327941324,-0.3895770989976087,3166.0
fibra1,RUMORE_AMBIENTALE,campione_1785916340589.wav,1.5,-38.400408387564184,-22.332843981508617,16.067564406055567,0.0,5997.991708221417,4078.156323264668,0.0882730870342815,11980.666666666666,11991.333333333332,20.666666666666664,37.26180632418072,4.582645362306577,58.15554831351271,86.91829695421619,77.81682040997805,88.8515694603104,4.3273162273780565,0.26917938457422735,3254.6666666666665
fibra1,RUMORE_AMBIENTALE,campione_1785916342115.wav,1.5,-41.67484359696737,-25.64907632490729,16.02576727206008,0.0,5997.0253868923755,3885.2656201126515,0.2334643902950478,11544.0,11990.0,10.0,15.402254963766508,11.958399989280096,72.6393450469534,78.74195994481045,77.64284761981384,85.47783605913298,2.932647795845786,-0.019165038320170556,4462.666666666667
fibra1,RUMORE_AMBIENTALE,campione_1785916343642.wav,1.5,-42.00702483292346,-26.992246011112456,15.014778821811007,0.0,5996.5415150238705,3914.7210336561166,0.2514526799706882,11315.333333333332,11890.0,114.0,13.38245532238884,13.192707197377652,73.4248374802335,77.90219578489139,77.84017700024748,85.2952677025381,2.960767280285979,-0.01886925409032611,4680.666666666667
fibra1,RUMORE_AMBIENTALE,campione_1785916345167.wav,1.5,-42.116014417482475,-27.08763079334628,15.028383624136197,0.0,5996.723009201867,3882.208465941747,0.2555849843348032,11143.333333333332,11884.666666666666,118.0,11.852502568504159,13.167141699134627,74.98035573236122,77.24507497132257,77.70188948308018,85.25644935558638,3.0166575391969523,0.03249540437331089,4666.0
fibra1,RUMORE_AMBIENTALE,campione_1785916346680.wav,1.5,-41.80876376849597,-26.75249907291053,15.05626469558544,0.0,5996.871191207147,3885.660947745696,0.2547336743109972,11124.0,11888.0,9.333333333333332,11.958807578962876,13.807784265605234,74.23340815543189,77.27208786154661,77.89644901106583,85.2012030820206,2.9664327064442615,0.03683685782513829,4540.0
fibra1,RUMORE_AMBIENTALE,campione_1785916348050.wav,1.5,-41.66536303426749,-25.443275614978763,16.22208741928873,0.0,5996.629168183826,3902.318022078022,0.24663879938341257,11328.0,11976.0,4.666666666666666,13.28141286985587,12.82482259358529,73.89376453655883,77.89697356275164,77.74504444970509,85.35060871127277,3.1244796631386027,-0.013277387404160398,4438.666666666667
fibra1,RUMORE_AMBIENTALE,campione_1785916349568.wav,1.5,-41.973672067590215,-26.474390648902357,15.499281418687858,0.0,5996.478579550671,3878.958161373817,0.26515465759635615,11022.666666666666,11886.666666666666,1.3333333333333333,10.304069622440007,14.410833987953625,75.28509638960637,76.56220033644958,78.01900364339653,85.19920259959886,3.259762192990233,0.010599087569109164,4574.0
fibra1,RUMORE_AMBIENTALE,campione_1785916351105.wav,1.5,-42.11748909754516,-26.41871167967969,15.698777417865472,0.0,5996.5944262237235,3893.5076546889195,0.2447800504037132,11370.0,11900.0,112.66666666666666,14.033417916604174,12.380624116468566,73.58595796692725,78.13956368700093,77.59535448307605,85.33587858006497,3.0322150403556396,0.015775818472239248,4589.333333333333
fibra1,RUMORE_AMBIENTALE,campione_1785916352615.wav,1.5,-42.19672241868123,-27.480003025683764,14.716719392997469,0.0,5996.816220370806,3874.500703145029,0.25170696811204135,11189.333333333332,11886.666666666666,113.33333333333333,12.192729192675747,12.856190010388952,74.95108079693532,77.3712476209656,77.60136116647774,85.2580173388059,2.989078360474431,0.0529599790740798,4689.333333333333
fibra1,RUMORE_AMBIENTALE,campione_1785916354134.wav,1.5,-42.09773929326395,-26.502364552163222,15.595374741100727,0.0,5996.854015661959,3870.3270840021055,0.26657685113429674,10948.666666666666,11878.666666666666,114.66666666666666,10.002262450817677,14.557677087317435,75.44006046186489,76.46180906304448,78.09174742228264,85.23684688224475,3.0700114670026997,-0.0273685951721101,4650.666666666667
fibra1,RUMORE_AMBIENTALE,campione_1785916355659.wav,1.5,-42.17971692113921,-26.66641423100801,15.513302690131201,0.0,5996.810775986702,3886.426101389216,0.26389187700671507,11122.0,11885.333333333332,114.0,11.408630555217638,14.195146629050592,74.39622281573176,76.93702544885164,77.88608911188693,85.08019914710964,2.944208890094173,-0.012145975515108268,4696.666666666667
fibra1,RUMORE_AMBIENTALE,campione_1785916357197.wav,1.5,-42.115581612588656,-26.8569398837208,15.258641728867858,0.0,5996.646531917962,3898.327043833091,0.24775388132858364,11212.0,11888.0,112.0,12.494075055184645,13.191979642698701,74.31394530211666,77.4079886189738,77.64404723810948,85.15165069822817,3.046497837715812,-0.0536591840615315,4614.0
fibra1,RUMORE_AMBIENTALE,campione_1785916358703.wav,1.5,-42.42597587263077,-27.015994185697178,15.409981686933595,0.0,5996.77396892101,3879.3452354071906,0.2669002517357414,11024.0,11885.333333333332,114.0,10.966807271310767,13.263997586629767,75.76919514205947,76.66479473448001,77.49073696310592,85.05891936106521,2.951790993518097,0.0062629281314287265,4788.0
fibra1,RUMORE_AMBIENTALE,campione_1785916360064.wav,1.5,-42.25226219720821,-26.396539646053952,15.855722551154258,0.0,5996.452817342651,3880.198479345803,0.2656365828148335,11106.666666666666,11883.333333333332,116.66666666666666,11.251146073561534,13.64799743317019,75.10085649326828,76.7612485119309,77.59997020172224,85.00572978004081,2.970941009889433,-0.039381079855529355,4660.666666666667
fibra1,RUMORE_AMBIENTALE,campione_1785916361587.wav,1.5,-42.42689074885166,-26.407618588189354,16.019272160662307,0.0,5996.757265356206,3878.696284368353,0.26691456722559614,11062.666666666666,11892.0,8.666666666666666,10.86437161145182,13.995910197296178,75.139718191252,76.62561231841926,77.72557767016741,85.02426181708688,3.148898267928729,0.010772200539190027,4832.666666666667
fibra1,RUMORE_AMBIENTALE,campione_1785916363110.wav,1.5,-42.39175411596966,-25.859871795076632,16.53188232089303,0.0,5996.406159172752,3881.472864606951,0.26619391780733154,11036.666666666666,11884.666666666666,114.0,10.801691887771483,13.830371392041133,75.36793672018739,76.64521025869679,77.7186308329046,85.08215866902813,3.002652839216992,-0.0034897401670513804,4655.333333333333
fibra1,RUMORE_AMBIENTALE,campione_1785916364653.wav,1.5,-42.54995893361607,-27.536629814359138,15.01332911925693,0.0,5996.826633247846,3851.0172701581246,0.27012159264265656,10924.666666666666,11882.666666666666,114.66666666666666,10.184544973429638,13.54878280266343,76.26667222390692,76.1559135703395,77.39550007493813,84.8998452378246,3.0285793451634806,0.015516705048902658,4778.0
fibra1,RUMORE_AMBIENTALE,campione_1785916366174.wav,1.5,-42.44624216319477,-26.950842305809303,15.495399857385465,0.0,5996.484594380543,3850.763619896981,0.2735100282586433,10906.0,11860.666666666666,110.0,8.908763329874496,14.31428499263259,76.77695167749292,75.58835814821391,77.64788052818142,84.94249258258989,2.9749468021133003,-0.05070252854975777,4805.333333333333
fibra1,RUMORE_AMBIENTALE,campione_1785916367686.wav,1.5,-42.24429810222608,-26.962651810612314,15.281646291613768,0.0,5996.773728563566,3879.6315553006675,0.26235179623884625,11056.0,11900.0,9.333333333333332,11.201922493597689,13.44861486912197,75.34946263728034,76.7505081998631,77.54435813317363,85.028384159827,3.07547725466196,-0.00509012298880464,4621.333333333333
fibra1,RUMORE_AMBIENTALE,campione_1785916369216.wav,1.5,-42.29771345903136,-26.507970160266385,15.789743298764972,0.0,5996.593912911856,3875.6964917791843,0.26231643336823335,11014.666666666666,11882.0,4.0,10.210404184559184,14.218327494356092,75.57126832108472,76.38459976961309,77.82265555966961,85.0777375383621,3.0054665511091434,0.039399581598593254,4694.0
fibra1,RUMORE_AMBIENTALE,campione_1785916370726.wav,1.5,-42.41561708244073,-26.038643385189225,16.376973697251508,0.0,5996.804689048594,3851.2022940661127,0.2613962656492319,11022.0,11883.333333333332,113.33333333333333,10.722384624493758,13.262727680238362,76.01488769526789,76.57758213991157,77.50099684644535,85.08365490381904,3.0573950503093066,0.05570102186153636,4750.666666666667
fibra1,RUMORE_AMBIENTALE,campione_1785916372100.wav,1.5,-42.389835418848456,-26.821986559098576,15.56784885974988,0.0,5996.415001508764,3880.962033923494,0.2595892031276758,11096.0,11888.0,112.0,11.460674509158741,13.658170714645246,74.88115477619603,76.82207750421642,77.58390108671544,84.97370105204874,3.0184039451736533,-0.040035628531533106,4792.666666666667
fibra1,RUMORE_AMBIENTALE,campione_1785916373610.wav,1.5,-42.54296645255977,-26.71221995061481,15.830746501944958,0.0,5996.350010782193,3848.0051034235585,0.2682719935412984,10892.666666666666,11881.333333333332,2.6666666666666665,9.49658440311409,13.928072603908223,76.57534299297768,75.89727014285103,77.56050603791635,84.96248532553159,2.9378719388053165,-0.048603721452085705,4731.333333333333
fibra1,RUMORE_AMBIENTALE,campione_1785916375138.wav,1.5,-42.29560336371486,-25.383952291767628,16.911651071947233,0.0,5996.8451666734045,3903.6984817022067,0.2546727787629966,11274.0,11888.666666666666,111.33333333333333,13.201924176517853,12.800025553316488,73.99805027016566,77.70131825953662,77.56705428495114,85.1871486876239,3.1405990131030412,0.12068402334588335,4697.333333333333
fibra1,RUMORE_AMBIENTALE,campione_1785916376658.wav,1.5,-42.014369682059616,-26.72370922404904,15.290660458010578,0.0,5996.931823677887,3957.5901659380293,0.20713107117888524,11884.666666666666,11986.666666666666,10.0,19.23789844057478,10.8649035151925,69.89719804423271,79.9801396509342,77.49882211347256,85.58316104000838,2.968811770050241,0.025141481716652023,4504.0
fibra1,RUMORE_AMBIENTALE,campione_1785916378179.wav,1.5,-41.4786744268137,-23.733254558604962,17.745419868208735,0.0,5996.8632302162405,4024.8624740001246,0.2014214986616616,11774.666666666666,11887.333333333332,224.66666666666666,22.06278842846814,9.561138416910298,68.37607315462157,81.04630738231427,77.41479943432645,85.95874493495502,4.663773369304501,-0.03528391524810659,4426.0
fibra1,RUMORE_AMBIENTALE,campione_1785916379713.wav,1.5,-42.19036346243552,-26.886175486705458,15.304187975730063,0.0,5996.757266607463,3902.5539539239167,0.23877045809453729,11450.0,11882.666666666666,118.0,14.677133527706497,12.62182913507634,72.70103733721716,78.14167036222823,77.4864808762875,85.09066398554282,2.9996331485758985,0.03427946810134149,4453.333333333333
fibra1,RUMORE_AMBIENTALE,campione_1785916381224.wav,1.5,-34.48577939221088,-16.835681113941284,17.650098278269596,0.0,5998.146472714863,4078.992309061524,0.04551713534847228,11991.333333333332,11991.333333333332,9.333333333333332,43.357975788133324,2.433391008169513,54.208633203697154,90.17031102518771,77.66174002922635,91.14030561280663,6.48477407702614,-0.30665245233100297,2960.6666666666665
fibra1,RUMORE_AMBIENTALE,campione_1785916382748.wav,1.5,-42.56929008538756,-26.88032048854226,15.688969596845297,0.0,5996.323464563693,3859.694831324709,0.2675571332016474,10975.333333333332,11884.666666666666,114.66666666666666,10.28473120475311,13.465744745074915,76.24952405017197,76.09496955803027,77.265343878502,84.79541147230003,3.1567426120235567,0.03550922543227735,4774.666666666667
fibra1,RUMORE_AMBIENTALE,campione_1785916384127.wav,1.5,-41.29034139446449,-23.668313026139703,17.622028368324788,0.0,5996.79848594167,3895.5999943090715,0.25910270358325194,11165.333333333332,11890.666666666666,109.33333333333333,12.201061754295553,13.660588538123275,74.13834970758116,77.17593254009243,77.66665039172526,85.01238543312552,5.631875828045988,0.8871731502216981,4444.0
fibra1,RUMORE_AMBIENTALE,campione_1785916385632.wav,1.5,-42.138378790563344,-26.385474817224154,15.75290397333919,0.0,5996.570398527905,3882.687651307263,0.24852062442785589,11334.0,11888.666666666666,114.0,13.811625283093283,12.510315356578305,73.6780593603284,77.89804298520588,77.46827768735761,85.1689768958986,2.9660081945258154,-0.14624867813239334,4612.0
fibra1,RUMORE_AMBIENTALE,campione_1785916387164.wav,1.5,-42.60734322725557,-27.39264420591304,15.214699021342529,0.0,5996.25882540875,3864.6318287115287,0.27408573184673085,10886.0,11866.666666666666,111.33333333333333,9.139928311834685,14.697467561864476,76.16260412630083,75.57242611636029,77.63542332586519,84.78041607118664,3.0127012466736502,-0.01924181789646814,4786.666666666667
fibra1,RUMORE_AMBIENTALE,campione_1785916388682.wav,1.5,-42.64822524229042,-27.917282983846896,14.730942258443527,0.0,5996.654012679091,3860.725213901173,0.2721775136847782,10938.0,11880.666666666666,112.66666666666666,9.541049686297873,14.535034908645576,75.92391540505655,75.7474895413988,77.57568875786549,84.75531393251384,2.9970087132480003,-0.04208046884868944,4864.666666666667
fibra1,RUMORE_AMBIENTALE,campione_1785916390202.wav,1.5,-42.540428822823564,-27.734552800813013,14.805876022010551,0.0,5996.704156307083,3877.248026468346,0.2682235573387741,11002.0,11886.0,114.0,10.015695508036478,14.479080567270675,75.50522392469284,76.08319541166314,77.68379412997899,84.85615428177414,3.0786874499232617,0.0128531383574583,4712.666666666667
fibra1,RUMORE_AMBIENTALE,campione_1785916391725.wav,1.5,-42.64534881060507,-27.30001030869016,15.34533850191491,0.0,5996.432044261386,3858.9650584118936,0.26960591420789926,10934.666666666666,11877.333333333332,117.33333333333333,9.932215627681042,13.745382596550522,76.32240177576843,75.93031720965521,77.34142414218495,84.78637610124014,2.8753923881709715,0.0010235145706340187,4807.333333333333
fibra1,RUMORE_AMBIENTALE,campione_1785916393251.wav,1.5,-42.585095086288135,-26.7352137150681,15.849881371220036,0.0,5996.45674714235,3870.194570161664,0.2641472199730891,11012.666666666666,11882.0,118.66666666666666,10.612608516822183,14.152264018012112,75.2351274651657,76.31355320852802,77.5635909877011,84.81953837898973,3.0741775382348058,-0.030332325849370415,4795.333333333333
fibra1,RUMORE_AMBIENTALE,campione_1785916394788.wav,1.5,-42.63970534799279,-26.79876224192592,15.840943106066867,0.0,5996.718132417953,3864.8781711679226,0.2553979706946252,11058.0,11889.333333333332,110.0,11.248744228082094,13.320173503908892,75.43108226800902,76.61038942884348,77.34444782742847,84.87485239823178,3.0164086275110025,0.019570003890270558,4764.0
fibra1,RUMORE_AMBIENTALE,campione_1785916396167.wav,1.5,-42.74373362878578,-27.318458222392856,15.425275406392927,0.0,5996.756660987116,3851.9920062546576,0.27540280683585283,10887.333333333332,11874.666666666666,11.333333333333332,9.200825553964064,14.380966955456866,76.41820749057906,75.4871900513727,77.42680296866762,84.68089054914883,3.1307133786105164,0.017621017117705542,4846.0
fibra1,RUMORE_AMBIENTALE,campione_1785916397656.wav,1.5,-42.461480026415764,-26.58683091751056,15.874649108905203,0.0,5996.329479349062,3891.2323929232975,0.2679418451422822,11099.333333333332,11883.333333333332,115.33333333333333,11.107475790404846,13.944264975663991,74.94825923393115,76.57813892704254,77.56594144222477,84.86960067643096,3.059808275498833,-0.02711818620966248,4686.0
fibra1,RUMORE_AMBIENTALE,campione_1785916399178.wav,1.5,-42.623019058584866,-27.30001030869016,15.323008749894704,0.0,5996.3436417180355,3872.0177648404456,0.2684147363544358,10997.333333333332,11878.666666666666,108.66666666666666,10.18965998736012,14.155230141787777,75.65510987085212,76.09054401303048,77.51811643470405,84.7973297508156,2.9569750186464008,-0.006222339067446652,4798.666666666667
fibra1,RUMORE_AMBIENTALE,campione_1785916400704.wav,1.5,-42.78788892287642,-27.238798713304554,15.549090209571865,0.0,5996.389398876803,3852.6761377862617,0.27528300864674166,10886.0,11857.333333333332,112.0,9.463006801945237,13.821990064242124,76.71500313381264,75.48197664985199,77.12739089172148,84.57048819843718,3.0229368440430893,-0.044903173224651274,4824.666666666667
fibra1,RUMORE_AMBIENTALE,campione_1785916402246.wav,1.5,-42.78594765867026,-26.167087714137605,16.618859944532655,0.0,5996.693863419328,3866.271235738611,0.27022150709793274,10964.666666666666,11885.333333333332,114.66666666666666,9.785818021493885,14.298037973875648,75.91614400463048,75.80792696341477,77.45472007212037,84.70529701982392,3.14843196126452,-0.03313284829454335,4780.0
fibra1,RUMORE_AMBIENTALE,campione_1785916403752.wav,1.5,-42.69664820176039,-26.34685854135926,16.34978966040113,0.0,5996.279328840163,3875.452901914503,0.2754734259271707,10909.333333333332,11872.0,112.66666666666666,9.388688732914542,14.904745682454317,75.70656558463115,75.67559318333204,77.68278947506897,84.74087922316109,3.0409529267752644,-0.024275533970004495,4747.333333333333
fibra1,RUMORE_AMBIENTALE,campione_1785916405280.wav,1.5,-42.68639273912572,-27.864680918930862,14.82171182019486,0.0,5996.689078441098,3873.583632049262,0.2647426771335532,10978.666666666666,11878.0,109.33333333333333,10.223190876890898,13.980666092095476,75.79614303101364,76.06426558601817,77.42367952375454,84.7648719568064,2.9468322547540877,0.08507620733179981,4782.0
fibra1,RUMORE_AMBIENTALE,campione_1785916406793.wav,1.5,-42.719148025663785,-25.63385127373165,17.085296751932134,0.0,5996.678836676871,3872.493393360612,0.2710246504491285,10916.666666666666,11858.0,112.0,9.44749825741095,14.818139901988058,75.73436184060098,75.65616621227628,77.61093491499204,84.6959277102113,3.016421354151407,0.02018289142597433,4746.666666666667
fibra1,RUMORE_AMBIENTALE,campione_1785916408164.wav,1.5,-42.66908777015253,-27.461209171760554,15.207878598391975,0.0,5996.597592575975,3870.186434932426,0.2686948655214812,10938.0,11884.666666666666,112.0,9.919897739582881,14.146565999465166,75.93353626095197,75.87906341346701,77.42050176218316,84.71832771794281,2.966109853315026,0.030914914854022063,4670.666666666667
fibra1,RUMORE_AMBIENTALE,campione_1785916409699.wav,1.5,-42.712696464722136,-27.4424558947386,15.270240569983535,0.0,5996.638194215727,3876.461205461093,0.2678509644150668,10984.0,11880.666666666666,112.0,10.13764276688203,14.30003541833128,75.56232181478671,76.01671370893497,77.51071500655124,84.74039681614502,2.9213136529052575,0.023065490138431066,4762.666666666667
fibra1,RUMORE_AMBIENTALE,campione_1785916411220.wav,1.5,-39.449826946811115,-23.96445157856613,15.485375368244984,0.0,5997.507311625259,4019.5062212630764,0.10512202074540607,11990.666666666666,11991.333333333332,9.333333333333332,34.55358430196343,5.671129397546521,59.77528630049002,85.29418039247199,77.44594491745626,87.67446599991624,3.8037919972163845,-0.0684265619029529,3498.0
fibra1,RUMORE_AMBIENTALE,campione_1785916412725.wav,1.5,-42.54755325243224,-28.103940131320073,14.443613121112165,0.0,5996.3371108874435,3866.5511789086245,0.26589569743050334,10930.666666666666,11884.666666666666,6.0,9.991499109706446,14.081176661633343,75.9273242286602,75.93831956895254,77.42840250037712,84.74599397961909,2.94982483343291,0.012999981606636771,4732.0
fibra1,RUMORE_AMBIENTALE,campione_1785916414260.wav,1.5,-42.57606185736425,-27.004111982143215,15.571949875221037,0.0,5996.2847172686,3879.058703420278,0.26988946907938965,11005.333333333332,11884.666666666666,3.333333333333333,10.476726376158066,13.937803783263947,75.585469840578,76.11708725929026,77.35677470689652,84.69921441472667,3.174961707840838,-0.011132191260057097,4636.666666666667
fibra1,RUMORE_AMBIENTALE,campione_1785916415774.wav,1.5,-42.44524719090798,-26.319380222149874,16.125866968758103,0.0,5996.292181392511,3874.502914329983,0.263855765777993,11006.666666666666,11888.666666666666,10.666666666666666,10.701536139936625,13.925554472494204,75.37290938756917,76.28589326954071,77.4295570093514,84.76358483806058,3.0198793679635854,-0.014889217895994978,4586.666666666667
fibra1,RUMORE_AMBIENTALE,campione_1785916417309.wav,1.5,-37.47147861721358,-23.648117970528038,13.82336064668554,0.0,5997.822701661256,3972.450449966061,0.11078373982375936,11990.666666666666,11991.333333333332,9.333333333333332,33.51580003336574,5.642034139896657,60.842165826737585,84.98467480739704,77.24653599870781,87.57422555569386,2.4896803566167387,0.11444511728161307,2388.6666666666665
fibra1,RUMORE_AMBIENTALE,campione_1785916418816.wav,1.5,-34.306630399720255,-20.543626296816274,13.763004102903981,0.0,5998.259451584648,4140.82116741613,0.03273204899835458,11991.333333333332,11992.0,8.666666666666666,45.24017295231985,1.7381664026424237,53.0216606450377,91.5303521958233,77.3760231413195,92.21964288793741,3.0880817777668357,0.17651755296349966,1778.6666666666667
fibra1,RUMORE_AMBIENTALE,campione_1785916420195.wav,1.5,-32.9669970685152,-19.41771666804655,13.54928040046865,0.0,5999.00941635473,4141.526581799604,0.02556286370718317,11991.333333333332,11991.333333333332,8.666666666666666,46.349989404322066,1.2875685961952508,52.36244199948269,92.83067361247018,77.26788097744947,93.3603761435969,2.777870001676421,0.02273723083628494,1542.0
fibra1,RUMORE_AMBIENTALE,campione_1785916421700.wav,1.5,-39.845264528951496,-22.625515805539557,17.21974872341194,0.0,5996.6833811881315,3941.0580134433153,0.2149653512572202,11834.0,11988.666666666666,10.666666666666666,18.186503955165296,11.196979568486038,70.61651647634865,79.38944333305167,77.28295997653737,85.28101401858237,5.96026851887293,-0.6291773961497734,3905.3333333333335
fibra1,RUMORE_AMBIENTALE,campione_1785916423224.wav,1.5,-35.929909477465486,-21.58256459218174,14.347344885283746,0.0,5998.937234471632,4111.4160096200485,0.04086556766685879,11991.333333333332,11992.0,8.666666666666666,44.102713501163166,2.067994703744656,53.82929179509217,90.61744807879944,77.32828918987144,91.48298162876668,2.789493999858494,-0.2346295874989198,2170.0
fibra1,RUMORE_AMBIENTALE,campione_1785916424763.wav,1.5,-35.35995315511228,-20.334519193966926,15.025433961145353,0.0,5998.553132824419,4076.4274633564746,0.043752532552135084,11991.333333333332,11992.0,8.666666666666666,43.59247039322978,2.3751973879268076,54.032332218843415,90.13979846973326,77.50268072692988,91.07222079278523,2.9558553430129626,-0.20716608760770241,1817.3333333333333
fibra1,RUMORE_AMBIENTALE,campione_1785916426272.wav,1.5,-41.462883631421334,-26.564226117627015,14.89865751379432,0.0,5996.902698033366,3901.680280978354,0.19506721472993171,11899.333333333332,11991.333333333332,8.666666666666666,20.425183718704833,10.246067526275063,69.3287487550201,80.25798880575223,77.26190122747329,85.56546271122576,2.852182828698316,-0.03156069250099475,4009.3333333333335
fibra1,RUMORE_AMBIENTALE,campione_1785916427792.wav,1.5,-41.35322530066264,-26.564226117627015,14.788999183035628,0.0,5996.681392503021,3920.8036307074603,0.2116012234688623,11884.0,11991.333333333332,8.666666666666666,19.21797325690999,11.392286764375477,69.38973997871453,79.82458551305976,77.55361875012441,85.40046226687481,3.0192025548791426,-0.027343319402016113,3966.0
fibra1,RUMORE_AMBIENTALE,campione_1785916429315.wav,1.5,-36.131064807309016,-20.323506971195044,15.807557836113972,0.0,5997.521024057955,4074.6632504411396,0.08647492186955373,11987.333333333332,11992.0,9.333333333333332,37.62489110726304,4.383029044376211,57.99207984836074,86.70805061245004,77.37104158101347,88.58698494279926,5.409427326599426,-0.26327826436751883,2654.0
fibra1,RUMORE_AMBIENTALE,campione_1785916430855.wav,1.5,-38.47066200671324,-23.86047751560685,14.610184491106391,0.0,5996.897761862305,3954.725365283345,0.16621881173083736,11988.0,11991.333333333332,8.666666666666666,25.508190189208506,8.379586501115574,66.11222330967593,81.8969372107318,77.06236663117225,86.03295837082158,2.890523446176866,-0.007804246197557437,2884.6666666666665
fibra1,RUMORE_AMBIENTALE,campione_1785916432203.wav,1.5,-38.68796034693337,-24.602353998769114,14.085606348164259,0.0,5997.886305193994,3967.5353785222333,0.09912363081912808,11991.333333333332,11991.333333333332,8.666666666666666,35.20928909770169,5.311192956086343,59.479517946211956,85.66382657487861,77.4491748072548,87.94092841174405,2.080517529638211,0.049730226672997306,2519.3333333333335
fibra1,RUMORE_AMBIENTALE,campione_1785916433735.wav,1.5,-40.60350855990541,-25.896378138981472,14.707130420923935,0.0,5997.120629722456,3979.9223969703235,0.14790734315873577,11988.666666666666,11991.333333333332,8.666666666666666,28.152886796526797,7.670422886509742,64.17669031696347,82.88940215078533,77.24236589234309,86.46794597213099,2.8453400086069127,-0.0358598987668532,3528.0
fibra1,RUMORE_AMBIENTALE,campione_1785916435248.wav,1.5,-41.303372058258326,-25.766696878698617,15.536675179559708,0.0,5997.134138807777,3944.1739643107353,0.15820487753705967,11990.666666666666,11991.333333333332,8.666666666666666,27.00334436378653,8.117697685729091,64.87895795048438,82.49424810829277,77.27440129530525,86.30111121838475,3.0797299908584472,-0.05531429414027902,3980.0
fibra1,RUMORE_AMBIENTALE,campione_1785916436768.wav,1.5,-39.89960007245515,-24.424084231881853,15.475515840573298,0.0,5996.817083923723,3934.5017115934356,0.18371776408593207,11986.666666666666,11991.333333333332,8.666666666666666,23.054743184430134,9.69289139236232,67.25236542320756,81.1578897344962,77.39482031188112,85.80736248736179,3.8855266424237795,0.14290253997004726,3589.3333333333335
fibra1,RUMORE_AMBIENTALE,campione_1785916498078.wav,1.5,-42.12739757219686,-27.015994185697178,15.111403386499685,0.0,5996.561782342993,3839.169628702154,0.27600858568501546,10811.333333333332,11828.0,4.666666666666666,8.713455506860338,14.20376887478539,77.08277561835429,75.80248102710166,77.92461281593441,85.2701502925499,2.983652078773412,-0.05749450874664024,4838.666666666667
fibra1,RUMORE_AMBIENTALE,campione_1785916499597.wav,1.5,-41.998843282700406,-24.946803949508485,17.05203933319192,0.0,5996.677598351211,3858.6963785196485,0.2761121481991121,10956.666666666666,11880.666666666666,119.33333333333333,9.655101834765905,14.328790957515542,76.01610720771855,76.42738490259791,78.14191178316322,85.38887257081713,3.0741796811196433,-0.08132565359552571,4795.333333333333
fibra1,RUMORE_AMBIENTALE,campione_1785916501137.wav,1.5,-42.107687634929825,-26.962651810612314,15.14503582431751,0.0,5996.579820448107,3877.503269284595,0.27361592908002935,10982.666666666666,11849.333333333332,118.66666666666666,9.525070498319264,15.001740046365251,75.47318945531548,76.37396305606208,78.34669742520116,85.36320810308209,2.9423367152268574,-0.0786749943632956,4787.333333333333
fibra1,RUMORE_AMBIENTALE,campione_1785916502656.wav,1.5,-39.97366861287994,-18.03638993140541,21.93727868147453,0.0,5996.991654305496,3901.172772253162,0.26189545584070195,11110.666666666666,11873.333333333332,168.66666666666666,11.275585752202062,14.083601597825455,74.64081264997247,77.32660198440534,78.29234817351438,85.53497445398249,19.869988487432977,0.2513748866270847,4425.333333333333
fibra1,RUMORE_AMBIENTALE,campione_1785916504164.wav,1.5,-41.993811159998096,-25.67451086569193,16.319300294306167,0.0,5996.549289974471,3859.6322039728575,0.2682424335410739,10882.0,11842.0,5.333333333333333,9.075796348869073,14.52091019891666,76.40329345221426,76.15394432397878,78.19503529818564,85.40621769922252,2.9375034244645795,-0.05990650753417574,4746.666666666667
fibra1,RUMORE_AMBIENTALE,campione_1785916505695.wav,1.5,-42.23720689556452,-26.592491321394547,15.644715574169972,0.0,5996.901338758972,3832.286843432405,0.27306600912329976,10755.333333333332,11832.666666666666,12000.0,8.343134375854603,14.193855370656994,77.4630102534884,75.64170006314933,77.9494114349805,85.31935137749423,3.008763486617446,0.11016165857167445,4959.333333333333
fibra1,RUMORE_AMBIENTALE,campione_1785916507215.wav,1.5,-41.95784628690337,-25.818337277353365,16.139509009550004,0.0,5996.737320735512,3861.815126976478,0.26897318695945993,11018.666666666666,11884.0,114.66666666666666,10.611047623012997,13.852700888019026,75.53625148896798,76.84888936307338,78.00665129524586,85.37286101650506,3.0755362255185767,-0.13055676079629974,4736.666666666667
fibra1,RUMORE_AMBIENTALE,campione_1785916508573.wav,1.5,-42.0006293708375,-26.474390648902357,15.526238721935144,0.0,5996.6181168583635,3844.411651353115,0.27115226947466264,10873.333333333332,11875.333333333332,112.66666666666666,9.267922978575807,13.851710211919453,76.88036680950476,76.22113878100652,77.96634859397295,85.40946908947816,3.1329623438941656,0.021590331482639086,4783.333333333333
fibra1,RUMORE_AMBIENTALE,campione_1785916510103.wav,1.5,-42.026678334423565,-27.069666175894106,14.957012158529459,0.0,5996.571838281538,3856.3462426784017,0.26926544690103804,10937.333333333332,11875.333333333332,112.66666666666666,9.606618782874056,14.523821281407416,75.86955993571851,76.20959622023891,78.00469961174282,85.18456630027129,2.9376070137915375,-0.04307117749554546,4711.333333333333
fibra1,RUMORE_AMBIENTALE,campione_1785916511614.wav,1.5,-41.795957713513594,-24.816606166137273,16.97935154737632,0.0,5996.958760695788,3856.0314927588806,0.2618485244286647,11009.333333333332,11879.333333333332,120.66666666666666,10.586297112721233,13.968007201490241,75.44569568578851,77.01479066286913,78.21869437916683,85.54369455173767,3.226635718509507,0.02837171135894199,4714.0
fibra1,RUMORE_AMBIENTALE,campione_1785916513158.wav,1.5,-41.87655540406417,-26.569871804828097,15.306683599236074,0.0,5996.627600237505,3871.98233136998,0.26412069945853706,11002.0,11880.666666666666,116.0,10.416821170744408,14.34014252842543,75.24303630083017,76.7602069732163,78.14838956642257,85.3475180120766,3.077968258285419,-0.14717087899723963,4642.0
fibra1,RUMORE_AMBIENTALE,campione_1785916514671.wav,1.5,-41.598100270343,-24.1676395456236,17.430460724719396,0.0,5997.056465345442,3892.1792288419647,0.2449231267334247,11341.333333333332,11884.666666666666,115.33333333333333,13.73916501910297,12.705598047679842,73.55523693321719,78.5038809679972,78.16422868932491,85.79041355741117,2.96506403349027,0.041292813559624615,4537.333333333333
fibra1,RUMORE_AMBIENTALE,campione_1785916516189.wav,1.5,-41.663741321096296,-25.13625288781138,16.527488433284915,0.0,5997.07447272639,3918.480005418996,0.2340225382299272,11549.333333333332,11950.0,120.66666666666666,15.346755157731984,12.579412209797123,72.07383263247088,79.05364505663175,78.19008289809466,85.7712555815231,3.1699001330314003,0.13616609257407403,4542.666666666667
fibra1,RUMORE_AMBIENTALE,campione_1785916517734.wav,1.5,-41.940903016020116,-27.184074692629725,14.75682832339039,0.0,5996.58318838226,3884.742812322555,0.25568851082662797,11134.666666666666,11886.0,0.0,11.855362851564179,13.280064400284822,74.86457274815099,77.46648607986445,77.95933938322888,85.47010107631888,2.9501154800008518,-0.13092831799482876,4676.666666666667
fibra1,RUMORE_AMBIENTALE,campione_1785916519250.wav,1.5,-42.01561336336147,-26.14017139429725,15.875441969064216,0.0,5996.74046481857,3867.4002376767626,0.27274353774324817,10887.333333333332,11863.333333333332,118.66666666666666,9.122662363241586,14.664680953760405,76.212656682998,76.0335105021615,78.09502067494029,85.2525654951018,3.0745612208319333,0.08838205383949005,4667.333333333333
fibra1,RUMORE_AMBIENTALE,campione_1785916520591.wav,1.5,-41.66017185648205,-26.15092791512932,15.509243941352732,0.0,5996.7558312763385,3921.8004569412087,0.233638613119905,11496.666666666666,11887.333333333332,118.0,15.056126898149005,12.400072608875007,72.54380049297599,78.8979239986815,78.05503361577978,85.72679437457167,3.1752865554311693,-0.09760359777765198,4574.666666666667
fibra1,RUMORE_AMBIENTALE,campione_1785916522137.wav,1.5,-41.470461007236004,-26.270137252380433,15.200323754855571,0.0,5996.661635919904,3899.823339475781,0.24571850949567062,11369.333333333332,11881.333333333332,119.33333333333333,13.900895542086205,12.661217246988477,73.43788721092534,78.35686926338718,77.9511960715973,85.58564320316007,3.031256109976761,-0.10308734857908464,4438.666666666667
fibra1,RUMORE_AMBIENTALE,campione_1785916523643.wav,1.5,-41.41198124740302,-25.76154968478835,15.65043156261467,0.0,5997.095591969077,3915.267283759938,0.22802038921690537,11582.666666666666,11886.0,115.33333333333333,15.666184769185152,12.30844143725463,72.02537379356022,79.12397646313698,78.07637465596738,85.74919922784083,3.0823348207451406,0.006213662564969849,4350.666666666667
fibra1,RUMORE_AMBIENTALE,campione_1785916525159.wav,1.5,-41.06486018384647,-26.01212156469209,15.052738619154379,0.0,5997.314987007493,3954.3822736482093,0.19005096490473897,11882.0,11888.666666666666,112.0,21.075937505133933,10.349910840890546,68.57415165397553,81.19207914055251,78.10357620520335,86.31581455489348,3.119288176170012,0.04478333722948616,4179.333333333333
fibra1,RUMORE_AMBIENTALE,campione_1785916526686.wav,1.5,-40.701280587956575,-25.179454416677043,15.521826171279532,0.0,5997.1847109784085,3936.1539278287723,0.17178611541527766,11886.0,11891.333333333332,108.66666666666666,24.863115186956392,8.52031015003296,66.61657466301064,82.4868386223107,77.83583724157725,86.76710618312526,3.297118933024908,-0.15651339425094535,4162.0
fibra1,RUMORE_AMBIENTALE,campione_1785916528218.wav,1.5,-40.42988715087871,-26.070576838303957,14.359310312574756,0.0,5997.209342337177,3953.8402521305316,0.17311512416793018,11884.0,11888.666666666666,116.0,25.17984348392624,8.211024220619027,66.6091322954547,82.48803187962022,77.62147494924442,86.7128393794645,2.9355560241997667,-0.12220977271247774,3855.3333333333335
fibra1,RUMORE_AMBIENTALE,campione_1785916529728.wav,1.5,-41.1294770271097,-25.117120964919156,16.012356062190545,0.0,5997.101950989763,3911.6000474408083,0.2348356547215042,11581.333333333332,11884.0,119.33333333333333,15.593857725124893,11.875376753872066,72.53076552100305,79.0605249801929,77.87746327306235,85.73621191739748,2.991641826311368,-0.012101642271551168,4212.666666666667
fibra1,RUMORE_AMBIENTALE,campione_1785916531252.wav,1.5,-41.1909660500977,-25.9962472572617,15.194718792836,0.0,5996.818997832808,3930.140674591526,0.219114369363342,11824.666666666666,11888.0,112.66666666666666,17.758533615714004,11.450559876831024,70.790906507455,79.94587208576769,78.0400682895779,85.95157580558049,2.9835747469781264,0.08495130781657012,4226.666666666667
fibra1,RUMORE_AMBIENTALE,campione_1785916532625.wav,1.5,-40.90675184057365,-25.388880456141862,15.517871384431785,0.0,5997.232183195366,3944.642053334952,0.1919744990033965,11880.666666666666,11889.333333333332,118.66666666666666,21.783968575234333,9.621194251814607,68.59483717295107,81.36301781433306,77.81393762736285,86.34456209129185,3.080251862569792,0.1344957612565227,4132.666666666667
fibra1,RUMORE_AMBIENTALE,campione_1785916534150.wav,1.5,-41.03219658221877,-25.403681748237727,15.628514833981047,0.0,5996.754232524542,3957.0080937367948,0.21870607671992456,11814.666666666666,11890.0,114.66666666666666,18.033692850765867,11.160078848027945,70.8062283012062,80.02630863122303,77.94213457592424,85.96617655658525,2.9701924948850538,-0.04025210851948598,4208.0
fibra1,RUMORE_AMBIENTALE,campione_1785916535660.wav,1.5,-40.322291250920074,-25.04574924467494,15.276542006245133,0.0,5997.067604406863,3977.283813420818,0.18294076588163294,11855.333333333332,11889.333333333332,117.33333333333333,23.592234772691192,8.969900755184737,67.43786447212406,82.03330915991796,77.83349472592792,86.59465643849839,2.931093755422154,-0.08516745481340433,3788.0
fibra1,RUMORE_AMBIENTALE,campione_1785916537202.wav,1.5,-40.4944293222085,-25.63385127373165,14.860578048476846,0.0,5997.064923445422,3944.9580637893137,0.2269933790279355,11773.333333333332,11889.333333333332,115.33333333333333,17.646062871364744,11.376811203177802,70.97712592545744,79.80733717840533,77.90106446675291,85.85204305088881,3.158847439010782,0.024275053109712567,3868.6666666666665
fibra1,RUMORE_AMBIENTALE,campione_1785916538707.wav,1.5,-40.12806956046522,-24.570891492732798,15.557178067732423,0.0,5997.502951743009,4003.6530818057413,0.15998560673753054,11882.666666666666,11892.0,108.0,26.520552177940882,8.27684563758058,65.20260218447854,83.04587040118722,77.98869333674223,86.95269406380865,2.977410068667478,0.10620890320328877,3686.6666666666665
fibra1,RUMORE_AMBIENTALE,campione_1785916540229.wav,1.5,-40.870441145673524,-25.543057177261737,15.327383968411787,0.0,5996.790005401881,3962.596360048314,0.21863148202877677,11832.666666666666,11977.333333333332,0.0,18.760944060433175,10.965169306949893,70.27388663261694,80.24816531870165,77.9157718511341,85.98355817047775,3.0162759359758873,-0.2899692601341336,4095.3333333333335
fibra1,RUMORE_AMBIENTALE,campione_1785916541763.wav,1.5,-41.0913576310033,-25.730730411284522,15.360627219718776,0.0,5997.051266948028,3961.61810409367,0.21862934863951655,11694.0,11887.333333333332,112.66666666666666,17.843633532405008,11.950891614196202,70.20547485339878,79.87629379701109,78.13546392143705,85.82517065619345,3.131752651760123,0.015300524957104801,4123.333333333333
fibra1,RUMORE_AMBIENTALE,campione_1785916543283.wav,1.5,-39.58282233735751,-18.69277917125261,20.890043166104903,0.0,5997.440545298676,4164.455450520871,0.1164618639970415,11978.0,11995.333333333332,19.333333333333332,33.5173973879644,5.768318069367601,60.714284542668025,85.59805876139785,77.95584787352924,88.1782646931449,16.777511944327575,2.0708523789443767,4268.0
fibra1,RUMORE_AMBIENTALE,campione_1785916544654.wav,1.5,-41.22681455736088,-25.870286531896866,15.356528025464016,0.0,5996.877006786134,3936.3261545679657,0.20766206396389894,11836.0,11887.333333333332,115.33333333333333,19.158829609833077,11.085363167900534,69.75580722226637,80.39617768044572,78.01998718643829,86.00829161812085,3.005735800537132,-0.03759398694550933,4234.666666666667
fibra1,RUMORE_AMBIENTALE,campione_1785916546206.wav,1.5,-41.64880189345528,-25.943541455581965,15.705260437873314,0.0,5996.7587458224225,3953.5521792598256,0.22897575176516058,11582.666666666666,11906.666666666666,116.66666666666666,15.817755715422933,12.602491513425024,71.57975277115206,79.09474397546587,78.1078594705515,85.65119727450394,3.0134844914854595,-0.12961019488905565,4409.333333333333
fibra1,RUMORE_AMBIENTALE,campione_1785916566682.wav,1.5,-41.529986915960635,-26.156311174961793,15.373675740998841,0.0,5996.8380356547905,3937.5061236677047,0.21499003549126813,11846.0,11890.666666666666,110.0,18.56891112310747,11.05183391121895,70.37925496567357,79.97277608218793,77.71925520310398,85.75935835750919,2.9587283602575782,0.02502138044479,4334.666666666667
fibra1,RUMORE_AMBIENTALE,campione_1785916568189.wav,1.5,-41.791416307250344,-25.859871795076632,15.931544512173712,0.0,5996.501539620318,3882.764027008189,0.24493352492385295,11284.666666666666,11888.0,111.33333333333333,13.273596018821289,12.831177967147523,73.8952260140312,77.83469971181952,77.68747904042938,85.29097757198818,2.9569323634324993,0.06785768059249726,4438.0
fibra1,RUMORE_AMBIENTALE,campione_1785916569709.wav,1.5,-41.99037180827874,-27.05771037298485,14.932661435293888,0.0,5996.531101127548,3892.948472890087,0.2582158193051493,11210.666666666666,11888.0,112.0,12.088556060071712,13.461374602877743,74.45006933705054,77.34474260345434,77.811892414536,85.23964938050833,2.9937514110745385,-0.033211441358970716,4579.333333333333
fibra1,RUMORE_AMBIENTALE,campione_1785916571248.wav,1.5,-41.75067350241641,-25.218036998629113,16.532636503787298,0.0,5996.951244875435,3899.4445995960396,0.24916918607498437,11283.333333333332,11889.333333333332,110.0,12.944630308081312,13.182089355150877,73.8732803367678,77.83072542975451,77.90967142443375,85.39470275511219,3.126323833719068,0.0335340625583946,4459.333333333333
fibra1,RUMORE_AMBIENTALE,campione_1785916572741.wav,1.5,-42.34142358917556,-27.117654637417225,15.223768951758338,0.0,5996.394530094562,3858.3162832432295,0.269808461227528,10890.666666666666,11871.333333333332,122.0,9.02838438530559,14.648421134580476,76.32319448011393,75.68707644416176,77.78888420657047,84.95754142758001,3.12717583299093,-0.0018379332017706758,4806.0
fibra1,RUMORE_AMBIENTALE,campione_1785916574269.wav,1.5,-42.02981677363525,-21.847359425805713,20.182457347829533,0.0,5996.923960594107,3877.998235685896,0.2592499056446303,11044.0,11884.0,116.0,10.711166512704388,14.625678301993124,74.6631551853025,76.86057798314187,78.21337044236006,85.29327366334,3.262611171933532,0.0719781650705712,4629.333333333333
fibra1,RUMORE_AMBIENTALE,campione_1785916575786.wav,1.5,-42.33023228929807,-27.76042292991836,14.569809359379708,0.0,5996.8450877200585,3849.8876588137923,0.27307862577404574,10908.666666666666,11872.0,118.66666666666666,9.524926390823662,14.115569291584897,76.35950431759144,76.01036209552707,77.71872979705753,85.05037681983069,2.9421194074450687,0.08824124695981916,4806.666666666667
fibra1,RUMORE_AMBIENTALE,campione_1785916577159.wav,1.5,-41.54504702294224,-20.092738401153184,21.452308621789058,0.0,5996.830107457073,3894.743107318543,0.26331659152972253,10980.666666666666,11836.0,116.0,8.883973831358318,15.96283776123475,75.15318840740693,76.3531164988328,78.89814478965428,85.62651789713321,9.66982632273821,0.11982266635224492,4776.0
fibra1,RUMORE_AMBIENTALE,campione_1785916578701.wav,1.5,-42.20800342371539,-26.8569398837208,15.351063539994591,0.0,5996.851547527214,3889.349741777906,0.2590335724323036,11134.0,11887.333333333332,12000.0,11.18372349540295,14.345555517364962,74.47072098723208,76.92738992682578,78.00869942105163,85.16138130055393,2.9783956715905093,0.08971472633741999,4677.333333333333
fibra1,RUMORE_AMBIENTALE,campione_1785916580201.wav,1.5,-42.19509969861572,-24.75223188903778,17.44286780957794,0.0,5996.889022465321,3875.7917127718965,0.2586000290255027,11124.0,11887.333333333332,1.3333333333333333,11.873259525780862,13.310810668044518,74.81592980617462,77.2805140631772,77.77685951708149,85.27475523281589,3.073061662822213,-0.021340983710827457,4799.333333333333
fibra1,RUMORE_AMBIENTALE,campione_1785916581717.wav,1.5,-42.33058534876686,-26.927271356622448,15.403313992144412,0.0,5996.436098011561,3859.260596453666,0.271886705255226,10953.333333333332,11876.0,110.66666666666666,9.696389933161647,14.247863124303734,76.05574694253463,76.03627807994202,77.70767470304473,84.98149771881286,2.973790892152217,-0.029913969537009175,4775.333333333333
fibra1,RUMORE_AMBIENTALE,campione_1785916583266.wav,1.5,-42.316141692825624,-26.921388600254467,15.394753092571158,0.0,5996.861223784499,3863.9870315863795,0.26828937488514454,10992.0,11884.0,103.33333333333333,10.065801137728808,14.062439705597866,75.87175915667333,76.29856621276922,77.75068948521823,85.07088428850928,3.084792506303324,-0.015161429461737133,4805.333333333333
fibra1,RUMORE_AMBIENTALE,campione_1785916584767.wav,1.5,-42.27240421030044,-25.880713771405105,16.39169043889533,0.0,5996.76969137972,3884.7301994614086,0.26101055027773507,11090.0,11886.0,114.0,11.557598075754184,14.256723506009969,74.18567841823585,76.98836844635052,77.8998898416762,85.06289329769405,3.0076536210061224,0.009749267345887934,4715.333333333333
fibra1,RUMORE_AMBIENTALE,campione_1785916586286.wav,1.5,-42.24723579187334,-26.632217771674824,15.615018020198512,0.0,5996.702577407158,3859.424565754393,0.2671997595447373,10928.666666666666,11856.666666666666,116.66666666666666,9.296203150344148,14.358608268489554,76.3451885811663,75.88156291446766,77.76963032885685,85.02632357831519,3.041822535470665,0.056946085892324076,4740.666666666667
fibra1,RUMORE_AMBIENTALE,campione_1785916587809.wav,1.5,-42.45316837351304,-21.870342325895493,20.582826047617544,0.0,5996.460349343222,3837.178963567006,0.2739806575710011,10730.666666666666,11787.333333333332,107.33333333333333,8.075890109829006,14.546148015761652,77.37796187440935,75.25743150807466,77.81300752487351,85.07170036298112,3.7097568778222163,0.07914661208326378,4820.0
fibra1,RUMORE_AMBIENTALE,campione_1785916589176.wav,1.5,-42.313537599209866,-27.82543737586222,14.488100223347647,0.0,5996.412815331667,3872.4206866481677,0.26331603983571533,11026.666666666666,11887.333333333332,104.66666666666666,10.45060295263602,14.435430467859295,75.1139665795047,76.50584798305098,77.90873189474404,85.07164146887341,3.018844629367252,0.013494403592801204,4731.333333333333
fibra1,RUMORE_AMBIENTALE,campione_1785916590693.wav,1.5,-42.323853576158186,-27.141748659637123,15.182104916521062,0.0,5996.843899596495,3866.5759730147515,0.26446048536982425,10962.0,11879.333333333332,112.0,10.074395458968814,13.95439862231515,75.97120591871602,76.28763828514485,77.70255958827317,85.06193854094845,2.948400958238813,-0.060952889608947215,4726.666666666667
fibra1,RUMORE_AMBIENTALE,campione_1785916592227.wav,1.5,-42.24635559401826,-27.49255489120972,14.75380070280854,0.0,5996.769709805291,3888.99567606973,0.2655547021681656,10978.666666666666,11877.333333333332,116.66666666666666,10.270820800568975,14.503389024452556,75.22579017497847,76.5115984170624,78.01024185953791,85.159214480277,2.886857461152097,0.09358063595505121,4701.333333333333
fibra1,RUMORE_AMBIENTALE,campione_1785916593748.wav,1.5,-42.23908427431064,-26.655000445592858,15.584083828717784,0.0,5996.486226791407,3850.6671031007563,0.27066716291702037,10892.0,11879.333333333332,113.33333333333333,10.105726188023441,13.763583038098767,76.13069077387779,76.37846930972373,77.72010911386143,85.14839174398695,3.02783734195243,-0.022011899710113123,4723.333333333333
fibra1,RUMORE_AMBIENTALE,campione_1785916595267.wav,1.5,-42.24158350451055,-26.649299172364703,15.592284332145848,0.0,5996.472065376848,3868.3631852347003,0.267313476873607,11054.666666666666,11883.333333333332,114.66666666666666,10.490606833718052,14.07027281451972,75.43912035176224,76.54691031154742,77.82192938518534,85.11487036004641,3.113909332097564,0.019631550939242168,4699.333333333333
fibra1,RUMORE_AMBIENTALE,campione_1785916596804.wav,1.5,-42.56319245475208,-27.004111982143215,15.559080472608862,0.0,5996.374742176001,3854.695150977357,0.27732854831057185,10824.666666666666,11835.333333333332,111.33333333333333,8.467603878221217,15.138535467284173,76.39386065449462,75.28461007789423,77.80784337300139,84.83758932805353,2.9178349677931017,-0.04352457883779494,4873.333333333333
fibra1,RUMORE_AMBIENTALE,campione_1785916598313.wav,1.5,-42.53337862188049,-26.758268511481347,15.77511011039914,0.0,5996.785547226232,3855.3596793624342,0.26948409645372695,10898.666666666666,11856.666666666666,109.33333333333333,9.144448021591614,14.600230246972384,76.25532173143598,75.7635602387796,77.79558232918943,84.97468685979021,2.980829288438824,0.01767535709145741,4808.666666666667
fibra1,RUMORE_AMBIENTALE,campione_1785916599831.wav,1.5,-42.61380702772649,-27.275473881534626,15.33833314619186,0.0,5996.3913870211345,3845.1468195676266,0.27258238450816064,10872.666666666666,11835.333333333332,116.66666666666666,8.823522535256805,14.510792094857674,76.66568536988552,75.39597212302282,77.5564633283258,84.78556235587052,3.1317294202088783,-0.061174004695567,4869.333333333333
fibra1,RUMORE_AMBIENTALE,campione_1785916601220.wav,1.5,-42.39546766001875,-26.58683091751056,15.808636742508192,0.0,5996.758126046719,3862.3982170614386,0.269595920872302,10996.0,11884.666666666666,1.3333333333333333,10.330580135150202,13.789691406574958,75.87972845827483,76.34984752066086,77.6041458855424,85.00985809215997,3.154195603075925,0.10316818614495134,4804.666666666667
fibra1,RUMORE_AMBIENTALE,campione_1785916602720.wav,1.5,-42.45447083535537,-26.8569398837208,15.597530951634575,0.0,5996.701825822926,3872.5121992448435,0.26885403809942926,10957.333333333332,11884.0,114.66666666666666,9.38322032383156,15.223059834273398,75.39371984189503,75.85941034799829,77.96091075228688,84.9092429229596,3.102922885892462,0.05004753768975283,4750.666666666667
fibra1,RUMORE_AMBIENTALE,campione_1785916604239.wav,1.5,-42.39040659479984,-26.74673346403694,15.643673130762902,0.0,5996.450894191477,3855.016563903922,0.2653906660380176,10905.333333333332,11880.666666666666,118.66666666666666,9.375718767793483,14.820415746866951,75.80386548533956,75.89560426265143,77.88416241183924,84.97247206690272,2.982463762855857,-0.02997084532339391,4844.0
fibra1,RUMORE_AMBIENTALE,campione_1785916605762.wav,1.5,-42.42142956977406,-27.805881894226015,14.615547675548047,0.0,5996.709782575199,3877.4590455987113,0.2613859299300729,11070.666666666666,11886.666666666666,110.66666666666666,10.824560058152636,14.16139644415785,75.01404349768951,76.57690621617711,77.74386448136714,84.98422943194171,2.9672691048653386,0.08176553181033647,4721.333333333333
fibra1,RUMORE_AMBIENTALE,campione_1785916607286.wav,1.5,-42.442913077581046,-25.41356330729687,17.029349770284178,0.0,5996.4863280534455,3851.478698565639,0.26618069021222573,10903.333333333332,11880.666666666666,116.66666666666666,9.844753252845956,13.85675879953304,76.298487947621,76.05076946456926,77.53533768323956,84.94388042295336,3.125055887206025,-0.06457552972632018,4753.333333333333
fibra1,RUMORE_AMBIENTALE,campione_1785916608812.wav,1.5,-42.55783637061322,-27.473733888325622,15.084102482287594,0.0,5996.436288933704,3864.8122735999273,0.2701191025123195,10954.0,11880.0,109.33333333333333,9.734371888494113,14.84472468353512,75.42090342797077,76.0937614822941,77.92640361772376,84.985599446621,3.0394675744259514,0.023218981165680906,4838.0
fibra1,RUMORE_AMBIENTALE,campione_1785916610331.wav,1.5,-42.36368984800097,-27.01005105207953,15.353638795921444,0.0,5996.647778883778,3876.9609309401817,0.26837910634279594,10957.333333333332,11878.0,110.66666666666666,9.949348630247632,14.200612478903318,75.85003889084906,76.00188211572048,77.54700638646203,84.82349370339888,2.9029590913253607,-0.009346786672572415,4660.0
fibra1,RUMORE_AMBIENTALE,campione_1785916611854.wav,1.5,-42.36879156204956,-27.28160149338472,15.087190068664839,0.0,5996.483080412465,3858.9469028849967,0.258486080495644,11095.333333333332,11884.666666666666,111.33333333333333,11.752848535942041,13.186634287010646,75.06051717704733,76.96791390575211,77.4678221312903,85.02059803762941,3.0122608273669336,0.02590458380362168,4684.666666666667
fibra1,RUMORE_AMBIENTALE,campione_1785916613215.wav,1.5,-42.259586698355214,-26.74097167977971,15.518615018575503,0.0,5996.504514861155,3865.914391677934,0.24924405646290312,11232.0,11886.666666666666,114.0,12.856647049561474,12.949568156808763,74.19378479362976,77.40195774111923,77.4332333839928,85.01435578621059,2.984059374467054,0.04910156577663006,4636.666666666667
fibra1,RUMORE_AMBIENTALE,campione_1785916614741.wav,1.5,-42.532866632309656,-27.36165634059838,15.171210291711276,0.0,5996.3857241543565,3842.1713129560585,0.27277036526768533,10845.333333333332,11845.333333333332,114.0,8.849997240764417,14.195506370372984,76.9544963888626,75.45463516676543,77.50671270314291,84.84754381765718,2.9380321766815705,-0.06005097976794051,4830.0
fibra1,RUMORE_AMBIENTALE,campione_1785916616283.wav,1.5,-42.39034186406278,-27.74101311306797,14.649328750994812,0.0,5996.441675605485,3865.0117536609423,0.25697267417008923,11090.666666666666,11886.0,113.33333333333333,11.352314557361908,13.735236601894506,74.9124488407436,76.82997668883894,77.65749397488936,85.02467246667985,3.018365800332008,0.012587694646349857,4752.0
fibra1,RUMORE_AMBIENTALE,campione_1785916617785.wav,1.5,-42.30717352379135,-27.039807468448483,15.267366055342865,0.0,5996.526136355712,3859.351350987168,0.26167756612919657,11095.333333333332,11888.0,111.33333333333333,11.570245328168072,13.392250997361131,75.0375036744708,76.96561120256371,77.60072132967255,85.0849693033199,2.9244046253072806,-0.024825522320162902,4612.666666666667
fibra1,RUMORE_AMBIENTALE,campione_1785916619308.wav,1.5,-42.28948827172292,-27.97684360183059,14.312644669892325,0.0,5996.3927281902215,3866.309336657116,0.26087206866472595,11062.666666666666,11881.333333333332,121.33333333333333,11.085932061000907,13.529885470431143,75.38418246856796,76.67628199014891,77.54150106619197,85.00136215607368,2.8429923311995227,0.016779703099959575,4592.0
fibra1,RUMORE_AMBIENTALE,campione_1785916620840.wav,1.5,-42.2808808197048,-27.051738637141245,15.229142182563553,0.0,5996.372923889186,3877.4048461493144,0.2579701660690654,11128.0,11883.333333333332,116.66666666666666,11.941818609114378,13.629717308940016,74.4284640819456,77.04979609864716,77.62395988026722,84.99648196619687,2.947577919906302,-0.01373294965900304,4585.333333333333
fibra1,RUMORE_AMBIENTALE,campione_1785916622370.wav,1.5,-41.745479797670455,-24.49940228677187,17.246077510898587,0.0,5997.118584057727,3987.5802477807283,0.1937262804544122,11828.666666666666,11890.666666666666,109.33333333333333,21.715080568712004,9.903977036287003,68.38094239500099,81.02905286857319,77.6195346651489,86.01078923558845,3.8122976599293414,-0.09345118156332102,4436.0
fibra1,RUMORE_AMBIENTALE,campione_1785916623877.wav,1.5,-41.387829381481545,-25.256791728752862,16.131037652728683,0.0,5996.621833414599,3940.5264518214594,0.22144192004173585,11817.333333333332,11890.666666666666,116.0,17.785102191138336,11.342538705448222,70.87235910341343,79.52444749262241,77.57098654261004,85.52865273538,3.387226007484455,-0.0018620757624380876,4262.666666666667
fibra1,RUMORE_AMBIENTALE,campione_1785916625259.wav,1.5,-41.405330252338274,-26.4020773507086,15.003252901629676,0.0,5997.159878012945,3925.4735718868683,0.19720063757322615,11876.666666666666,11890.0,108.66666666666666,20.064666938017282,10.653196424961104,69.28213663702162,80.43259831847551,77.68307811428387,85.81449149464342,2.93880715312742,-0.039860573617263036,4188.666666666667
fibra1,RUMORE_AMBIENTALE,campione_1785916626768.wav,1.5,-42.17721033254488,-26.660705463499845,15.516504869045036,0.0,5996.6673165809625,3899.9153493336953,0.24442020167349288,11348.0,11886.0,122.0,13.658891894981787,13.308393426635755,73.03271467838246,77.71264597537376,77.5997476090184,84.99366573753078,3.0191781330124385,0.003339553005903583,4507.333333333333
fibra1,RUMORE_AMBIENTALE,campione_1785916628287.wav,1.5,-41.45214239304806,-27.275473881534626,14.17666851151343,0.0,5996.651797909778,3912.784859871825,0.23793565194149316,11447.333333333332,11888.0,110.66666666666666,14.67110825223314,12.58400816024704,72.74488358751982,78.23242641782203,77.56598711430468,85.18582173412,2.917615046388967,-0.027923571068634336,4141.333333333333
fibra1,RUMORE_AMBIENTALE,campione_1785916629807.wav,1.5,-39.80983167522554,-24.284056784231637,15.525774890993901,0.0,5997.258905948532,4031.8947017475084,0.1579585528698953,11888.666666666666,11894.0,111.33333333333333,27.496170520485634,7.903336447027078,64.60049303248728,82.72952443660978,77.31490701557546,86.43916063752562,3.4216901870062255,0.08869227788245523,3422.0
fibra1,RUMORE_AMBIENTALE,campione_1785916631330.wav,1.5,-40.645582734203536,-26.124061548327482,14.521521185876054,0.0,5996.957747916744,3969.208355605373,0.18226277278909844,11880.0,11889.333333333332,110.66666666666666,23.57253011689726,9.472699202382927,66.95477068071982,81.59968332373224,77.64035879964472,86.13343660024069,2.84542529193771,-0.06102144297697975,3701.3333333333335
fibra1,RUMORE_AMBIENTALE,campione_1785916632853.wav,1.5,-41.333045719962854,-26.01741945413018,15.315626265832673,0.0,5997.190818241654,3982.1772097191474,0.18778477139245453,11886.0,11894.0,108.66666666666666,22.734587061752638,9.638835036177722,67.62657790206964,81.29370405726361,77.56707882996973,86.02800746834774,3.0191457781600333,0.0685636078214094,4054.0
fibra1,RUMORE_AMBIENTALE,campione_1785916634397.wav,1.5,-40.70595391732265,-25.064724434051353,15.6412294832713,0.0,5997.031549167147,3966.285805616105,0.15992872065150163,11887.333333333332,11890.666666666666,110.0,26.248151145626938,8.46479018605497,65.28705866831811,82.5028809340451,77.58805573071714,86.46016478289584,3.2125797292655607,-0.039982466354943506,3776.6666666666665
fibra1,RUMORE_AMBIENTALE,campione_1785916635899.wav,1.5,-41.35463266409009,-26.440940455614665,14.913692208475425,0.0,5996.82946989096,3948.3936188508906,0.20379669152758492,11878.666666666666,11890.666666666666,110.0,19.945403631984643,10.757501302812429,69.29709506520294,80.2239179967763,77.54260377544819,85.6326399955909,2.929381946487676,0.04239766366964886,4050.0
fibra1,RUMORE_AMBIENTALE,campione_1785916637282.wav,1.5,-40.9107573173518,-24.729356212164703,16.1814011051871,0.0,5996.936317387091,3945.5191652546796,0.19039919865437535,11885.333333333332,11892.0,109.33333333333333,22.141114340645498,9.790481005794131,68.06840465356038,81.06245265112094,77.51849819593852,85.9399136239282,2.990060472475423,0.015623613899629022,3820.0
fibra1,RUMORE_AMBIENTALE,campione_1785916638783.wav,1.5,-41.93401576646856,-26.53042883975772,15.40358692671084,0.0,5996.914409871429,3926.556838043851,0.23119011712166687,11534.0,11889.333333333332,110.0,15.309983018810344,12.920574773695044,71.76944220749462,78.51539551703863,77.7784667645009,85.22504413612815,3.0540890879979328,0.03702910443841361,4350.666666666667
fibra1,RUMORE_AMBIENTALE,campione_1785916640307.wav,1.5,-41.746440042283226,-25.89115354365591,15.855286498627315,0.0,5996.691654483639,3886.5787977523996,0.22852642314480057,11518.666666666666,11889.333333333332,114.0,15.259754386225474,12.465868721925847,72.27437689184866,78.52211836606128,77.64386842153668,85.2764864925051,2.9763536034319333,0.0054512089246886875,4234.666666666667
fibra1,RUMORE_AMBIENTALE,campione_1785916641837.wav,1.5,-41.19447784927959,-26.4020773507086,14.792400498570995,0.0,5997.1262176422,3914.1916087297072,0.20161430458677312,11884.0,11890.0,111.33333333333333,20.00965266505583,10.372153431979966,69.61819390296421,80.28287270209458,77.42916652677421,85.69770472393031,2.7809644866646703,-0.01903730106069189,3906.6666666666665
fibra1,RUMORE_AMBIENTALE,campione_1785916643355.wav,1.5,-42.41885262450963,-27.38643778233015,15.032414842179481,0.0,5996.510858174183,3844.3082287926295,0.26854140502761764,10941.333333333332,11880.666666666666,110.66666666666666,9.905547888272103,13.778614432489546,76.31583767923837,75.96496348405383,77.39823393922228,84.83232522102276,2.9771046625391877,0.00032501641868389085,4607.333333333333
fibra1,RUMORE_AMBIENTALE,campione_1785916644887.wav,1.5,-42.175326210895186,-26.507970160266385,15.6673560506288,0.0,5996.827225787704,3877.8917176134646,0.2532797620174237,11168.666666666666,11881.333333333332,114.0,11.925847897972158,13.678296413627965,74.39585568839988,77.14682373739913,77.74225118495495,85.09741850995611,3.0374601360243743,0.04484291082543838,4551.333333333333
fibra1,RUMORE_AMBIENTALE,campione_1785916646407.wav,1.5,-41.98755183867951,-25.89115354365591,16.096398295023597,0.0,5996.473382075575,3875.1345247594422,0.25400568426442377,11166.666666666666,11886.0,112.0,11.94564432625896,13.550082613833805,74.50427305990723,76.96956663946207,77.51689027255858,84.91928265825833,3.1043695856403657,0.004829787006239526,4454.0
fibra1,RUMORE_AMBIENTALE,campione_1785916647922.wav,1.5,-42.25260166675905,-26.429818956712587,15.82278271004646,0.0,5996.68393046133,3915.2121391439887,0.23867315755182955,11414.0,11888.0,112.0,14.312185241034744,13.071957327513317,72.61585743145194,77.99196134903443,77.59830807748996,85.04521656059032,3.058746299172471,-0.017591233051359137,4527.333333333333
fibra1,RUMORE_AMBIENTALE,campione_1785916649299.wav,1.5,-42.45242082325761,-27.093627265411556,15.358793557846056,0.0,5996.2948628068625,3873.065420107843,0.2606055178143016,11004.0,11882.666666666666,111.33333333333333,11.037234140164616,13.309207852406788,75.65355800742861,76.44174004465701,77.25465956413814,84.80143106667674,3.1031278578729413,0.03841888503019752,4568.0
fibra1,RUMORE_AMBIENTALE,campione_1785916650806.wav,1.5,-42.53026448607714,-26.569871804828097,15.96039268124904,0.0,5996.30038167255,3869.6410603415598,0.2662390966494478,10993.333333333332,11882.0,109.33333333333333,10.333228472468152,14.132338246785432,75.5344332807464,76.14230983127487,77.502089745758,84.78139926316157,2.957743182964788,-0.028313910932322304,4713.333333333333
fibra1,RUMORE_AMBIENTALE,campione_1785916652337.wav,1.5,-42.61136424598399,-27.486276691129845,15.125087554854147,0.0,5996.379866516763,3851.332727382168,0.2596499026270881,11050.666666666666,11882.666666666666,117.33333333333333,10.527276920115577,13.679651353114204,75.79307172677022,76.31488836346736,77.4524781800559,84.88802297565344,3.0252141733016495,0.04753197642888769,4808.0
fibra1,RUMORE_AMBIENTALE,campione_1785916653864.wav,1.5,-42.526932816910026,-26.61516989681674,15.911762920093285,0.0,5996.727940887986,3884.80648361802,0.2522101998703967,11158.666666666666,11882.666666666666,118.0,11.840252329843194,13.956632557898345,74.20311511225846,76.83138348650152,77.54558035629073,84.80199528560647,2.974887409496959,-0.04358183745146114,4740.0
fibra1,RUMORE_AMBIENTALE,campione_1785916655387.wav,1.5,-42.4299467277157,-26.74673346403694,15.683213263678763,0.0,5996.41453745754,3846.498942001209,0.26444168090964726,10998.0,11883.333333333332,116.66666666666666,10.353104912569867,13.598515009899895,76.04838007753024,76.26371658863678,77.44792528904858,84.92391011422893,2.993567959265241,0.03177793715779419,4634.0
fibra1,RUMORE_AMBIENTALE,campione_1785916656935.wav,1.5,-42.09343396826558,-27.44870248935042,14.644731478915158,0.0,5996.623129011297,3917.4003205946256,0.2271850386522248,11693.333333333332,11892.666666666666,109.33333333333333,16.51433510625168,11.826032042716218,71.65963285103211,78.93596192195118,77.48574150600119,85.31009677934443,2.984721171171386,-0.012858341556359244,4459.333333333333
fibra1,RUMORE_AMBIENTALE,campione_1785916658421.wav,1.5,-41.836201610623355,-26.76981889808878,15.066382712534576,0.0,5996.50313660386,3909.31866109449,0.23698273364871322,11476.666666666666,11900.0,110.0,14.906963215414955,12.345679624625193,72.74735715995985,78.33264146096282,77.51389968959595,85.2169218675209,3.1006353484580096,-0.019613936613448447,4373.333333333333
fibra1,RUMORE_AMBIENTALE,campione_1785916659944.wav,1.5,-41.485546690543835,-26.874469434466953,14.611077256076882,0.0,5996.8857820412,3906.045639413792,0.2263960984066586,11587.333333333332,11895.333333333332,116.0,15.778725468937875,11.955808647175735,72.26546588388638,78.76979107310086,77.56486142816729,85.37837994131468,3.0048047816776924,0.06967386242903298,4132.0
fibra1,RUMORE_AMBIENTALE,campione_1785916661334.wav,1.5,-41.69300537090079,-24.993780210493327,16.699225160407465,0.0,5996.679113241013,3895.1476339129467,0.22711979282105016,11615.333333333332,11889.333333333332,113.33333333333333,16.062107838974075,11.696450485699387,72.24144167532654,78.84949307085792,77.47200856379942,85.37933174030442,2.904755427494843,-0.04226687104628076,4228.666666666667
fibra1,RUMORE_AMBIENTALE,campione_1785916662828.wav,1.5,-42.16457218793465,-26.980396228314234,15.184175959620418,0.0,5996.75128703225,3871.2491435251377,0.25039072422730907,11128.666666666666,11888.666666666666,110.66666666666666,12.092802569807425,13.215518519367258,74.69167891082535,77.15174578744778,77.53731823842439,85.05919837786178,3.041841525281349,-0.04692606494196294,4557.333333333333
fibra1,RUMORE_AMBIENTALE,campione_1785916664352.wav,1.5,-42.51253626036258,-27.141748659637123,15.370787600725457,0.0,5996.4005351574015,3876.8373520200794,0.2486314401435251,11198.666666666666,11902.0,49.33333333333333,12.310879763973237,13.436338201379357,74.25278203464741,77.07145694534432,77.45137531586889,84.87569334843415,3.011185348643698,-0.06413409543640586,4665.333333333333
fibra1,RUMORE_AMBIENTALE,campione_1785916665881.wav,1.5,-42.61007213756877,-27.33694540092815,15.27312673664062,0.0,5996.61788712726,3894.847558043323,0.263550420462802,11050.0,11890.0,36.0,10.77750232845713,14.114762145618796,75.10773552592407,76.19944329395936,77.37099768089115,84.63110872380179,3.047044033243524,0.018333106136456674,4689.333333333333
fibra1,RUMORE_AMBIENTALE,campione_1785916667413.wav,1.5,-42.45267084547437,-23.26148867274272,19.191182172731654,0.0,5996.3383715636555,3853.962090955552,0.25660217258621415,11001.333333333332,11886.666666666666,50.666666666666664,11.00577764412073,13.207342651773862,75.78687970410542,76.4339357227858,77.22588283347702,84.81366864679262,3.1110228245220792,0.03341235406819808,4620.0
fibra1,RUMORE_AMBIENTALE,campione_1785916668929.wav,1.5,-42.52774934780657,-26.637907840303868,15.889841507502702,0.0,5996.327471553497,3874.390662002016,0.2606649952599968,11056.0,11884.0,117.33333333333333,10.632767687965963,13.742456757202012,75.62477555483203,76.30307389309577,77.4172544315807,84.82325162822983,3.1631790219599623,-0.016910799284010236,4742.666666666667
fibra1,RUMORE_AMBIENTALE,campione_1785916670449.wav,1.5,-42.50782522270187,-26.810366638372013,15.697458584329855,0.0,5996.752114912886,3882.871227655732,0.26247412177229307,11086.0,11878.666666666666,121.33333333333333,10.794858372473325,14.338405938683067,74.8667356888436,76.49733405565448,77.73017328419081,84.90805354357322,3.0594007712450857,0.01700278646446656,4698.0
fibra1,RUMORE_AMBIENTALE,campione_1785916671969.wav,1.5,-42.6723873209864,-27.612711084120033,15.05967623686637,0.0,5996.59543387012,3828.555231473611,0.27467891783681514,10860.666666666666,11861.333333333332,120.66666666666666,8.961864187476085,14.189402271796622,76.84873354072731,75.34753523919302,77.34319267004847,84.67991880571932,3.1243645415794594,0.03509578158652186,4820.0
fibra1,RUMORE_AMBIENTALE,campione_1785916673328.wav,1.5,-42.637240057893536,-25.79247870074173,16.844761357151807,0.0,5996.387746429207,3857.9793566472354,0.2618757054641585,10946.0,11886.666666666666,112.66666666666666,10.475770343872822,13.43393668936683,76.09029296676034,76.14217892800214,77.22235221058133,84.7536118005377,3.1321727919214544,-0.026347903817352848,4828.0
fibra1,RUMORE_AMBIENTALE,campione_1785916674874.wav,1.5,-42.87131718173641,-27.39264420591304,15.478672975823368,0.0,5996.580964686618,3848.5901044303932,0.277578399769422,10750.0,11757.333333333332,116.66666666666666,7.909168286805754,14.974745362867088,77.11608635032715,74.75795787611159,77.53024417490025,84.64809952261979,3.002028654222033,0.07780402861454394,4872.0
fibra1,RUMORE_AMBIENTALE,campione_1785916676375.wav,1.5,-42.345636165417424,-26.816174655604637,15.529461509812787,0.0,5996.506884011697,3946.73233145684,0.23833224636337613,11505.333333333332,11980.0,17.333333333333332,15.117987259743144,12.975437549926344,71.90657519033051,78.31441991182551,77.65070027951944,85.08716620573111,3.1147428224772113,-0.10799050173379614,4499.333333333333
fibra1,RUMORE_AMBIENTALE,campione_1785916677898.wav,1.5,-41.99509487210754,-27.051738637141245,14.943356234966299,0.0,5996.844390362816,3903.8248155275087,0.24526520230611704,11308.0,11894.0,106.0,13.292068521538068,12.97593725513528,73.73199422332665,77.65998766108966,77.55544931528809,85.10062175068178,3.030153899310986,-0.017064283453749187,4430.666666666667
fibra1,RUMORE_AMBIENTALE,campione_1785916679424.wav,1.5,-42.21660090967038,-27.58727654345742,14.629324366212963,0.0,5996.460635263732,3933.8469335152618,0.22819907954951207,11440.0,11892.0,98.0,14.66887286491055,13.024639069044037,72.30648806604542,78.12140547459528,77.60509500128595,85.04921071213599,2.9366901073459495,0.01032916051114945,4377.333333333333
fibra1,RUMORE_AMBIENTALE,campione_1785916680962.wav,1.5,-42.63420514564646,-26.62084880480065,16.01335634084581,0.0,5996.306590369244,3870.038030776433,0.2692925815917691,11023.333333333332,11883.333333333332,116.0,10.738927390379635,13.347446450516806,75.91362615910356,76.29212801570235,77.236500827573,84.7857163242322,2.964279963769007,0.0030176456112705977,4806.666666666667
fibra1,RUMORE_AMBIENTALE,campione_1785916682467.wav,1.5,-42.82975371540605,-28.19879478056411,14.630958934841939,0.0,5996.248570364629,3875.572786158928,0.27457750957365495,10894.0,11834.0,111.33333333333333,9.039050969600295,15.396192555134373,75.56475647526533,75.34448756405321,77.65739255131348,84.56645208169404,2.9201430840473597,0.028188579040243588,4822.666666666667
fibra1,RUMORE_AMBIENTALE,campione_1785916683989.wav,1.5,-42.4753130736524,-27.33694540092815,15.13836767272425,0.0,5996.407801496721,3873.649162910381,0.25072623489288687,11143.333333333332,11885.333333333332,114.66666666666666,11.748480584194915,14.055738150015259,74.19578126578983,76.86298046069534,77.64170000490448,84.8669555479269,3.0218973630278976,0.0019346562715096632,4696.666666666667
fibra1,RUMORE_AMBIENTALE,campione_1785916685358.wav,1.5,-42.25995745207563,-26.672126753049415,15.587830699026217,0.0,5996.4678561257315,3881.7029030639396,0.24493048413061008,11364.0,11888.0,114.0,13.919373821582386,12.738209703429744,73.34241647498789,77.75024332557588,77.36513028264585,84.96759848991002,3.031727082560421,0.009997641230549475,4520.666666666667
fibra1,RUMORE_AMBIENTALE,campione_1785916686886.wav,1.5,-42.667487164784276,-24.633930884458902,18.033556280325374,0.0,5996.377465635101,3870.242270727398,0.26531795199705743,10998.666666666666,11883.333333333332,111.33333333333333,10.039707027213339,14.288314497413722,75.67197847537294,75.85100458778433,77.38360419933137,84.62314508034976,3.204472209952381,0.0064350676867642245,4706.0
fibra1,RUMORE_AMBIENTALE,campione_1785916688403.wav,1.5,-42.55998454583833,-27.26323161109715,15.296752934741182,0.0,5996.334023805183,3883.4230467773714,0.26398305249387194,11051.333333333332,11887.333333333332,110.66666666666666,10.86972838817253,13.744081736171413,75.38618987565604,76.43298248370334,77.45195285509031,84.84371350272555,3.0278961574778034,0.03025623134339174,4719.333333333333
fibra1,RUMORE_AMBIENTALE,campione_1785916689949.wav,1.5,-42.73038147128467,-27.70875949477093,15.021621976513742,0.0,5996.262807028919,3868.7060380265348,0.26923055717720795,10934.0,11882.666666666666,116.0,9.581258195488418,14.667751598939333,75.75099020557225,75.60173097876445,77.45114100691056,84.58138868440554,3.176714117434315,-0.05131370469235927,4733.333333333333
fibra1,RUMORE_AMBIENTALE,campione_1785916691443.wav,1.5,-42.785203564973656,-28.010110166508877,14.77509339846478,0.0,5996.644022282608,3845.184900515123,0.2839217755903611,10830.0,11837.333333333332,109.33333333333333,8.941878220910498,14.408556968481635,76.64956481060786,75.23686236916967,77.30877973945552,84.56767179409611,3.001447311521825,-0.01581167728751411,4748.666666666667
fibra1,RUMORE_AMBIENTALE,campione_1785916692968.wav,1.5,-42.746285435545495,-28.28781137550176,14.458474060043734,0.0,5996.585931262711,3880.587897567697,0.2642639214983252,11046.666666666666,11883.333333333332,116.66666666666666,10.802729934579876,13.954240458613194,75.24302960680694,76.1133048747773,77.22503170942818,84.54263242286709,3.0262474883658568,0.01080239049592161,4690.666666666667
fibra1,RUMORE_AMBIENTALE,campione_1785916694506.wav,1.5,-42.98094741147561,-27.838498866179275,15.142448545296336,0.0,5996.316465634732,3844.8393948923044,0.2713822865129497,10818.666666666666,11824.666666666666,120.66666666666666,8.884439681687667,14.40098102857223,76.7145792897401,75.11229029572121,77.20991064641976,84.47476894051049,2.8989976087263765,-0.00014275000517880804,4972.666666666667
fibra1,RUMORE_AMBIENTALE,campione_1785916696013.wav,1.5,-42.88998708880288,-27.380235790324527,15.509751298478356,0.0,5996.35004110493,3825.7605247424854,0.2767570869866354,10774.0,11809.333333333332,114.66666666666666,8.06925064853208,14.639784287292397,77.29096506417552,74.76239774092437,77.34941245856373,84.5753529826642,2.9930763814842605,-0.04221832640700676,4884.666666666667
fibra1,RUMORE_AMBIENTALE,campione_1785916697384.wav,1.5,-42.815303548786126,-27.683042556880313,15.132260991905813,0.0,5996.289346590904,3866.3212610449773,0.2636700416457818,10944.0,11884.0,114.0,9.749128899106633,14.310226557176767,75.9406445437166,75.80351540169379,77.47032237165817,84.71860006551607,2.9205696567811303,-0.010413527659933143,4770.666666666667
fibra1,RUMORE_AMBIENTALE,campione_1785916698900.wav,1.5,-43.00747263144913,-27.511416764923812,15.496055866525321,0.0,5996.582260977392,3828.39869799536,0.2736782083854273,10756.0,11765.333333333332,116.0,7.9057104325119605,14.540686494851645,77.55360307263639,74.63569321186907,77.2821332898602,84.55230397629565,2.983722255576117,0.014911832733210307,4941.333333333333
fibra1,RUMORE_AMBIENTALE,campione_1785916700422.wav,1.5,-42.95033090132931,-27.69589150808074,15.254439393248568,0.0,5996.2110726606115,3831.9611353943396,0.27913047224141524,10756.0,11754.666666666666,113.33333333333333,7.681548163363695,15.013163523939994,77.3052883126963,74.45424799858462,77.36448256906917,84.4818524615212,3.107247294965185,-0.012417973959367102,4914.666666666667
fibra1,RUMORE_AMBIENTALE,campione_1785916701942.wav,1.5,-42.91357629206725,-27.877801600312647,15.0357746917546,0.0,5996.197781776475,3845.493173875572,0.2823273282299399,10786.0,11814.0,109.33333333333333,8.030948619363494,15.305270444335562,76.66378093630094,74.65954700275475,77.46028860892369,84.45778087064639,2.9984271170010945,-0.015300218283743854,4809.333333333333
fibra1,RUMORE_AMBIENTALE,campione_1785916703487.wav,1.5,-42.82884281668317,-28.226087464180893,14.602755352502278,0.0,5996.628561228089,3851.3073511009775,0.26336914602036104,10938.666666666666,11886.0,110.66666666666666,9.753762833357223,14.213643820241057,76.03259334640171,75.7576152011649,77.3929475703207,84.67589132584641,2.8772013703789643,0.03174604397729421,4828.0
fibra1,RUMORE_AMBIENTALE,campione_1785916704994.wav,1.5,-42.861437155488275,-27.25100657116524,15.610430584323034,0.0,5996.354935615418,3829.427709194971,0.2760426410592586,10808.0,11820.0,0.0,8.16165454281125,14.518681909241195,77.31966354794756,74.91516719502206,77.41665701360164,84.68028466549839,3.047955571484507,-0.1280629086139846,4923.333333333333
fibra1,RUMORE_AMBIENTALE,campione_1785916706511.wav,1.5,-42.927417972460105,-27.374038223572125,15.55337974888798,0.0,5996.539700759493,3835.2395988069875,0.2727669346766439,10800.0,11797.333333333332,6.0,7.605983968681559,15.340904614051738,77.0531114172667,74.5763711649566,77.62332680399163,84.63271891083104,3.0053498279357695,0.07405736799197965,4899.333333333333
fibra1,RUMORE_AMBIENTALE,campione_1785916708066.wav,1.5,-43.036135071998785,-27.36165634059838,15.674478731400406,0.0,5996.657738986916,3843.0294752986288,0.2793749474781953,10772.0,11772.666666666666,110.66666666666666,7.713149000097407,14.996700247262572,77.29015075264002,74.51626711460962,77.40390701376964,84.52519144838222,2.9321570837199857,0.05805794327654931,4900.0
fibra1,RUMORE_AMBIENTALE,campione_1785916793722.wav,1.5,-43.2023554739067,-28.253466176885258,14.948889297021442,0.0,5996.076801331391,3822.976681146792,0.28534750468167935,10716.666666666666,11699.333333333332,115.33333333333333,6.966613623049828,15.16788312460934,77.86550325234083,73.72533824637476,77.10437073512239,84.20857194771693,3.029999585733205,-0.002481245185348761,4932.0
fibra1,RUMORE_AMBIENTALE,campione_1785916795255.wav,1.5,-43.054635909691626,-28.754374868170576,14.30026104152105,0.0,5996.176608623033,3867.095991246786,0.2736241242979716,10900.666666666666,11836.666666666666,114.66666666666666,9.190955553174947,14.532407652831562,76.27663679399348,75.26398290526411,77.25375196519161,84.45429160425323,2.800527505799563,-0.01606423764930163,4816.0
fibra1,RUMORE_AMBIENTALE,campione_1785916796790.wav,1.5,-43.262909721327304,-28.667659777880154,14.59524994344715,0.0,5996.370428543699,3807.338002139441,0.2816717365423483,10757.333333333332,11800.0,112.66666666666666,7.91849124271286,14.012491534873135,78.069017222414,74.28858934134179,76.7673185661624,84.22695205626985,2.8870133091535237,0.005061431874419592,4933.333333333333
fibra1,RUMORE_AMBIENTALE,campione_1785916798304.wav,1.5,-43.29751035689708,-28.461604476523643,14.835905880373435,0.0,5996.05332394502,3837.0926367888246,0.28310777892526806,10762.666666666666,11709.333333333332,4.666666666666666,7.100525378872777,15.934355487414376,76.96511913371285,73.80963499314693,77.3200751711315,84.15966961237872,2.794760673368134,-0.004266700104243217,4957.333333333333
fibra1,RUMORE_AMBIENTALE,campione_1785916799821.wav,1.5,-43.18690175377426,-27.56824939580438,15.618652357969879,0.0,5996.612026922016,3825.682164778175,0.2835339056275162,10743.333333333332,11704.666666666666,112.0,7.156653982484076,14.960755793740745,77.8825902237752,74.02848068158315,77.23091582121717,84.39578435047804,2.911562009122104,0.0024852592559138427,5004.0
fibra1,RUMORE_AMBIENTALE,campione_1785916801338.wav,1.5,-43.17344927705663,-28.39166940138034,14.781779875676293,0.0,5996.213569720714,3831.8486373968103,0.27554286392722627,10740.666666666666,11760.0,118.66666666666666,7.461335943049332,14.70512711838327,77.8335369385674,74.19250226481432,77.13902415267562,84.37600398409793,2.9393828864808045,-0.0871816191626315,4958.0
fibra1,RUMORE_AMBIENTALE,campione_1785916802862.wav,1.5,-43.11127088135586,-27.318458222392856,15.792812658963001,0.0,5996.233483934813,3887.0067416655197,0.2699459940474192,11068.0,11931.333333333332,4.666666666666666,10.862407598205523,13.853338692857175,75.2842537089373,76.00409972251887,77.06038329318027,84.41188026742358,3.4369585550933186,-0.15476876179204052,4823.333333333333
fibra1,RUMORE_AMBIENTALE,campione_1785916804232.wav,1.5,-43.35923827541155,-27.858128003174304,15.501110272237245,0.0,5996.459733137385,3824.953953582399,0.28501746805756784,10742.666666666666,11685.333333333332,116.66666666666666,7.206515633509029,14.910444975635999,77.88303939085498,73.88018931348584,77.03784202629845,84.21736489789346,2.924511015905124,0.06232779127600101,5009.333333333333
fibra1,SWEEP,campione_1785917091240.wav,14.0,-40.43804950972871,-21.236517127217827,19.20153238251088,0.0,5996.619889112082,3923.9918029147193,0.19881068363173252,11886.214285714284,11897.142857142857,104.71428571428571,20.41048904119344,10.62313967300323,68.96637128580332,89.33846353847058,86.50245834803144,94.6263031906555,5.986595886907681,-0.011908740934054172,3714.5714285714284
fibra1,SWEEP,campione_1785917106829.wav,14.0,-42.59109904467297,-24.692879982227662,17.89821906244531,0.0,5996.423450559671,4054.0424860704557,0.214304616707375,11667.0,11881.214285714284,118.35714285714285,20.088130964267233,11.129569745553635,68.78229929017913,89.25024696542997,86.68563540861521,94.59561855001176,3.4235723589590856,0.02378336632076792,4371.428571428572
fibra1,SWEEP,campione_1785917124266.wav,14.0,-42.7609891341331,-24.61136425838461,18.149624875748486,0.0,5996.392008449284,4024.0685026088677,0.2140975669552393,11796.42857142857,11884.5,173.85714285714286,19.908832344067807,10.680116066678771,69.4110515892534,89.09512363660536,86.39042546755664,94.5189519840873,3.381731485428121,0.011479839040550721,4464.571428571428
fibra1,SWEEP,campione_1785917250918.wav,14.0,-42.740063444361205,-17.599323697012036,25.14073974734917,0.0,5996.227311410883,3926.351881700391,0.24956055543853814,11339.5,11883.071428571428,119.71428571428571,13.213494312237602,13.5853121452282,73.20119354253417,86.39822752584405,86.51874691994337,93.83323232755265,3.704573101112926,0.03220500420693019,4346.357142857143
fibra1,SWEEP,campione_1785917265991.wav,14.0,-41.081984333312064,-24.245077409182976,16.83690692412909,0.0,5996.8312909083015,4123.078743817787,0.15355370864138282,11881.785714285714,11890.92857142857,115.28571428571428,28.7445284764329,7.915712704786128,63.339758818780986,92.20593769791734,86.60528604300887,95.63714986251992,3.374221748789979,0.0052749368581508325,3574.1428571428573
fibra1,SWEEP,campione_1785917286477.wav,14.0,-41.53505287769015,-24.82122263687406,16.713830240816087,0.0,5996.744414865809,4119.776917864446,0.16641871996891977,11854.642857142857,11887.92857142857,118.64285714285714,26.993898342945265,8.568718807059799,64.43738284999495,91.53806010482887,86.55456293614426,95.31678295513758,3.2702111438268444,-0.015360180927919244,3775.285714285714
fibra1,SWEEP,campione_1785917303748.wav,14.0,-40.993426466818065,-24.09513231314904,16.898294153669024,0.0,5996.908318343335,4147.992285389123,0.14620955894245094,11832.5,11886.0,118.35714285714285,29.918372325739572,7.562139640665905,62.51948803359454,92.57204722245032,86.59911452375081,95.77282172659929,3.2347594761266025,0.006332680280709016,3466.0
fibra1,SWEEP,campione_1785917319160.wav,14.0,-41.638349876675925,-24.50830632598542,17.130043550690505,0.0,5996.66416894967,4118.096090445955,0.17023603505690227,11830.571428571428,11885.785714285714,120.42857142857142,26.63113472493898,8.584577825725578,64.78428744933544,91.37089168722603,86.45418439245084,95.23169183456419,3.466824118347911,-0.02406675336820509,3857.3571428571427
fibra1,SWEEP,campione_1785917372864.wav,14.0,-42.0826850324991,-22.751950199822055,19.330734832677045,0.0,5996.700891149568,4109.267402309922,0.1623923459139604,11878.714285714284,11887.92857142857,118.21428571428571,27.630183246156474,8.190321557503285,64.17949519634024,91.64464360505762,86.36381548082001,95.30476892125733,3.8667216681604986,0.018870487398951988,4050.3571428571427
fibra1,SWEEP,campione_1785917392996.wav,14.0,-42.774140482848104,-24.4949536877029,18.279186795145204,0.0,5996.416138311611,4060.9307114544904,0.19746188351859856,11819.071428571428,11887.571428571428,112.35714285714285,22.48678450899996,10.02169098209377,67.49152450890628,89.85114285143801,86.3412793426063,94.62436165240084,3.352731381588174,-0.004631411925915429,4348.285714285715
fibra1,SWEEP,campione_1785917420091.wav,14.0,-42.96860393810604,-24.75223188903778,18.216372049068262,0.0,5996.275576486904,4055.7592140925067,0.20984076009559785,11786.714285714284,11883.5,121.35714285714285,20.717108014650854,10.754529298641243,68.5283626867079,89.21099114006928,86.36361390690215,94.40640339199705,3.4290654746019182,-0.021472430154062572,4468.214285714285
fibra1,SWEEP,campione_1785917487815.wav,14.0,-43.19678213888574,-26.14017139429725,17.056610744588486,0.0,5996.2196937888,4000.5172306253594,0.24075587599971612,11542.071428571428,11839.5,121.92857142857142,15.68175702559917,12.785946036324328,71.5322969380765,87.36767153654468,86.48105300217445,93.95874603758493,3.340534201062254,0.006641564583722127,4576.0
fibra1,SWEEP,campione_1785917503244.wav,14.0,-43.08756668299381,-25.232549766382263,17.855016916611547,0.0,5996.275836090132,4055.733158081486,0.2163371639658331,11648.857142857143,11879.5,111.64285714285714,19.653880838404252,11.214594469690468,69.13152469190528,88.90194803116819,86.46530058227836,94.36422619851378,3.479827420649568,-0.002310285012379533,4538.428571428572
fibra1,SWEEP,campione_1785917520682.wav,14.0,-43.206732569064,-25.885932089055046,17.320800480008955,0.0,5996.097936267917,3992.500143366141,0.24447074819854156,11488.785714285714,11829.92857142857,5.142857142857142,14.969226691031707,13.052361089871306,71.97841221909697,87.05001745958256,86.45491460567257,93.87004642917063,3.503017556081458,-0.013497474236445149,4588.214285714285
fibra1,SWEEP,campione_1785917536950.wav,14.0,-43.30607852422347,-25.766696878698617,17.539381645524855,0.0,5996.174173506183,4049.0777571387903,0.22120118629994534,11650.357142857143,11878.142857142857,115.28571428571428,19.28132472012843,11.416571971935436,69.30210330793611,88.63535933244789,86.35934783393654,94.19145480105614,3.3848001000316987,-0.009436758369278075,4606.714285714285
fibra1,SWEEP,campione_1785917556062.wav,14.0,-43.273155579371405,-23.405446239785977,19.867709339585428,0.0,5996.060473337271,3997.743421160684,0.24711647674698112,11467.142857142857,11829.714285714284,112.57142857142857,14.634305426305273,13.50919740760062,71.85649716609412,86.8807804587481,86.53335479109437,93.79171973667285,3.49978416537118,-0.000568638498126435,4574.071428571428
fibra1,SWEEP,campione_1785917571995.wav,14.0,-42.96211493851415,-8.969814717456677,33.99230022105747,0.0,5996.494279552185,4081.137371414697,0.22063550660373102,11626.357142857143,11888.071428571428,111.85714285714285,18.829141561118455,12.483056656554913,68.68780178232662,88.65407160251836,86.86897581330975,94.27456257551944,62.37974625894812,-1.4005353372109215,4472.928571428572
fibra1,SWEEP,campione_1785917588239.wav,14.0,-43.19958656607522,-26.457649449781012,16.741937116294206,0.0,5996.101872319929,4016.7775854488764,0.23702422570847653,11564.785714285714,11851.071428571428,114.35714285714285,16.09426432535727,13.05175315439442,70.85398252024831,87.48649479007163,86.57647200744897,93.92342615135794,3.4250217580670084,-0.0017662640483328083,4558.5
fibra2,MOTORE,campione_1785920487372.wav,5.0,-25.20821247834093,-14.188113939746938,11.020098538593992,0.0,5999.329395257484,4725.484239563078,0.004001590117205673,11901.400000000001,11901.400000000001,98.80000000000001,49.47249496226212,0.23823084887791282,50.28927418885997,105.53822738139561,82.36456923434145,105.60934292801957,1.2994558241200664,-0.13336731144539143,504.6
fibra2,MOTORE,campione_1785920492483.wav,5.0,-25.537418607688206,-14.30978810596148,11.227630501726725,0.0,5999.261217139067,4670.890210949573,0.003447396955104931,11901.400000000001,11901.400000000001,98.80000000000001,49.543884883139086,0.19420140728669294,50.261913709574216,105.18979505683279,81.12241820490442,105.2522846800148,1.3283922115412174,-0.10395298938803246,503.0
fibra2,MOTORE,campione_1785920507693.wav,5.0,-25.882414745367882,-13.378545290341892,12.50386945502599,0.0,5999.255309594084,4817.248944744398,0.00379254283658723,11901.2,11908.800000000001,98.80000000000001,49.51304922773318,0.2177714905376673,50.269179281729166,105.10686163399335,81.53967514174694,105.17268285301506,1.6738137780940407,0.058090563414237295,517.4
fibra2,MOTORE,campione_1785920513436.wav,5.0,-27.790045958647333,-15.497008391250489,12.293037567396844,0.0,5999.1617408598195,4633.651140750869,0.00603231615184267,11901.2,11909.400000000001,98.80000000000001,49.16087732471721,0.37422171545932265,50.464900959823474,102.94284098927442,81.75793459503743,103.05653899490196,1.4652253614333368,0.3414683153400583,590.6
fibra2,MOTORE,campione_1785920538840.wav,5.0,-27.043635315372434,-15.449785243471002,11.593850071901432,0.0,5999.388982405087,4590.688026614978,0.004705366355428076,11901.400000000001,11901.400000000001,98.80000000000001,49.36995032266089,0.27222954113347536,50.357820136205646,103.83998319643041,81.25470880543071,103.92602551745084,1.363328611876934,0.4253664713686618,564.2
fibra2,MOTORE,campione_1785920582542.wav,5.0,-27.480179968848475,-15.58585114147924,11.894328827369234,0.0,5999.255228737049,4622.460851344736,0.005066141935707525,11901.2,11901.400000000001,98.80000000000001,49.3143079913157,0.30573312803121794,50.379958880653085,103.29535768312921,81.21905324803967,103.38820633795437,1.454320605874023,0.4250648603977678,569.8
fibra2,MOTORE,campione_1785920587610.wav,5.0,-27.440870597879385,-15.396574221929448,12.044296375949937,0.0,5999.246770675644,4601.0392314177625,0.004692707070852234,11901.2,11901.400000000001,98.80000000000001,49.35493034551762,0.28144229118484726,50.36362736329755,103.37504493661866,80.93563307998363,103.4629095229476,1.4676968803544828,0.43102979376825484,577.0
fibra2,MOTORE,campione_1785920592685.wav,5.0,-27.50517039656782,-15.424704151619055,12.080466244948765,0.0,5999.418606848911,4564.48065140929,0.005321709413256354,11901.2,11901.400000000001,98.80000000000001,49.25187601995526,0.325815415912424,50.4223085641323,103.2570586406319,81.4625471554004,103.35905812281943,1.5060724614391914,0.4410662700488867,580.8
fibra2,MOTORE,campione_1785920597767.wav,5.0,-27.569574580387464,-15.241934396140469,12.327640184246995,0.0,5999.247144342604,4605.630183394425,0.00527140728265479,11901.2,11901.400000000001,98.80000000000001,49.27799306205015,0.3250085848258996,50.39699835312395,103.12380172624964,81.31621993209704,103.2213183118142,1.5014762937673671,0.43760155039079274,603.4
fibra2,MOTORE,campione_1785920602846.wav,5.0,-27.563854449726584,-15.622605029540173,11.941249420186411,0.0,5999.169513191973,4614.152389535202,0.005200840967376508,11901.400000000001,11901.400000000001,98.80000000000001,49.28668513986218,0.32617842576053885,50.387136434377304,103.25396254314292,81.46121876748191,103.34986321938413,1.4834742031781571,0.4173961163907596,604.6
fibra2,MOTORE,campione_1785920608095.wav,5.0,-27.55723512311926,-15.764682227685071,11.792552895434188,0.0,5999.159130275222,4653.826808822143,0.005850854823418926,11901.400000000001,11901.400000000001,98.80000000000001,49.193178287966035,0.3750082445527087,50.43181346748124,103.213727561138,82.03508689409534,103.32172458765007,1.4840694405235357,0.4264836624367517,612.2
fibra2,MOTORE,campione_1785920613039.wav,5.0,-27.639443992021015,-15.440371344876098,12.199072647144916,0.0,5999.343753675654,4632.2358011971255,0.005715274193673718,11901.400000000001,11901.400000000001,98.80000000000001,49.222311324555236,0.36151589025313824,50.41617278519164,103.12930476364483,81.78895864669654,103.2333834765614,1.5162191043616184,0.4433098737836201,608.8
fibra2,MOTORE,campione_1785920618101.wav,5.0,-27.804289952750917,-15.790765999793539,12.013523952957378,0.0,5999.151103071491,4690.299896536432,0.0054600212855559355,11901.2,11901.400000000001,98.80000000000001,49.306540776530134,0.29802226006057175,50.395436963409296,102.91587606628639,80.7293177591873,103.01074287231465,1.4946161646163878,0.4371470117664096,595.4
fibra2,MOTOREa5M,campione_1785920168189.wav,5.0,-41.39074402220362,-26.374424065788237,15.016319956415384,0.0,5997.012677578055,3997.855627389207,0.12025711975910579,11950.6,11950.6,49.400000000000006,31.164710064413413,7.741526151808769,61.09376378377782,87.50476873857701,81.4564036822307,90.42810664391945,2.5087224038676332,-0.4002575042387539,2766.4
fibra2,MOTOREa5M,campione_1785920173261.wav,5.0,-41.33505115159461,-24.895421823689382,16.43962932790523,0.0,5997.105557044138,4002.8176674365054,0.11541575820438374,11950.6,11950.6,49.400000000000006,32.54592169745068,7.068012225406874,60.386066077142445,87.55990433574361,80.92791150369612,90.24430596237113,2.5135275939137474,-0.4618364326912224,2686.4
fibra2,MOTOREa5M,campione_1785920178172.wav,5.0,-41.32941263939539,-25.885932089055046,15.443480550340347,0.0,5997.06232561025,3990.501928804075,0.10941997138105411,11950.6,11950.6,49.400000000000006,33.15035537074554,6.761979024158216,60.08766560509625,87.72692991574223,80.82278622424184,90.30990135264739,2.323754948336819,-0.4715825933170526,2596.2
fibra2,MOTOREa5M,campione_1785920183241.wav,5.0,-41.22786813352007,-25.813159399722597,15.414708733797472,0.0,5997.239001837745,3993.6542785571223,0.11182023203194688,11950.6,11950.6,49.400000000000006,32.980222989420945,6.856509586788795,60.16326742379025,87.82651484587439,81.00500984447643,90.43729311315674,2.3254949274005767,-0.46763702843881755,2610.4
fibra2,MOTOREa5M,campione_1785920188157.wav,5.0,-41.22086597244447,-25.388880456141862,15.831985516302609,0.0,5997.150123296032,3999.995759587786,0.10677272559873292,11950.6,11950.6,49.400000000000006,33.44960044942316,6.876147613716408,59.674251936860415,87.86686041562716,80.99640298344836,90.3808209050581,2.318566293474694,-0.4584067756355815,2582.4
fibra2,MOTOREa5M,campione_1785920193233.wav,5.0,-40.96185528173659,-24.214880593828873,16.746974687907716,0.0,5997.021376966057,4023.612910039663,0.10998302157257611,11950.6,11950.6,49.400000000000006,32.91913812610756,7.2209857192641085,59.859876154628346,88.03079349056384,81.44227378971605,90.62766706851782,2.512470559447924,-0.4626978198889793,2599.8
fibra2,MOTOREa5M,campione_1785920198326.wav,5.0,-40.92801225326178,-21.999515227666873,18.928497025594904,0.0,5997.2459906758095,4036.1181072190257,0.11055134316784852,11950.6,11950.6,49.400000000000006,32.72972091297869,7.422921233070024,59.84735785395127,88.0313270598422,81.58765256041718,90.6523538579599,2.5693944764955896,-0.45430273335048105,2548.8
fibra2,MOTOREa5M,campione_1785920203227.wav,5.0,-41.02564482655752,-23.08956090071256,17.936083925844958,0.0,5997.097755545341,3993.232910767887,0.1082050485830104,11950.6,11950.6,49.400000000000006,33.30233466806573,6.805057427098626,59.89260790483564,87.96382656284956,81.06739769909873,90.51281199381646,2.4740260138793175,-0.45426340850148944,2591.2
fibra2,MOTOREa5M,campione_1785920208304.wav,5.0,-41.03831561225495,-21.962886925421206,19.075428686833742,0.0,5997.164659613138,3996.4262235438982,0.10565392747304887,11950.6,11950.6,49.400000000000006,33.657436664136945,6.6218534359436,59.72070989991947,88.03390234442506,80.97288761337545,90.52434158764743,2.4208335255400932,-0.5028103902829149,2503.2
fibra2,MOTOREa5M,campione_1785920213216.wav,5.0,-41.04749788398525,-26.435377926154114,14.612119957831137,0.0,5997.050105348177,4016.1828591871704,0.1050012415950991,11950.6,11950.6,49.400000000000006,33.8175290836456,6.722118222902487,59.46035269345192,88.07290260837979,81.0565453484185,90.52375869565161,2.3027754882766516,-0.5057837156519608,2488.4
fibra2,MOTOREa5M,campione_1785920218306.wav,5.0,-40.78426097129921,-25.90683676693589,14.877424204363322,0.0,5997.152302793281,3997.487411605555,0.10899229703374332,11950.6,11950.6,49.400000000000006,32.87844204325672,6.896180968800297,60.22537698794298,88.20443901931655,81.42141321448364,90.83312198972628,2.4973354864861292,-0.5223584446698134,2646.4
fibra2,MOTOREa5M,campione_1785920223225.wav,5.0,-40.898859318022375,-25.73585936890034,15.162999949122035,0.0,5997.286490335563,3985.208564618891,0.10434778185718746,11950.6,11950.6,49.400000000000006,33.84096505643582,6.465757657655234,59.69327728590896,88.22673811005447,81.0385049434847,90.69156494733754,2.3443476030876225,-0.5076451573411478,2580.8
fibra2,MOTOREa5M,campione_1785920228303.wav,5.0,-40.95458461517177,-24.77057590744588,16.184008707725887,0.0,5997.269949926173,3992.9218810675875,0.10369844370952909,11950.6,11950.800000000001,49.400000000000006,33.83124455856414,6.572085784284141,59.59666965715171,88.20675982003786,81.09061230990599,90.66579998873576,2.3374516279561854,-0.5060309866697603,2540.4
fibra2,MOTOREa5M,campione_1785920233367.wav,5.0,-40.90440237824364,-25.880713771405105,15.023688606838533,0.0,5997.112574523182,3988.842883642394,0.10850417156689805,11950.6,11950.6,49.400000000000006,33.28754821995712,6.7536977755910685,59.9587540044518,88.19751588261957,81.27011401986042,90.7532237894994,2.391711345087826,-0.5039929575569481,2542.8
fibra2,MOTOREa5M,campione_1785920238276.wav,5.0,-40.9699105665613,-25.49302311336742,15.476887453193882,0.0,5997.067467112318,3997.243137804046,0.104333153737617,11950.6,11950.6,49.400000000000006,33.89611241695742,6.549143886665759,59.55474369637683,88.16104391697807,81.02139032472749,90.6087086028485,2.380994011731074,-0.5382201535424207,2563.2
fibra2,MOTOREa5M,campione_1785920243353.wav,5.0,-40.87512253817514,-26.30293486010539,14.572187678069753,0.0,5997.198543001911,3988.5364368022633,0.1087542341411111,11950.6,11950.6,49.400000000000006,33.09869828862646,6.848817905668369,60.05248380570518,88.12663269657051,81.28467975025535,90.71383330337652,2.3353662713039762,-0.4862277943771864,2535.2
fibra2,MOTOREa5M,campione_1785920248295.wav,5.0,-40.85210905849416,-23.215307494329025,17.636801564165133,0.0,5997.298839367668,4025.829497880994,0.10744669287611508,11950.6,11950.6,49.400000000000006,33.375105957016814,7.049008892629396,59.57588515035381,88.25382723040744,81.50088128346816,90.77030573505985,2.493664031351938,-0.49827108200987597,2523.2
fibra2,MOTOREa5M,campione_1785920253381.wav,5.0,-20.362691845391645,-0.005303056152737309,20.357388789238907,0.0,5999.946279720239,4513.613033884506,0.06083315285033132,11997.2,11999.400000000001,0.8,45.28407587959088,2.4394120528998595,52.27651206750925,113.6850662374039,100.99846279591637,114.30867717683051,52.63463061027775,4.004072732467216,2337.0
fibra2,MOTOREa5M,campione_1785920258421.wav,5.0,-39.74283103085959,-23.46844480795483,16.274386222904763,0.0,5997.333165682455,4137.834669340588,0.08347009089432643,11950.6,11997.0,49.400000000000006,37.22427835240639,5.455722405663395,57.3199992419302,89.85200969829515,81.51226947499151,91.72680858745079,3.613582156263507,-0.1717139851283591,2475.8
fibra2,RUMORE_AMBIENTALE,campione_1785918966257.wav,1.5,-44.63685603410667,-27.69589150808074,16.94096452602593,0.0,5995.302886713941,3917.846852884233,0.2619379632837611,10950.666666666666,11726.666666666666,1.3333333333333333,8.241243142991092,17.06127310371056,74.69748375329833,73.1484949563347,76.30868203108916,82.72162740722024,3.33970561456945,-0.021920786205312764,4630.0
fibra2,RUMORE_AMBIENTALE,campione_1785918967777.wav,1.5,-44.651159509459205,-27.58727654345742,17.063882966001785,0.0,5995.722912328321,3925.6812881344013,0.25866135433392873,11027.333333333332,11827.333333333332,4.666666666666666,9.346725449668634,16.19861380238979,74.45466074794159,73.57994802582107,75.96813168002748,82.59227205763176,3.3977162976305593,0.0030458423375416136,4625.333333333333
fibra2,RUMORE_AMBIENTALE,campione_1785918969322.wav,1.5,-44.57566561019138,-28.496784311604127,16.078881298587252,0.0,5995.642266923628,3961.184993597654,0.2558273097028747,11076.0,11772.666666666666,8.0,9.463031999298885,16.890142527117938,73.64682547358318,73.9416574245357,76.45768748162057,82.85289465226964,3.1838631964404476,-0.022902516697778527,4534.666666666667
fibra2,RUMORE_AMBIENTALE,campione_1785918970828.wav,1.5,-44.353060743472895,-27.24490049749516,17.108160245977736,0.0,5995.549823236555,3957.0698326343336,0.2545637109980728,11076.666666666666,11827.333333333332,6.666666666666666,9.713357375109858,17.13930828646429,73.14733433842585,74.13171429828753,76.59795352728909,82.90000566213212,3.3428612174276555,0.010998316260801236,4540.0
fibra2,RUMORE_AMBIENTALE,campione_1785918972348.wav,1.5,-44.501854453005805,-27.963572568812488,16.538281884193317,0.0,5995.139890648803,3919.086820978655,0.2630067315212599,11002.666666666666,11780.666666666666,36.666666666666664,8.48668906484297,16.277094810501374,75.23621612465566,73.03137568963832,75.85976171329062,82.50826223506763,3.3771345827289867,-0.029437703757772354,4632.666666666667
fibra2,RUMORE_AMBIENTALE,campione_1785918973869.wav,1.5,-44.98848537962247,-26.49676255941534,18.491722820207126,0.0,5995.596497713357,3922.3100912812147,0.26517656691681446,10969.333333333332,11774.0,7.333333333333333,8.673451509496251,16.894229317867122,74.43231917263662,73.02610578713315,75.9215700877223,82.36180174896496,3.277617159633592,0.006348971451356177,4680.0
fibra2,RUMORE_AMBIENTALE,campione_1785918975404.wav,1.5,-44.129291881324264,-26.60382320747987,17.525468673844394,0.0,5995.3252565747025,3954.7397900300016,0.2573562551542708,11070.0,11797.333333333332,6.0,9.464251484618563,16.98036414664637,73.55538436873506,73.6321887832394,76.17079605976508,82.53747075713423,4.482378633110505,0.04774425120189377,4510.0
fibra2,RUMORE_AMBIENTALE,campione_1785918976753.wav,1.5,-44.668133212467055,-26.76404178484038,17.904091427626675,0.0,5995.423924024562,3962.0059118333797,0.2542681587605035,11096.0,11759.333333333332,8.666666666666666,9.113818061153339,17.494420666020815,73.39176127282583,73.75578380073574,76.58777590787301,82.81525335673165,3.596604424813137,-0.03282972455644437,4576.0
fibra2,RUMORE_AMBIENTALE,campione_1785918978287.wav,1.5,-43.969192757242006,-26.46880666320371,17.500386094038294,0.0,5995.394722732444,4001.1658682214115,0.25202648558988294,11178.666666666666,11852.0,3.333333333333333,10.1059829228464,17.81419445049057,72.07982262666303,74.36789974464776,76.82977602973966,82.90025123700117,3.7463250274797817,0.012903595676372646,4410.0
fibra2,RUMORE_AMBIENTALE,campione_1785918979807.wav,1.5,-44.354550786972325,-27.190138141001178,17.164412645971147,0.0,5995.3823572572555,3985.8919433885885,0.2528749719338102,11148.0,11835.333333333332,2.0,10.35243518761252,17.04140848074823,72.60615633163924,74.4730590792905,76.63768874252813,82.93236834110604,3.8727425375462587,0.06534508201484591,4556.0
fibra2,RUMORE_AMBIENTALE,campione_1785918981325.wav,1.5,-44.0849582594715,-25.52801667225026,18.55694158722124,0.0,5995.450377929749,4001.142773498392,0.24747199401803696,11192.666666666666,11830.666666666666,2.6666666666666665,10.742575934577935,17.27688132419399,71.98054274122805,74.79706951393109,76.86063869256473,83.05813636145798,3.7427061993319866,0.015357001112713443,4441.333333333333
fibra2,RUMORE_AMBIENTALE,campione_1785918982845.wav,1.5,-44.681449610587684,-27.950321781466144,16.73112782912154,0.0,5995.22172583991,3947.56878063846,0.2616742654087294,11057.333333333332,11808.0,6.0,9.05623522561496,17.087378136028782,73.85638663835626,73.42371662227436,76.18099398201937,82.53812024263858,3.285928448095306,-0.03046828658075652,4577.333333333333
fibra2,RUMORE_AMBIENTALE,campione_1785918984369.wav,1.5,-44.268203301198,-26.001535470188998,18.266667831009002,0.0,5995.702561798877,4006.5933540989167,0.2520762657191504,11237.333333333332,11838.0,4.0,11.006601127541785,16.702329516979574,72.29106935547865,74.73627466998136,76.54751286346043,82.91058887836924,3.826502180887646,-0.06727746907979,4454.0
fibra2,RUMORE_AMBIENTALE,campione_1785918985918.wav,1.5,-44.54076310620859,-27.747478233892107,16.79328487231648,0.0,5995.341302595921,3931.557258767247,0.2658639592054657,10978.666666666666,11802.666666666666,5.333333333333333,9.369535428977516,16.171249374508193,74.4592151965143,73.71386054276678,76.08411570899528,82.71586450963883,3.2514026553730213,0.03988637713675211,4689.333333333333
fibra2,RUMORE_AMBIENTALE,campione_1785918987425.wav,1.5,-44.443769452085334,-28.398637624304996,16.045131827780338,0.0,5995.261046740668,3960.134331063573,0.2534532560210292,11104.0,11818.666666666666,6.0,9.613725620977181,17.106781390419776,73.27949298860302,73.85974969364176,76.36251551823891,82.6806570215044,3.253300582674064,-0.04834389425380523,4483.333333333333
fibra2,RUMORE_AMBIENTALE,campione_1785918988787.wav,1.5,-43.84549613969564,-26.672126753049415,17.173369386646225,0.0,5995.3530324009525,3967.956339635268,0.25595554013131727,11082.0,11786.666666666666,8.666666666666666,9.457130219082577,17.295070560370846,73.2477992205466,73.95937336629133,76.58100305761013,82.84972548125853,4.002685034839378,-0.031134911269832543,4449.333333333333
fibra2,RUMORE_AMBIENTALE,campione_1785918990298.wav,1.5,-44.77622962588262,-28.624624729962115,16.151604895920507,0.0,5995.43893224601,3928.6521877138193,0.2587005718075082,10983.333333333332,11774.0,2.0,8.746251613887514,16.774035695513273,74.47971269059923,73.34667261902842,76.17482857715711,82.64883287507931,3.2086124444776374,0.03997083954882567,4622.666666666667
fibra2,RUMORE_AMBIENTALE,campione_1785918991821.wav,1.5,-44.75381675453253,-29.426046024511297,15.327770730021232,0.0,5995.676075651806,3958.0999114453275,0.2605906942210883,11045.333333333332,11784.0,6.666666666666666,9.262023366668428,17.551428224127143,73.18654840920442,73.51749426488101,76.2935601654591,82.49474819812094,3.243376174978282,0.024373523614942057,4585.333333333333
fibra2,RUMORE_AMBIENTALE,campione_1785918993346.wav,1.5,-44.18737585000284,-27.923880697359618,16.26349515264322,0.0,5995.5711666607285,3933.307204752353,0.2658631987816243,10986.0,11716.666666666666,6.666666666666666,7.97143059838172,17.66284388849368,74.36572551312462,73.41616784016361,76.8714114514032,83.11453333941253,3.375291543271646,0.024122451792480036,4638.0
fibra2,RUMORE_AMBIENTALE,campione_1785918994890.wav,1.5,-44.36925241225403,-27.930483426238347,16.43876898601568,0.0,5995.827135156355,3982.2675854137947,0.2470534641428204,11186.0,11929.333333333332,1.3333333333333333,11.266148348787103,16.860454844344613,71.87339680686827,74.89889489067092,76.64983309894194,82.9468219401174,3.506704761434909,0.1228058574329971,4551.333333333333
fibra2,RUMORE_AMBIENTALE,campione_1785918996409.wav,1.5,-44.74785713657635,-27.36165634059838,17.38620079597797,0.0,5995.335741160867,3948.131442690449,0.26028146487005965,11034.0,11814.666666666666,8.666666666666666,9.306368914099647,17.128719523786163,73.56491156211419,73.7287314020021,76.37817773797457,82.70763592988592,3.2354833166234487,-0.12161894865345861,4650.666666666667
fibra2,RUMORE_AMBIENTALE,campione_1785918997914.wav,1.5,-44.33099259269162,-27.561916264331284,16.769076328360338,0.0,5995.364637460162,3987.9918496068785,0.2521910864660552,11187.333333333332,11818.0,5.333333333333333,10.216808434658821,17.147482523596583,72.63570904174458,74.36726115740977,76.61611234218624,82.88561045614848,3.390786077267629,-0.03145088675252453,4502.0
fibra2,RUMORE_AMBIENTALE,campione_1785918999467.wav,1.5,-44.68407130296919,-28.967581334397302,15.716489968571885,0.0,5995.248823076955,3928.155711979462,0.260110944281825,10988.0,11777.333333333332,4.0,8.78399441471146,16.657478879387494,74.55852670590104,73.41868217087256,76.19785437409625,82.70673483795755,3.159818464071761,-0.01766460197142237,4674.0
fibra2,RUMORE_AMBIENTALE,campione_1785919000801.wav,1.5,-44.53918433063593,-28.819984080322225,15.719200250313708,0.0,5995.456699875976,3963.388107854708,0.2556284342167364,11088.0,11821.333333333332,10.0,9.63019218009489,16.972113355154626,73.39769446475049,73.9737856658567,76.434795363113,82.7942603086297,3.2783693981875635,0.04690123617652581,4613.333333333333
fibra2,RUMORE_AMBIENTALE,campione_1785919002356.wav,1.5,-44.58533431965023,-28.761640355336144,15.823693964314085,0.0,5995.207945530921,3990.065992377458,0.25531943140876323,11174.666666666666,11836.666666666666,6.0,10.347174212539256,17.022827904391853,72.62999788306888,74.13976943412978,76.30186890750838,82.60271213670188,3.227918769840551,-0.03864762889927146,4512.0
fibra2,RUMORE_AMBIENTALE,campione_1785919003853.wav,1.5,-44.27593914058101,-27.075650254285794,17.200288886295215,0.0,5995.919318129708,3944.910985773133,0.25999384497523037,11022.666666666666,11792.0,4.666666666666666,9.294416431944407,16.780408454375426,73.92517511368017,74.0946679291528,76.66047193823903,83.10037027931615,3.429848412256277,-0.020921559221993447,4539.333333333333
fibra2,RUMORE_AMBIENTALE,campione_1785919005374.wav,1.5,-44.74436091297781,-28.26032436074992,16.48403655222789,0.0,5995.152583033014,3943.4768113341297,0.2584027441262593,11074.666666666666,11832.0,6.0,9.259512485402864,16.600524249760642,74.1399632648365,73.56449065917693,76.09982747710161,82.59913310805275,2.948697153328,-0.02493086125893403,4618.666666666667
fibra2,RUMORE_AMBIENTALE,campione_1785919006890.wav,1.5,-44.35138009207801,-20.577555595996433,23.773824496081577,0.0,5995.9698731687595,3987.5925734385464,0.25091983660346634,11162.666666666666,11838.0,3.333333333333333,10.805343193019594,16.714345155558455,72.48031165142194,74.85436093227489,76.74886894198022,83.12017580036328,6.970617522656905,0.15980573508706963,4534.0
fibra2,RUMORE_AMBIENTALE,campione_1785919008418.wav,1.5,-44.216346326050726,-27.517713169281986,16.69863315676874,0.0,5995.724324061565,3974.5522738539207,0.2486955866758167,11042.0,11705.333333333332,12.666666666666666,8.394977760339785,18.553712687435027,73.0513095522252,74.19777176554243,77.64188453663932,83.59385632303093,3.5642868828646197,-0.06180964295755811,4500.0
fibra2,RUMORE_AMBIENTALE,campione_1785919009937.wav,1.5,-44.29165919145453,-28.322292919047815,15.969366272406713,0.0,5995.979065000209,3944.3155565433503,0.2578600223273179,11028.0,11798.666666666666,9.333333333333332,9.02428461990239,17.123032559337073,73.85268282076053,74.04076632275194,76.82244530550358,83.17030124461718,3.2674011899661135,0.01667206034510917,4540.0
fibra2,RUMORE_AMBIENTALE,campione_1785919011459.wav,1.5,-44.207028782021666,-27.838498866179275,16.36852991584239,0.0,5996.098334747683,4024.468804157664,0.1834231825292905,11974.0,11999.333333333332,12000.0,21.011780667544492,12.325777810290733,66.66244152216477,78.47393268928029,76.15744744864877,83.48811625894501,3.3616444798406873,0.41481101624316435,4378.0
fibra2,RUMORE_AMBIENTALE,campione_1785919012820.wav,1.5,-44.25006242205712,-28.050198958068478,16.199863463988642,0.0,5995.432011219828,3972.76145681915,0.2412347865385416,11238.0,11925.333333333332,0.0,11.381774305719047,16.06317767717704,72.55504801710391,74.89601893238633,76.39223386881213,82.94059557561353,3.3472932058754834,-0.1834407809132748,4465.333333333333
fibra2,RUMORE_AMBIENTALE,campione_1785919014347.wav,1.5,-44.40765210185455,-28.864000505925564,15.543651595928988,0.0,5995.1804875289445,3976.4038946292762,0.25434117753661484,11118.666666666666,11829.333333333332,6.0,10.06798912478116,17.333723499830036,72.59828737538882,74.06102440306177,76.42051567147485,82.64086078173466,3.1961987746177005,-0.07813042698805144,4485.333333333333
fibra2,RUMORE_AMBIENTALE,campione_1785919015886.wav,1.5,-44.63722739682524,-29.163285561382892,15.473941835442346,0.0,5995.705686879892,3936.806916765303,0.25938293600376866,11026.0,11796.666666666666,6.666666666666666,8.913149730025275,17.01633645217273,74.070513817802,73.36381956140119,76.17216817920814,82.55996111246871,3.2605445657090915,-0.005207557278565588,4550.0
fibra2,RUMORE_AMBIENTALE,campione_1785919017419.wav,1.5,-44.55840595182381,-28.164799083878222,16.393606867945586,0.0,5995.6902881414835,3969.789233532594,0.2518287975275847,11160.666666666666,11852.666666666666,4.0,10.810421728595829,16.443835642473402,72.74574262893076,74.4136059758826,76.23521088232489,82.69325542668534,3.275356049836195,0.041290106991615325,4504.0
fibra2,RUMORE_AMBIENTALE,campione_1785919018919.wav,1.5,-44.425379894074325,-26.259232179435884,18.16614771463844,0.0,5995.4595250864695,3954.2629969043246,0.25806519052339516,11079.333333333332,11801.333333333332,17.333333333333332,9.510044076683025,17.0274455138226,73.46251040949437,74.0108553475157,76.54052504219423,82.88968770223997,3.3949696198570356,-0.018205165159461807,4664.0
fibra2,RUMORE_AMBIENTALE,campione_1785919020449.wav,1.5,-44.56153700654881,-28.363852277812587,16.197684728736224,0.0,5995.184526223032,3965.5379278339965,0.2500833768195314,11111.333333333332,11874.666666666666,12.666666666666666,10.282419208973879,16.7363534177819,72.98122737324422,74.09984023520695,76.21549555846917,82.61099880570411,3.1915090390242913,-0.0515911602611472,4562.666666666667
fibra2,RUMORE_AMBIENTALE,campione_1785919021992.wav,1.5,-41.94211213103014,-22.16798229162513,19.774129839405013,0.0,5996.725883645225,4154.609113237379,0.08705116868749195,11992.0,11998.0,2.0,36.76037442610909,5.267088015565319,57.972537558325584,84.39822596513568,75.96013245918427,86.37664980839467,13.918840964027172,2.052935937898771,4110.0
fibra2,RUMORE_AMBIENTALE,campione_1785919023482.wav,1.5,-44.52401182794752,-27.039807468448483,17.484204359499035,0.0,5995.2150323057,3935.9081507028186,0.2534234426713484,11067.333333333332,11874.0,3.333333333333333,9.643693759235743,16.315818942358014,74.04048729840625,73.69668582964319,75.98034049577822,82.54894440703401,3.327359188781857,-0.04575435662701914,4557.333333333333
fibra2,RUMORE_AMBIENTALE,campione_1785919024855.wav,1.5,-44.67534777240937,-26.46322626503219,18.212121507377176,0.0,5995.3029865494855,3947.472444342764,0.2580253702968703,11098.0,11836.666666666666,4.0,9.918580547282938,16.225650458304663,73.8557689944124,73.8228495184198,75.9603754326517,82.5421985175035,3.338994317356355,0.03896160943928999,4589.333333333333
fibra2,RUMORE_AMBIENTALE,campione_1785919026371.wav,1.5,-44.087592795930476,-28.405611441949432,15.681981353981044,0.0,5995.635449517281,3954.532882476769,0.2553155483933757,11006.0,11749.333333333332,52.0,8.430312793211002,18.180347875843356,73.38933933094565,73.94658727374873,77.28417227720448,83.34448016742697,3.295722910264689,-0.026109368498219574,4549.333333333333
fibra2,RUMORE_AMBIENTALE,campione_1785919027889.wav,1.5,-44.168105277543496,-27.67021258493478,16.497892692608715,0.0,5995.813389782818,3960.5275614128327,0.2545482492150375,11084.666666666666,11778.0,37.33333333333333,9.385431272379098,16.828091129298844,73.78647759832208,73.90317842492391,76.4389846388824,82.85840387289461,3.2890867759444387,0.04524188688004001,4548.0
fibra2,RUMORE_AMBIENTALE,campione_1785919029413.wav,1.5,-44.58617529538265,-27.97684360183059,16.60933169355206,0.0,5995.240309952358,3977.4559770827655,0.25267153056960484,11098.666666666666,11803.333333333332,2.0,9.507450041940167,17.85293552652222,72.63961443153761,73.86531073181145,76.6017665773616,82.69640551444684,3.16360949850729,-0.06075460210916868,4510.666666666667
fibra2,RUMORE_AMBIENTALE,campione_1785919030954.wav,1.5,-44.90194795634734,-29.45748819234954,15.444459763997802,0.0,5995.138021490037,3937.196547957785,0.25811162463900855,11014.0,11785.333333333332,6.0,8.853183361928467,16.967057748349777,74.17975888972175,73.10530047989526,75.9303712681475,82.33716006210031,3.1729076198090533,0.0045055713613010575,4617.333333333333
fibra2,RUMORE_AMBIENTALE,campione_1785919032458.wav,1.5,-45.025005642270976,-30.265677180860994,14.759328461409982,0.0,5995.605912165613,3899.2812726168486,0.2635018487572741,10924.666666666666,11751.333333333332,3.333333333333333,8.324708574372501,16.29457290455889,75.38071852106862,72.86426591612351,75.78100534348644,82.43317825430644,2.9752478846507318,-0.015026048719638838,4694.666666666667
fibra2,RUMORE_AMBIENTALE,campione_1785919033981.wav,1.5,-44.734306178910124,-28.239766033014032,16.494540145896092,0.0,5995.141569032167,3934.1285214231953,0.25727531293806066,11052.0,11837.333333333332,2.0,9.498481432230017,16.015556358433088,74.48596220933689,73.5680394265433,75.83691794612743,82.512241969097,3.2246904164821037,0.03094644484999316,4611.333333333333
fibra2,RUMORE_AMBIENTALE,campione_1785919035515.wav,1.5,-44.69261948653626,-27.075650254285794,17.616969232250465,0.0,5995.252036356413,3935.7437670459726,0.26090961261480133,11039.333333333332,11743.333333333332,6.0,9.10060034946209,16.426403788626033,74.47299586191185,73.39310468858044,75.95782920314184,82.52239250776007,3.427759675784692,0.013508059961188503,4642.0
fibra2,RUMORE_AMBIENTALE,campione_1785919036866.wav,1.5,-44.490247196321945,-27.87123878215153,16.619008414170416,0.0,5995.588314605562,3977.8982021710235,0.2540369760821786,11126.0,11824.666666666666,10.0,10.112932636466955,16.79612343281668,73.09094393071636,74.12082308967199,76.3241425216661,82.71068765210552,3.2544843941263855,0.040898095456836966,4548.0
fibra2,RUMORE_AMBIENTALE,campione_1785919038389.wav,1.5,-44.02743308908101,-25.720481572962516,18.30695151611849,0.0,5996.011254706795,3949.8011498812075,0.26006625414256124,11053.333333333332,11771.333333333332,7.333333333333333,8.916482019186255,17.32385029799412,73.75966768281963,73.96393462962244,76.84844347013338,83.14018876221203,3.8181455726753555,-0.05437559707394954,4514.0
fibra2,RUMORE_AMBIENTALE,campione_1785919039923.wav,1.5,-44.15309161175899,-27.44870248935042,16.704389122408568,0.0,5995.6485985761,3914.843102854716,0.2627686193750153,10918.0,11726.666666666666,48.666666666666664,7.933277712304714,17.201513389443598,74.8652088982517,73.62561384933811,76.98675385294166,83.37388768215887,3.357739820261295,-0.02327582400066606,4648.666666666667
fibra2,RUMORE_AMBIENTALE,campione_1785919041453.wav,1.5,-44.76815932686211,-28.624624729962115,16.143534596899997,0.0,5995.335898439078,3931.142584393515,0.26163351916115013,10996.666666666666,11786.0,13.333333333333332,9.118633569230514,16.43870629359699,74.4426601371725,73.1026757550019,75.66205447588152,82.22159695325826,3.3102948415251428,0.020153410011279457,4622.666666666667
fibra2,RUMORE_AMBIENTALE,campione_1785919042966.wav,1.5,-44.59730898580951,-28.06360311106576,16.533705874743752,0.0,5995.326012449286,3923.8533379372866,0.2594080478585032,10956.0,11736.0,11.333333333333332,8.246071963073227,17.35779448766971,74.39613354925706,73.21541067052839,76.44788488618306,82.76844311863559,3.1898111788205643,-0.015399069741378621,4585.333333333333
fibra2,RUMORE_AMBIENTALE,campione_1785919044509.wav,1.5,-44.752909990289176,-28.35691189437449,16.395998095914685,0.0,5995.155403386313,3934.228956469083,0.2656333550173394,11029.333333333332,11826.0,4.666666666666666,9.570883957042502,16.246023491215077,74.18309255174243,73.63663535610101,75.9345856186147,82.53016419266376,3.1098291138705436,-0.04930216483697688,4593.333333333333
fibra2,RUMORE_AMBIENTALE,campione_1785919046003.wav,1.5,-44.9040672748703,-28.819984080322225,16.084083194548075,0.0,5995.172714452869,3952.826245185784,0.2603108739730541,11056.666666666666,11820.666666666666,6.0,9.977199905520626,16.04964453631715,73.9731555581622,73.69170854867652,75.7562759913316,82.39236326233288,3.3720806956962512,0.04075301229393525,4637.333333333333
fibra2,RUMORE_AMBIENTALE,campione_1785919047534.wav,1.5,-44.67605510553235,-28.050198958068478,16.62585614746387,0.0,5995.655968647184,3951.48037028745,0.2561347147784869,11089.333333333332,11858.0,4.0,9.87695021882245,16.164025980145656,73.95902380103189,73.8367118766096,75.97597862595131,82.58039492981308,3.247889752506766,0.031843324566493345,4598.0
fibra2,RUMORE_AMBIENTALE,campione_1785919048907.wav,1.5,-44.141039371788004,-27.2022777508587,16.938761620929306,0.0,5995.89727597686,3960.27073027122,0.2582915789856579,11046.666666666666,11752.0,6.0,8.72907353268582,17.703933773661355,73.56699269365284,73.9077200114289,76.97873625515804,83.16486852299161,3.802236408237941,-0.04431053189016697,4538.0
fibra2,RUMORE_AMBIENTALE,campione_1785919050424.wav,1.5,-33.90334490994741,-13.269163699931637,20.634181210015768,0.0,5996.924762419306,4430.893504521108,0.022879792628548536,11997.333333333332,11999.333333333332,1.3333333333333333,46.46940534002252,1.5804670137775192,51.95012764619996,91.75541924349994,77.07160245446788,92.2396142841356,52.07153477615002,6.4336222210463205,3579.3333333333335
fibra2,RUMORE_AMBIENTALE,campione_1785919051936.wav,1.5,-43.428281643750736,-27.638220322511163,15.790061321239573,0.0,5995.532174766317,3994.6774817865567,0.22976634165994736,11390.0,11992.0,0.0,13.636321774210046,15.51565867221916,70.84801955357081,75.91013327541992,76.47086303905647,83.06643801608365,2.8722604471604987,-0.6575326650320985,3927.3333333333335
fibra2,RUMORE_AMBIENTALE,campione_1785919053491.wav,1.5,-43.834927368286316,-27.70232311846518,16.132604249821135,0.0,5995.642320013127,3940.279688254977,0.25560941127330833,11031.333333333332,11836.666666666666,4.0,9.333337859475444,16.418658245155395,74.24800389536918,74.28429991625217,76.73730667498386,83.29077786843084,3.512043049781176,-0.22442912090287986,4593.333333333333
fibra2,RUMORE_AMBIENTALE,campione_1785919054981.wav,1.5,-44.1576684464994,-26.558584097647415,17.599084348851985,0.0,5996.03269035653,3967.130586441566,0.23327277853362344,11371.333333333332,11996.666666666666,11999.333333333332,13.500043188731278,15.17062961861795,71.32932719265078,76.00406295977885,76.51074743560244,83.23339265702332,3.2232159840970294,0.1381862622010942,4468.0
fibra2,RUMORE_AMBIENTALE,campione_1785919056529.wav,1.5,-44.04014999371008,-27.990134942481227,16.050015051228854,0.0,5995.776156036358,3984.959614771624,0.24812068141496837,11124.0,11783.333333333332,3.333333333333333,9.80568877239968,17.78606445494824,72.40824677265208,74.80797791086252,77.39399548067446,83.49107718241244,3.3984346590953063,-0.0932461966705893,4490.666666666667
fibra2,RUMORE_AMBIENTALE,campione_1785919058041.wav,1.5,-44.65047405554432,-29.355714552128013,15.294759503416309,0.0,5995.308593727202,3931.11572974579,0.26243392607446675,10996.666666666666,11764.0,21.333333333333332,8.891074112437032,16.619873542461455,74.48905234510151,73.34721576257382,76.06395060886094,82.57859795076483,3.277730343001794,-0.024050179251635592,4604.666666666667
fibra2,RUMORE_AMBIENTALE,campione_1785919059562.wav,1.5,-44.41199750934462,-27.97684360183059,16.43515390751403,0.0,5995.757525724772,3976.4745238877967,0.2519192212338134,11176.666666666666,11860.0,12.666666666666666,10.839041189984938,16.287675038509356,72.87328377150573,74.4907556939092,76.25943798687436,82.76653042594843,3.439319576318356,0.03199839268565196,4431.333333333333
fibra2,RUMORE_AMBIENTALE,campione_1785919060934.wav,1.5,-44.0932392114822,-27.28160149338472,16.81163771809748,0.0,5995.492735746973,3958.2594204846664,0.255208842490944,11094.666666666666,11825.333333333332,2.6666666666666665,9.795203735090404,17.025813142854396,73.1789831220552,74.19924348373586,76.60018737581876,82.93297245190382,3.509297801218204,-0.012420976379497775,4502.666666666667
fibra2,RUMORE_AMBIENTALE,campione_1785919062437.wav,1.5,-44.670167266628226,-27.87123878215153,16.798928484476697,0.0,5995.245547266983,3917.549494954691,0.26587710678615695,10964.666666666666,11713.333333333332,6.666666666666666,8.05284441605697,17.004658994513,74.94249658943002,72.83175132561243,76.07793751284692,82.51953980943283,3.521952024647641,0.058358074285892715,4608.0
fibra2,RUMORE_AMBIENTALE,campione_1785919063958.wav,1.5,-44.592706299599065,-27.05771037298485,17.534995926614215,0.0,5995.349018837497,3950.302300806742,0.25928150845225684,11008.0,11811.333333333332,8.0,9.175643032134797,17.078653803974728,73.74570316389048,73.72946516754978,76.42763642435129,82.78046728229506,3.40344187507804,0.0223749012385229,4598.0
fibra2,RUMORE_AMBIENTALE,campione_1785919065481.wav,1.5,-44.65480084012022,-28.405611441949432,16.249189398170785,0.0,5995.231983854064,3914.933202354096,0.2576692436552182,11006.666666666666,11822.666666666666,10.666666666666666,9.365510585918319,15.957109916928056,74.67737949715362,73.57291256180704,75.88714033685474,82.58948866819038,3.159138501222217,0.015381824829032739,4665.333333333333
fibra2,RUMORE_AMBIENTALE,campione_1785919067037.wav,1.5,-45.41256425003706,-30.34381164495811,15.068752605078949,0.0,5995.301869508599,3887.359067270928,0.2746148342955721,10868.666666666666,11762.666666666666,6.0,8.431130733278176,15.566788175447119,76.00208109127469,72.36298913934517,75.02612106209132,81.91238574710266,2.9217785530037377,-0.01714804747639675,4723.333333333333
fibra2,RUMORE_AMBIENTALE,campione_1785919068534.wav,1.5,-44.94734307515674,-27.61908137368267,17.32826170147407,0.0,5995.634386180365,3917.0140616364715,0.2681310546575345,10987.333333333332,11810.666666666666,4.0,9.03601099116705,16.24374436248497,74.720244646348,73.13332786125099,75.68042181731931,82.3079432078782,3.416518581405871,-0.05484226828376153,4795.333333333333
fibra2,RUMORE_AMBIENTALE,campione_1785919070051.wav,1.5,-44.61663326400908,-24.97026032207946,19.64637294192962,0.0,5995.433578802689,3917.00896876648,0.2586411026824046,10932.666666666666,11748.666666666666,16.0,8.387201806383086,16.639422793164368,74.97337540045254,73.3307116880245,76.30592332925471,82.84361139798149,3.8395550755526084,-0.03876500379461242,4584.0
fibra2,RUMORE_AMBIENTALE,campione_1785919071593.wav,1.5,-44.90526117040791,-26.758268511481347,18.146992658926564,0.0,5995.5044979743425,3895.875622626795,0.26561220240803485,10941.333333333332,11756.666666666666,8.666666666666666,8.332907927425373,16.01400130347232,75.65309076910232,72.7802580226984,75.61729078576867,82.36055894660993,3.664885020563676,0.010025814012092337,4685.333333333333
fibra2,RUMORE_AMBIENTALE,campione_1785919072946.wav,1.5,-44.774981617463666,-27.524014141217062,17.250967476246604,0.0,5995.1944915731765,3939.9419824840925,0.2595644462978032,11062.0,11840.0,12.0,10.213189323934914,15.770816715962681,74.0159939601024,73.78004453080445,75.66697255012338,82.3816864614534,3.4052857638247342,-0.03827180603347221,4570.666666666667
fibra2,RUMORE_AMBIENTALE,campione_1785919074465.wav,1.5,-44.550006605016215,-27.39264420591304,17.157362399103175,0.0,5995.845904521487,3937.877196625187,0.2537283981007728,11123.333333333332,11944.0,12000.0,10.72028878823473,15.886368619720098,73.39334259204517,74.47459391048527,76.18277541795318,82.82909573757695,3.558482376169441,0.20485689391944414,4613.333333333333
fibra2,RUMORE_AMBIENTALE,campione_1785919076009.wav,1.5,-44.79802667347569,-25.90683676693589,18.8911899065398,0.0,5995.274005359509,3954.46125019288,0.25666788534088425,11094.0,11836.666666666666,0.0,10.166844038142639,16.14538101912053,73.68777494273682,73.97480008638954,75.98342145718226,82.57689290089007,3.729689282595266,-0.25234111756778627,4671.333333333333
fibra2,RUMORE_AMBIENTALE,campione_1785919077503.wav,1.5,-44.999957600254845,-28.871358311869116,16.12859928838573,0.0,5995.164178005617,3923.5642037515704,0.26649261720189454,11008.0,11816.666666666666,3.333333333333333,9.663403897471346,15.565514765335458,74.7710813371932,73.35211146831364,75.42244502636457,82.23814676324133,3.072143408295923,0.008346490418036041,4638.0
fibra2,RUMORE_AMBIENTALE,campione_1785919079026.wav,1.5,-44.91610325116461,-29.36350109624689,15.552602154917718,0.0,5995.091407764708,3929.819082729293,0.2610202032162652,11039.333333333332,11800.666666666666,8.0,9.657692758939517,15.921961385628784,74.42034585543172,73.5195336359571,75.69076544883242,82.3877166255879,3.1669764565601213,-0.03553754381452344,4644.666666666667
fibra2,RUMORE_AMBIENTALE,campione_1785919080569.wav,1.5,-44.94901733478174,-29.426046024511297,15.522971310270446,0.0,5995.120716428329,3949.350686209852,0.2572805257285941,11093.333333333332,11812.666666666666,4.0,9.856917291781892,16.61473033487993,73.52835237333818,73.6023617673892,75.86988361144557,82.32949898672685,3.0489421141312434,-0.012492852280260593,4567.333333333333
fibra2,RUMORE_AMBIENTALE,campione_1785919082085.wav,1.5,-44.60053106018429,-27.69589150808074,16.904639552103546,0.0,5995.349275855151,3980.0770887693543,0.2545405583922373,11162.0,11832.0,3.333333333333333,10.211332170846083,17.337126008744367,72.45154182040955,74.10157582695815,76.40052284548233,82.61122810836893,3.345936104454137,-0.051446246387055174,4522.666666666667
fibra2,RUMORE_AMBIENTALE,campione_1785919083612.wav,1.5,-44.371866326431224,-27.69589150808074,16.675974818350483,0.0,5995.465712151265,3927.6989513212607,0.2637760862182949,10980.0,11759.333333333332,12.666666666666666,8.407505632683263,17.249618052187728,74.34287631512899,73.32637331673162,76.4474964792384,82.79209524602372,3.4396306157619456,0.042174648992572894,4610.0
fibra2,RUMORE_AMBIENTALE,campione_1785919084977.wav,1.5,-44.780989132443935,-29.465366550603875,15.31562258184006,0.0,5994.978923491574,3918.1597227417074,0.2652385393009573,10968.666666666666,11806.0,2.6666666666666665,9.074475950959851,16.07750800115401,74.84801604788613,73.05101877977927,75.53499058345236,82.21460617203348,3.157382618241666,0.048432645194777295,4600.666666666667
fibra2,RUMORE_AMBIENTALE,campione_1785919086482.wav,1.5,-44.85634337184432,-28.710909109071903,16.145434262772415,0.0,5995.206764553121,3929.39504338872,0.2581076110081447,10980.666666666666,11803.333333333332,3.333333333333333,9.06437897548054,16.56805690859192,74.36756411592754,73.25936559907359,75.87870082736569,82.3998206167096,3.189474847925945,-0.013456864612478856,4583.333333333333
fibra2,RUMORE_AMBIENTALE,campione_1785919088003.wav,1.5,-44.70973924886145,-28.574685187193328,16.135054061668125,0.0,5994.9613594967595,3946.4237568903422,0.26125185717790506,11024.666666666666,11767.333333333332,44.666666666666664,8.650786287937077,17.377152985690167,73.97206072637273,72.96096693166976,75.99019734573734,82.28108827501147,3.221868864203582,0.07870225498560708,4638.666666666667
fibra2,RUMORE_AMBIENTALE,campione_1785919089532.wav,1.5,-44.45960393198136,-28.871358311869116,15.588245620112247,0.0,5995.3839411363415,3920.681649384667,0.2669310356101135,10954.0,11742.666666666666,2.6666666666666665,8.455411744665113,16.778451421783615,74.76613683355127,73.41726272711921,76.39343386709784,82.88296453092075,3.2476317189346524,0.018549126693232165,4702.0
fibra2,RUMORE_AMBIENTALE,campione_1785919091057.wav,1.5,-44.96314639063368,-28.433562839873083,16.5295835507606,0.0,5995.569914996335,3925.3022803333306,0.2642192455581427,11010.0,11804.0,7.333333333333333,9.116144596520256,16.270958195366564,74.6128972081132,73.293806828931,75.80982606986096,82.42383381639988,3.156657158614009,0.004965836282023898,4602.0
fibra2,RUMORE_AMBIENTALE,campione_1785919092574.wav,1.5,-45.10278054334168,-24.305787817572508,20.796992725769172,0.0,5995.1702250174085,3942.521778063314,0.2610416271802241,11056.0,11802.666666666666,18.666666666666664,9.43513369425291,16.27478795061319,74.2900783551339,73.37956290521974,75.74723570814076,82.34139048505315,3.721807765011273,0.06278028844559999,4736.0
fibra2,RUMORE_AMBIENTALE,campione_1785919094095.wav,1.5,-44.89951979973593,-28.805361367443545,16.09415843229238,0.0,5995.426056111139,3911.7241980845224,0.257882613597232,10960.666666666666,11867.333333333332,3.333333333333333,9.837323921601937,15.352000551403746,74.81067552699432,73.37219741973793,75.3050774730623,82.183063463425,3.292684782337602,-0.08611838245028246,4686.666666666667
fibra2,RUMORE_AMBIENTALE,campione_1785919095633.wav,1.5,-44.76773299422067,-29.560468479263328,15.207264514957345,0.0,5995.298510081597,3955.0094425324487,0.25432115566392555,11078.0,11826.0,6.0,10.028627931627,16.46286080598981,73.5085112623832,73.9319294931022,76.08456736524705,82.58289057547513,3.089223083882965,0.08175444728851343,4521.333333333333
fibra2,RUMORE_AMBIENTALE,campione_1785919096979.wav,1.5,-44.205528992821954,-26.60382320747987,17.601705785342084,0.0,5995.266465509098,3960.8917185373966,0.2576175615981003,11087.333333333332,11839.333333333332,3.333333333333333,9.759348681454359,16.65726155129684,73.58338976724876,73.93083935923585,76.25266706255397,82.70442891803457,3.749131214122249,0.049964956319608726,4510.666666666667
fibra2,RUMORE_AMBIENTALE,campione_1785919098514.wav,1.5,-41.334457108195465,-18.77986797560616,22.554589132589307,0.0,5996.178464692633,4014.7886679638486,0.16651468936503788,11997.333333333332,11999.333333333332,0.6666666666666666,23.231711961438453,11.380453131106092,65.38783490745544,80.02743710127177,76.92822050216249,84.52159453114828,7.740875652752912,1.418806432300268,3812.0
fibra2,RUMORE_AMBIENTALE,campione_1785919100035.wav,1.5,-44.37516819088173,-22.961880156519804,21.413288034361926,0.0,5995.258250831019,3960.11239802808,0.2625889937285864,11088.666666666666,11836.666666666666,6.0,9.728158356748622,16.82004154509884,73.45180009815255,73.86773775146226,76.24570207794841,82.64745587234268,4.492515785006582,-0.14182154670238034,4566.666666666667
fibra2,RUMORE_AMBIENTALE,campione_1785919101563.wav,1.5,-44.748807571429616,-28.33612395606499,16.412683615364625,0.0,5996.087040979988,3857.594662757616,0.27075234471772264,10784.0,11694.666666666666,11.333333333333332,6.934058250636118,16.28408618115691,76.78185556820698,72.83716650603496,76.54492557063173,83.27987768305441,3.3486638916371616,-0.06892383884918672,4813.333333333333
fibra2,RUMORE_AMBIENTALE,campione_1785919103071.wav,1.5,-45.33976152685995,-30.378764969196244,14.960996557663709,0.0,5994.975677714285,3877.4351333573504,0.26757032023385663,10846.666666666666,11804.666666666666,11.333333333333332,8.542867250864585,15.540752242244144,75.91638050689127,72.5830669289069,75.18175071832788,82.07038528950157,3.0202960716263014,-0.008903821370608056,4760.0
fibra2,RUMORE_AMBIENTALE,campione_1785919104607.wav,1.5,-44.90931487892999,-28.21243040253977,16.69688447639022,0.0,5995.287966689361,3936.4343483634684,0.26266521691250844,11046.666666666666,11800.666666666666,4.666666666666666,9.716725098296688,16.16126968603306,74.12200521567024,73.45852642523938,75.66808203982946,82.28279886239976,3.2109426376948402,0.007479829428064989,4614.0
fibra2,RUMORE_AMBIENTALE,campione_1785919106131.wav,1.5,-45.064591541273145,-29.132888717100478,15.931702824172667,0.0,5994.97943615002,3907.2782722456336,0.25961596479331567,10997.333333333332,11845.333333333332,6.666666666666666,9.624975073455191,15.40815658125601,74.96686834528879,73.17671098554396,75.22022168302522,82.09140854171025,3.164462240602666,0.03198323225480958,4695.333333333333
fibra2,RUMORE_AMBIENTALE,campione_1785919107653.wav,1.5,-44.655046484481346,-28.617472906253234,16.037573578228113,0.0,5995.250410279479,3910.381243583475,0.2711330638124872,10926.666666666666,11734.666666666666,8.0,8.00757974033856,16.693651944317672,75.29876831534376,72.82706321241153,76.01756403533452,82.55992921505711,3.1903042340995604,-0.020116723633761033,4616.666666666667
fibra2,RUMORE_AMBIENTALE,campione_1785919109035.wav,1.5,-44.15043568743797,-29.14047796126122,15.00995772617675,0.0,5995.39958685937,3967.1026094888393,0.25304984822821275,11102.0,11802.0,9.333333333333332,9.545781935730979,16.88560477645921,73.56861328780981,74.12311233585343,76.60016344467647,82.99192294484601,3.2840433084967735,-0.01025133715945692,4554.0
fibra2,RUMORE_AMBIENTALE,campione_1785919110534.wav,1.5,-44.51586466858993,-27.53031968736073,16.985544981229197,0.0,5995.815155717177,3953.5365454476037,0.2571707502612157,11103.333333333332,11808.0,18.666666666666664,10.19194376978468,15.808610206180347,73.99944602403495,74.21959580976593,76.12596253199617,82.82931030555216,3.392267238982008,0.00042134258972180167,4670.666666666667
fibra2,RUMORE_AMBIENTALE,campione_1785919112061.wav,1.5,-45.15526980629261,-28.827304678647,16.32796512764561,0.0,5995.539527951436,3902.5454672341234,0.2666246949507067,10948.0,11778.0,7.333333333333333,8.406088788726015,16.514511433796965,75.07939977747705,72.73254146047903,75.66525903175055,82.24180965143549,3.0901614803109565,0.00822149149348669,4688.0
fibra2,RUMORE_AMBIENTALE,campione_1785919113571.wav,1.5,-44.79839006497353,-28.30848387096941,16.48990619400412,0.0,5995.170896111448,3921.5533374855395,0.2640619884046178,11005.333333333332,11792.0,7.333333333333333,8.97346533886327,16.062957656177026,74.9635770049597,73.17845091046449,75.70710415922122,82.39735202830295,3.2891622113099253,-0.03909133183182656,4773.333333333333
fibra2,RUMORE_AMBIENTALE,campione_1785919115100.wav,1.5,-44.50032269333391,-27.238798713304554,17.26152398002936,0.0,5995.755740500548,3961.6548058347885,0.25963732001337403,11064.666666666666,11802.0,5.333333333333333,9.133116892579539,17.696512378302298,73.17037072911818,73.7707106958035,76.64339737674766,82.8078730892546,3.426019421886487,0.02221440105304484,4534.0
fibra2,RUMORE_AMBIENTALE,campione_1785919116617.wav,1.5,-44.405942962970656,-24.384472810078716,20.02147015289194,0.0,5995.773256610883,3940.5091119889817,0.2616670789513169,11039.333333333332,11770.666666666666,4.666666666666666,9.080872608739071,17.05645505487679,73.86267233638412,73.70632500214255,76.44393691195857,82.80929933291654,4.0491771515235335,-0.027453017595914037,4601.333333333333
fibra2,RUMORE_AMBIENTALE,campione_1785919118145.wav,1.5,-44.751807601573965,-26.479978226743796,18.27182937483017,0.0,5995.295024742038,3946.512318481595,0.2589928469429007,11089.333333333332,11788.0,2.6666666666666665,10.218186589619764,16.047544468829663,73.73426894155057,74.05282736949526,76.01317495895812,82.6357828675425,3.890574239325055,0.0195667936277189,4643.333333333333
fibra2,RUMORE_AMBIENTALE,campione_1785919119690.wav,1.5,-44.16593034154853,-28.077027981463335,16.088902360085196,0.0,5995.862925175625,3938.036875706343,0.26353240264283134,11000.666666666666,11752.666666666666,5.333333333333333,8.646997624768957,17.222131967261074,74.13087040796995,73.60288388387862,76.59509961464651,82.93422148130352,3.282089589733154,0.02372288604619182,4547.333333333333
fibra2,RUMORE_AMBIENTALE,campione_1785919121025.wav,1.5,-44.325799478712625,-23.488225935858573,20.837573542854052,0.0,5995.871134311079,3938.3404035361054,0.25774333487323514,10981.333333333332,11800.666666666666,2.6666666666666665,9.052417416443962,16.73440555910973,74.21317702444631,73.8613078203,76.52976500436903,82.9984723440222,4.890367031830731,0.021492993335421314,4619.333333333333
fibra2,RUMORE_AMBIENTALE,campione_1785919122569.wav,1.5,-44.4014424346123,-25.72560448049539,18.675837954116908,0.0,5995.338977719528,3926.5092331833366,0.2640686006169251,11018.0,11769.333333333332,3.333333333333333,8.952836269939638,16.800048390778482,74.24711533928189,73.62586684955457,76.35936575463458,82.81305627834891,3.4950947220863924,0.015500468350676738,4651.333333333333
fibra2,RUMORE_AMBIENTALE,campione_1785919124070.wav,1.5,-44.7874432052901,-28.468629053863964,16.31881415142614,0.0,5995.154568538983,3934.594576375985,0.2580517391708889,11010.666666666666,11832.666666666666,2.0,9.356892521200514,16.33592010237809,74.30718737642137,73.49509603611816,75.91521563319503,82.49408785675789,3.2305880660567112,0.0042019294002379895,4630.666666666667
fibra2,RUMORE_AMBIENTALE,campione_1785919125594.wav,1.5,-44.421341635679774,-27.612711084120033,16.80863055155974,0.0,5995.736723892009,3951.265873551466,0.2571999590546353,11032.0,11759.333333333332,6.666666666666666,8.665468732601804,17.82428187554534,73.51024939185285,73.68037400107826,76.81257382100208,82.96593236707382,3.4159926434192576,0.038573704737261794,4622.666666666667
fibra2,RUMORE_AMBIENTALE,campione_1785919127144.wav,1.5,-44.51247947398478,-28.93044622270375,15.582033251281032,0.0,5995.450987515776,3910.2936562048476,0.2628137967099301,10928.666666666666,11790.0,5.333333333333333,8.774046358037058,16.196908243261415,75.02904539870153,73.5865722195098,76.2488941914915,82.90686718180652,3.197902426430021,-0.03795126379869931,4688.0
fibra2,RUMORE_AMBIENTALE,campione_1785919128652.wav,1.5,-44.60933062637,-25.69491225961833,18.914418366751672,0.0,5995.748270621071,3957.511105043836,0.25505844928320553,11056.0,11794.666666666666,6.0,9.24537114617266,17.271398946924492,73.48322990690284,73.76993631779372,76.48396797547015,82.77257518797668,3.603042145687591,-0.0264823769411398,4620.666666666667
fibra2,RUMORE_AMBIENTALE,campione_1785919130162.wav,1.5,-44.41223651828376,-22.891338242476117,21.520898275807646,0.0,5995.498027781393,3945.3404008151706,0.2588296371513311,11035.333333333332,11776.666666666666,3.333333333333333,9.052201605913268,17.179722263189028,73.76807613089771,73.81583413672382,76.59845334411,82.92697653121435,4.211601409680011,0.08060633049790966,4535.333333333333
fibra2,RUMORE_AMBIENTALE,campione_1785919131687.wav,1.5,-43.931136936728194,-26.874469434466953,17.05666750226124,0.0,5996.241715376664,3851.007404776681,0.27220337746709883,10773.333333333332,11674.0,6.666666666666666,7.049217911355809,15.379009848926566,77.57177223971762,73.84377817481092,77.23165256492169,84.259405950745,3.562273157101713,0.001985709297116942,4722.666666666667
fibra2,RUMORE_AMBIENTALE,campione_1785919133052.wav,1.5,-44.48003011419371,-28.560469325746467,15.919560788447242,0.0,5995.388388453712,3919.2576368114183,0.2617325416284664,10998.666666666666,11826.0,10.0,9.450093586965735,15.782848843564834,74.76705756946943,73.5097422545192,75.73723513165424,82.4924840546013,3.218262352033652,0.0019120207318366754,4664.0
fibra2,RUMORE_AMBIENTALE,campione_1785919134577.wav,1.5,-44.36465213090078,-22.832375677371353,21.532276453529427,0.0,5995.765562450043,3975.7417820540454,0.25392626410869673,11132.0,11870.0,7.333333333333333,10.638629624188457,16.67865805785388,72.68271231795765,74.41904244305222,76.37179659748323,82.76449680392619,4.032024512024858,-0.004751178721760892,4544.666666666667
fibra2,RUMORE_AMBIENTALE,campione_1785919136111.wav,1.5,-44.65111980164469,-28.267187963962186,16.383931837682503,0.0,5995.731489403453,3947.7648830491858,0.2628138354218785,11022.0,11757.333333333332,10.666666666666666,8.44159545951179,17.483504371056828,74.07490016943139,73.19544631572049,76.35748582085243,82.62791170490914,3.4837534453663492,0.03570182133603797,4557.333333333333
fibra2,RUMORE_AMBIENTALE,campione_1785919137616.wav,1.5,-44.49323056045227,-27.766902519495797,16.72632804095647,0.0,5995.29306275084,3989.137806359175,0.2506785236674695,11201.333333333332,11806.666666666666,16.0,10.145374833653214,17.64745838513254,72.20716678121426,74.03778962875569,76.44193032102447,82.56091170412009,3.4071498660504753,-0.014643805417564429,4474.666666666667
fibra2,RUMORE_AMBIENTALE,campione_1785919139139.wav,1.5,-44.459505478304386,-26.927271356622448,17.532234121681938,0.0,5995.393823920541,3994.4729543767503,0.2488847845979417,11180.0,11827.333333333332,2.6666666666666665,10.674818462796708,16.807398135576655,72.51778340162663,74.56481958034209,76.53621947747456,82.88565980799375,3.323594264851791,0.05538451720895173,4479.333333333333
fibra2,RUMORE_AMBIENTALE,campione_1785919140661.wav,1.5,-44.65972778174314,-28.398637624304996,16.261090157438147,0.0,5995.7261123809,3931.705428214922,0.26332376769582166,11020.0,11789.333333333332,6.0,9.26657477260375,16.275813552706236,74.45761167469001,73.65423774965886,76.10047246681559,82.70413642066637,3.1785928823818264,0.01811997716897469,4546.666666666667
fibra2,RUMORE_AMBIENTALE,campione_1785919142193.wav,1.5,-44.286961861972614,-19.86011394359672,24.426847918375895,0.0,5995.417958913557,3969.4114078221505,0.2564693597242176,11143.333333333332,11837.333333333332,12.0,10.415465982840951,16.694945253341192,72.88958876381786,74.32575169850638,76.37481464248845,82.77561964997057,6.331430249181208,0.052902934895331086,4468.666666666667
fibra2,RUMORE_AMBIENTALE,campione_1785919143716.wav,1.5,-44.78128421509503,-27.03384802434315,17.747436190751877,0.0,5995.053784793171,3921.3727386918454,0.2681666197965269,11024.666666666666,11813.333333333332,10.0,9.21085408424999,16.300748370046946,74.48839754570305,73.20187093523185,75.68094734528303,82.27975822617978,3.429073628783148,0.07771571207376292,4623.333333333333
fibra2,RUMORE_AMBIENTALE,campione_1785919145101.wav,1.5,-44.29862297076744,-21.78528208762526,22.51334088314218,0.0,5995.855292917883,3955.614640280923,0.25499506416171164,11100.0,11814.666666666666,10.0,9.914107516311233,16.224421082550062,73.8614714011387,74.1710707370705,76.31022658600317,82.89271404305725,5.515860247832325,0.00958819088031786,4564.0
fibra2,RUMORE_AMBIENTALE,campione_1785919146599.wav,1.5,-44.28903489348647,-26.36338735597135,17.925647537515122,0.0,5995.441618183353,3986.8644897799722,0.25416460633856847,11065.333333333332,11779.333333333332,6.666666666666666,9.081983227636664,18.422970292685978,72.49504647967734,74.03410884313774,77.10589840587576,83.05538521430934,3.644286664085757,0.0041405896645489056,4468.666666666667
fibra2,RUMORE_AMBIENTALE,campione_1785919148114.wav,1.5,-44.724258754924364,-29.568440842720523,15.15581791220384,0.0,5995.55555855482,3947.735957370962,0.2578337271261794,11040.666666666666,11806.666666666666,14.0,9.66073768575199,16.23187611812334,74.10738619612468,73.6399369430055,75.89352123757004,82.48844900017262,3.0793963865760228,0.07868442179340558,4558.0
fibra2,RUMORE_AMBIENTALE,campione_1785919149650.wav,1.5,-44.51581776952188,-26.939048835640605,17.576768933881276,0.0,5995.253325054211,3941.2521799776496,0.26283782491273566,11062.0,11816.666666666666,11.333333333333332,9.711073105466673,16.10275492529325,74.18617196924008,73.89583583824593,76.09216543566357,82.72639322220131,3.4143474891868797,0.06539229400871886,4552.0
fibra2,RUMORE_AMBIENTALE,campione_1785919151174.wav,1.5,-38.74269147339236,-18.70190540226115,20.040786071131212,0.0,5996.566695951565,4168.632847205653,0.07653416617538016,11998.666666666666,12000.0,12000.0,38.264935049708676,4.969274431746035,56.76579051854527,85.50411434859507,76.63903435990153,87.21697144560999,16.792461230217384,3.1968767309365758,3744.6666666666665
fibra2,RUMORE_AMBIENTALE,campione_1785919152689.wav,1.5,-43.08000037993688,-27.2022777508587,15.877722629078178,0.0,5995.64323949044,4012.437569104335,0.18194994935636438,11980.666666666666,12000.0,0.0,21.498830179970014,12.499879046560421,66.00129077346958,78.66069990324024,76.30560971750481,83.53207590147136,2.4763116106086738,-0.9309902188688896,3606.6666666666665
fibra2,RUMORE_AMBIENTALE,campione_1785919154212.wav,1.5,-44.65754612171018,-24.33193702797549,20.325609093734695,0.0,5995.082891602094,3935.604352270853,0.26137580518811804,11076.666666666666,11796.666666666666,10.0,9.920146287150281,16.01413877796242,74.0657149348873,73.692742152912,75.77259726546922,82.42373358089952,4.284858945480347,-0.01852098976450365,4583.333333333333
fibra2,RUMORE_AMBIENTALE,campione_1785919155761.wav,1.5,-44.42206675932432,-28.66047244656186,15.761594312762462,0.0,5995.53305248648,3952.728727038749,0.25796064719759915,11037.333333333332,11805.333333333332,6.0,9.521106871609526,16.944733400928154,73.53415972746232,73.97100351083004,76.47447651349307,82.84902045186703,3.3962555332342115,-0.009658672824806048,4570.0
fibra2,RUMORE_AMBIENTALE,campione_1785919157092.wav,1.5,-44.153192014846354,-24.28839864360512,19.864793371241234,0.0,5995.609732716396,3964.3123715843417,0.2552620322046886,11068.666666666666,11790.666666666666,9.333333333333332,9.444666156804354,17.048876731705015,73.50645711149065,74.10074287173373,76.66583446471358,83.01213166755039,4.160931980061529,0.011504282169746603,4538.0
fibra2,RUMORE_AMBIENTALE,campione_1785919158634.wav,1.5,-44.40919680707155,-23.555820747872236,20.853376059199316,0.0,5995.828802484997,3977.8907630368376,0.2540721518695053,11062.0,11780.0,14.0,9.611861380963076,17.741226563817172,72.64691205521974,74.0392779353993,76.70103936685176,82.82337453426706,4.012045097228973,0.014842335666256938,4499.333333333333
fibra2,RUMORE_AMBIENTALE,campione_1785919160139.wav,1.5,-44.531827189931946,-27.28160149338472,17.250225696547226,0.0,5995.228956228545,3943.528769892769,0.2573700171041359,11065.333333333332,11830.666666666666,4.666666666666666,9.808227234509951,16.928129931116143,73.2636428343739,73.73738947426789,76.10757412288037,82.47036937483341,3.6604419710773657,0.006759417257105914,4562.0
fibra2,RUMORE_AMBIENTALE,campione_1785919161662.wav,1.5,-44.12348012992445,-27.57458714831496,16.54889298160949,0.0,5995.408299581556,3956.874036765798,0.25753161041676864,11093.333333333332,11771.333333333332,10.0,9.437178477478968,16.902464836245983,73.66035668627505,73.95970705783517,76.4907857831459,82.88362354720753,3.6176411254646323,0.0016228728750439173,4518.666666666667
fibra2,RUMORE_AMBIENTALE,campione_1785919163187.wav,1.5,-44.568552760273136,-28.638946067754667,15.929606692518469,0.0,5995.664725053076,3952.657858591162,0.26288692283287113,11055.333333333332,11811.333333333332,7.333333333333333,9.553402820212801,16.594255010164908,73.85234216962229,73.67190345823617,76.069900153937,82.55396528798545,3.203914833296162,0.06127483464370333,4558.666666666667
fibra2,RUMORE_AMBIENTALE,campione_1785919164723.wav,1.5,-44.5217481526977,-28.117427539957266,16.40432061274043,0.0,5995.290489445253,3952.7856163578067,0.261345967533993,11109.333333333332,11780.666666666666,6.666666666666666,9.587519777951044,16.69292189621285,73.71955832583609,73.80752056576742,76.21578145104075,82.66628508296252,3.244913807725877,-0.09282600918075212,4624.666666666667
fibra2,RUMORE_AMBIENTALE,campione_1785919166244.wav,1.5,-43.27207926352411,-25.59338112726301,17.6786981362611,0.0,5996.684742505903,3995.8756797625933,0.23650618266380752,10954.0,11579.333333333332,3.333333333333333,6.130756264863551,22.72222387608759,71.14701985904885,74.73438655049067,80.42375438960744,85.38081317919384,5.4748879444097405,-0.013207518344157695,4518.0
fibra2,RUMORE_AMBIENTALE,campione_1785919167753.wav,1.5,-44.615897517801415,-29.316886193397277,15.299011324404137,0.0,5995.229792342979,3939.384024693692,0.25941838435545517,10985.333333333332,11757.333333333332,2.0,8.524392609808038,17.392522356932314,74.08308503325965,73.22598968532083,76.32298094920442,82.61654583958533,3.2409394871289194,-0.027925187120174305,4674.666666666667
fibra2,RUMORE_AMBIENTALE,campione_1785919169121.wav,1.5,-44.50747068823091,-27.990134942481227,16.517335745749683,0.0,5995.658879265887,3936.6063503198293,0.25962396050498937,10990.0,11830.0,4.666666666666666,8.907413219736197,17.083239845193233,74.00934693507057,73.52111472526106,76.349301109215,82.71646444560155,3.3851478038834015,0.014831916364112095,4624.0
fibra2,RUMORE_AMBIENTALE,campione_1785919170657.wav,1.5,-44.458086798546795,-28.732614799836877,15.725471998709917,0.0,5995.628144990715,3934.067212902037,0.2584550916015487,11039.333333333332,11864.0,3.333333333333333,9.759570216864644,15.889237570539027,74.3511922125963,73.83427527736441,75.95099893229778,82.65284771491253,3.191631109737399,-0.028521585161575224,4478.666666666667
fibra2,RUMORE_AMBIENTALE,campione_1785919172164.wav,1.5,-44.67241093230462,-29.102597877718274,15.569813054586348,0.0,5995.695799997858,3972.4268382098453,0.2520117635055842,11058.666666666666,11785.333333333332,16.666666666666664,9.527687245094185,17.497275446051173,72.97503730885465,73.86257281011854,76.50240217047104,82.704441141056,3.150450013552562,-0.01040816554662393,4518.666666666667
fibra2,RUMORE_AMBIENTALE,campione_1785919173683.wav,1.5,-44.722440408220024,-29.117730093026694,15.60471031519333,0.0,5995.283838894305,3915.9818046224154,0.26345018177298746,10941.333333333332,11753.333333333332,6.0,8.279905961241102,16.536480185070644,75.18361385368827,73.08776254979529,76.09193925464803,82.66874047781144,3.160824544647185,0.003380907065884754,4697.333333333333
fibra2,RUMORE_AMBIENTALE,campione_1785919175206.wav,1.5,-44.58424930881114,-28.827304678647,15.756944630164138,0.0,5995.445926858665,3962.554341223335,0.257189438908843,11068.666666666666,11819.333333333332,14.0,9.223427493732137,17.70890906250793,73.06766344375991,73.93276936621506,76.76576406328647,82.92109818246509,3.2674676866001295,-0.03777566913562062,4592.0
fibra2,RUMORE_AMBIENTALE,campione_1785919176730.wav,1.5,-44.78623495556994,-28.89346920050814,15.892765755061799,0.0,5995.2501000596885,3901.4763537402173,0.26174011483697274,10878.666666666666,11764.666666666666,4.0,8.06058999978546,16.47251654296301,75.46689345725153,72.9004551050761,76.00438631462025,82.61435152016232,3.459038290641452,0.008500592530943178,4756.666666666667
fibra2,RUMORE_AMBIENTALE,campione_1785919178263.wav,1.5,-45.01958703517744,-29.536595199798448,15.48299183537899,0.0,5994.9400761304405,3905.0697745189973,0.263959978293537,10975.333333333332,11799.333333333332,4.0,8.699263271904952,16.12846035899306,75.17227636910198,72.68435296574914,75.36545733300885,82.05010523937634,3.1950090796934516,0.0033022333052628067,4585.333333333333
fibra2,RUMORE_AMBIENTALE,campione_1785919179776.wav,1.5,-45.206277915831244,-29.340162373607352,15.866115542223891,0.0,5995.422884318235,3911.223063688288,0.26634955234100255,10966.0,11811.333333333332,9.333333333333332,8.66732951433749,16.28493362289701,75.04773686276549,72.80422714725405,75.54323399577719,82.17875007055662,3.1073468429238424,0.034060273738691124,4660.0
fibra2,RUMORE_AMBIENTALE,campione_1785919181158.wav,1.5,-44.9103125445832,-28.646115601305052,16.264196943278147,0.0,5995.288828470655,3918.846449733071,0.26536736337025296,10941.333333333332,11730.666666666666,7.333333333333333,7.87508478022617,17.335239487632727,74.7896757321411,72.65808084573257,76.08482692478681,82.43394496877804,3.3676696930272074,-0.03254263289703409,4664.0
fibra2,RUMORE_AMBIENTALE,campione_1785919182683.wav,1.5,-45.027871871332366,-26.804562502206906,18.22330936912546,0.0,5995.1075793532,3907.352978062884,0.2640390513328429,10958.0,11784.0,7.333333333333333,8.744342132641798,15.904619624996307,75.35103824236191,72.98039655002034,75.57835800424445,82.334017541696,3.0190567199791953,0.037738913391407114,4721.333333333333
fibra2,RUMORE_AMBIENTALE,campione_1785919184186.wav,1.5,-44.88707378499362,-29.520716055745382,15.366357729248236,0.0,5995.101290947013,3955.9099029921213,0.2595246768683927,11074.666666666666,11842.0,2.0,9.738350790379927,16.573310721498206,73.68833848812187,73.6258081857389,75.93504676846419,82.41494168363278,3.1711377665138007,-0.023144199282976893,4592.666666666667
fibra2,RUMORE_AMBIENTALE,campione_1785919185706.wav,1.5,-45.01982940590988,-29.544545671179673,15.475283734730208,0.0,5995.380420434469,3902.3321261695673,0.26459315778970544,10904.666666666666,11725.333333333332,6.666666666666666,8.014544288655273,16.463808816697547,75.52164689464719,72.529396695394,75.65591150641106,82.27132288386588,3.059029785345084,0.008763975968594705,4656.0
fibra2,RUMORE_AMBIENTALE,campione_1785919187249.wav,1.5,-44.81406943656523,-29.860431005190968,14.953638431374259,0.0,5995.622139060749,3921.014858503867,0.2641063282645103,10971.333333333332,11810.0,2.6666666666666665,9.083244118099698,16.413176179305694,74.5035797025946,73.2529999856448,75.82251643518617,82.39236152238493,3.1997566206182677,0.06386578266010824,4625.333333333333
fibra2,RUMORE_AMBIENTALE,campione_1785919188752.wav,1.5,-44.74604550940593,-28.9601415999859,15.785903909420032,0.0,5995.544484335978,3934.059555292568,0.2620754235481608,11026.0,11860.0,7.333333333333333,9.683794710606122,15.951902654830114,74.36430263456377,73.61210798374033,75.77977714962836,82.46529733848469,3.2366881683129334,-0.009037958823409235,4560.666666666667
fibra2,RUMORE_AMBIENTALE,campione_1785919190276.wav,1.5,-44.50294011030246,-27.14778262267266,17.3551574876298,0.0,5995.783714663593,3971.38127975612,0.2561456454793919,11114.0,11812.666666666666,6.666666666666666,9.830133873189553,17.136083405394196,73.03378272141626,73.9533851194024,76.3669064686913,82.66302874691573,3.274483054515165,-0.010519202654934634,4629.333333333333
fibra2,RUMORE_AMBIENTALE,campione_1785919191802.wav,1.5,-44.598673583258694,-29.012354059272813,15.586319523985882,0.0,5995.6802976621575,3954.567053216264,0.2551641602660806,11128.0,11876.0,110.0,10.460868248688092,16.102386383573922,73.43674536773798,74.29798245936696,76.17120757118792,82.76143934794368,3.206778341194185,0.028798772161384215,4604.0
fibra2,RUMORE_AMBIENTALE,campione_1785919193159.wav,1.5,-45.09619956940807,-30.035404477576684,15.060795091831388,0.0,5995.0486875938295,3937.8031033920997,0.2624014093754709,11011.333333333332,11798.666666666666,8.666666666666666,9.238632262441278,16.058005052898302,74.7033626846604,73.063020257797,75.4638593536386,82.14034496641395,3.153095627194026,0.010716949835328043,4703.333333333333
fibra2,RUMORE_AMBIENTALE,campione_1785919194682.wav,1.5,-44.373351503870346,-27.58727654345742,16.786074960412925,0.0,5995.583823971126,3958.9563283431853,0.2546580818498683,11038.666666666666,11743.333333333332,2.6666666666666665,8.692941357672362,18.272036221880757,73.0350224204469,73.832773715034,77.05897569103823,83.07641788528429,3.763562396219543,-0.01131002829236576,4594.666666666667
fibra2,RUMORE_AMBIENTALE,campione_1785919196229.wav,1.5,-44.605248760999956,-28.84930356604469,15.755945194955267,0.0,5995.679894456787,3910.845610929483,0.2644635237473759,10936.0,11804.666666666666,6.0,9.0206087346705,15.650348158184404,75.32904310714511,73.4005101602126,75.79339173463568,82.61777620837513,3.1834573007396525,0.027333156085796725,4605.333333333333
fibra2,RUMORE_AMBIENTALE,campione_1785919197732.wav,1.5,-44.6784953132281,-23.43688840809042,21.241606905137676,0.0,5995.339028451458,3945.102806773211,0.25793243718622577,11077.333333333332,11830.666666666666,1.3333333333333333,10.343128316218909,15.8223824759296,73.83448920785149,74.01757855272628,75.86377821269375,82.55365217471144,3.9593012153998703,-0.06656605537666706,4618.666666666667
fibra2,RUMORE_AMBIENTALE,campione_1785919199260.wav,1.5,-44.59483871442934,-29.216737357069633,15.37810135735971,0.0,5995.368948680396,3939.075293516745,0.25898412701695883,11064.666666666666,11842.666666666666,4.0,9.580634923680325,16.755388552655177,73.66397652366449,73.79573295245382,76.22333507290199,82.65434163043905,3.2127870755932433,-0.0006488675850161365,4606.0
fibra2,RUMORE_AMBIENTALE,campione_1785919200775.wav,1.5,-44.560633901423756,-29.96833163954642,14.592302261877336,0.0,5995.475028975613,3941.7528344753973,0.2562421723577399,11070.0,11798.0,9.333333333333332,9.392341268686161,16.37891669421075,74.22874203710307,73.78941718367317,76.20453028205974,82.76739954758418,3.1378883626974323,0.0483992621864199,4598.666666666667
fibra2,RUMORE_AMBIENTALE,campione_1785919202298.wav,1.5,-44.66480498298652,-23.76181987752929,20.902985105457226,0.0,5995.573770001739,3938.787839461814,0.2645697493550777,11060.0,11835.333333333332,112.0,9.515654073815709,16.67420090508655,73.81014502109775,73.39910733923611,75.83517118288836,82.29588146967082,3.717028897981537,0.06789803531577232,4604.666666666667
fibra2,RUMORE_AMBIENTALE,campione_1785919203821.wav,1.5,-44.5821327509762,-26.06524643650218,18.51688631447402,0.0,5995.457998772298,3948.1610377506368,0.25401623752904123,11048.666666666666,11816.666666666666,7.333333333333333,9.665221165737444,16.75245204262781,73.58232679163474,74.0225932406125,76.41125911132052,82.83821044583385,3.227607949713062,0.10155840139304453,4558.0
fibra2,RUMORE_AMBIENTALE,campione_1785919205183.wav,1.5,-44.41562671768441,-28.090473633401793,16.32515308428262,0.0,5995.759068190412,3944.521097153142,0.2616966687959173,11055.333333333332,11828.0,6.0,9.448012722984902,16.833158954784693,73.71882832223041,73.81790304534228,76.32615459560355,82.74028259074163,3.227359068586212,0.06184819631791569,4606.0
fibra2,RUMORE_AMBIENTALE,campione_1785919206706.wav,1.5,-44.341951528543646,-27.884369380907508,16.45758214763614,0.0,5995.315382099976,3921.7814824906095,0.2566268897019247,11009.333333333332,11867.333333333332,5.333333333333333,9.489149723874219,15.945242936247796,74.56560733987799,73.84347167696899,76.09751008913877,82.79658428078,3.279259225921381,-0.10216811170736527,4638.0
fibra2,RUMORE_AMBIENTALE,campione_1785919208229.wav,1.5,-44.742871317414625,-27.638220322511163,17.104650994903462,0.0,5995.603292738825,3957.360850752126,0.25621775502880056,11110.666666666666,11790.0,4.0,9.610174163858515,16.80701111578732,73.58281472035416,73.68499603181286,76.11258832086725,82.52544741408074,3.3129559359812077,0.04233968960013697,4590.0
fibra2,RUMORE_AMBIENTALE,campione_1785919209753.wav,1.5,-44.05287526626668,-22.65065587958899,21.402219386677693,0.0,5995.653023408687,3948.16775257586,0.25481174107489757,11092.0,11858.0,3.333333333333333,9.719589882117623,16.40597176487307,73.87443835300931,73.74314063570336,76.01668083086511,82.55160315384254,6.739136560234536,0.0923599656041332,4500.0
fibra2,RUMORE_AMBIENTALE,campione_1785919211284.wav,1.5,-44.75225114979689,-21.62081444276645,23.131436707030442,0.0,5995.22242393133,3905.1686389996394,0.26540298900088755,10918.666666666666,11762.666666666666,4.0,8.614459005184425,15.971370447531259,75.41417054728433,73.12770178466762,75.80884352892569,82.54995128626578,4.695060665109147,0.06171219709669656,4656.666666666667
fibra2,RUMORE_AMBIENTALE,campione_1785919212799.wav,1.5,-44.977422845711956,-29.481144737285106,15.49627810842685,0.0,5995.570583483541,3914.4501491933393,0.2630786883472825,10958.666666666666,11777.333333333332,24.0,8.493979625887143,16.13108538161993,75.37493499249294,72.78989118071603,75.57541493055385,82.27104853726436,3.203236586758319,0.07527750049480395,4628.0
fibra2,RUMORE_AMBIENTALE,campione_1785919214325.wav,1.5,-44.58262777743576,-25.218036998629113,19.364590778806647,0.0,5995.089954383346,3951.8305235049456,0.2572347528431429,11108.666666666666,11882.666666666666,6.0,10.843419141105395,15.475041424301095,73.68153943459352,74.05262764207215,75.59728339140251,82.3745520994182,4.935875007104548,0.16758900369344268,4519.333333333333
fibra2,RUMORE_AMBIENTALE,campione_1785919215864.wav,1.5,-44.77608907492446,-24.41526606920203,20.360823005722427,0.0,5995.659609354523,3960.3490074805236,0.255736620128562,11143.333333333332,11855.333333333332,17.333333333333332,10.967534511384791,15.535568212034969,73.49689727658024,74.15245496765066,75.66463629261462,82.41405492520605,4.8498171463191895,0.0297967089284714,4627.333333333333
fibra2,RUMORE_AMBIENTALE,campione_1785919217208.wav,1.5,-44.418141060402796,-24.472744804489757,19.94539625591304,0.0,5995.424456680589,3952.7498118304156,0.2588366622756286,11048.0,11816.666666666666,12.0,9.613643518918067,16.574015556289034,73.8123409247929,73.87057195458719,76.23596923465806,82.72298160328714,4.279084642288974,0.03504235343980044,4594.666666666667
fibra2,RUMORE_AMBIENTALE,campione_1785919218750.wav,1.5,-44.53469689929794,-28.023452549193053,16.51124435010489,0.0,5995.291592932508,3950.0427428285884,0.2554468141040487,11053.333333333332,11845.333333333332,6.0,9.963412525417572,16.701084965992756,73.33550250858967,73.83908682646363,76.08245255900076,82.50814842611675,3.4966868023349367,0.013513055069146483,4556.0
fibra2,RUMORE_AMBIENTALE,campione_1785919220262.wav,1.5,-44.67898243042679,-27.517713169281986,17.161269261144806,0.0,5995.107647320812,3949.212087284172,0.2626108421685373,11046.0,11792.666666666666,11.333333333333332,9.55092773274803,16.717252071648428,73.73182019560353,73.54514710695815,75.97634042748464,82.42124107049436,3.460457292040763,-0.06243245487670487,4542.0
fibra2,RUMORE_AMBIENTALE,campione_1785919221774.wav,1.5,-44.77631187588094,-22.385011642974717,22.391300232906225,0.0,5995.788951762344,3970.5992444373146,0.25507561777965093,11147.333333333332,11852.0,14.0,10.21201736661501,17.03767571861306,72.75030691477193,74.1408868666386,76.36387489943192,82.66811971805504,4.392839542863568,0.09706288054955102,4572.0
fibra2,RUMORE_AMBIENTALE,campione_1785919223311.wav,1.5,-44.872571376845755,-24.775167971781016,20.09740340506474,0.0,5995.551984486073,3941.0894583897884,0.2585963111457393,11049.333333333332,11834.0,5.333333333333333,9.827610245758606,16.06637073763076,74.10601901661063,73.55660074781268,75.69129934616582,82.33065633909473,3.9056471667030435,-0.0010393951023756004,4560.0
fibra2,RUMORE_AMBIENTALE,campione_1785919224821.wav,1.5,-44.532949465212646,-23.559813342521817,20.97313612269083,0.0,5995.631814413257,3952.151252211162,0.25746836940798695,11070.0,11847.333333333332,8.0,10.091208174384649,16.45946062859581,73.44933119701953,73.82482782290137,75.9495521625481,82.44527462456624,3.6404841076231813,0.09430843841253551,4525.333333333333
fibra2,RUMORE_AMBIENTALE,campione_1785919226343.wav,1.5,-44.79609772962496,-24.31014055607274,20.485957173552222,0.0,5995.296517817027,3956.176000330406,0.2606565728916722,11062.0,11804.0,18.0,9.696978607364095,16.548455145488152,73.75456624714775,73.7954599784039,76.11667017470728,82.60698473586388,4.349566312680528,0.08477194394290088,4709.333333333333
fibra2,RUMORE_AMBIENTALE,campione_1785919227866.wav,1.5,-44.879143929632136,-26.145547989617107,18.73359594001503,0.0,5995.184974450175,3900.6622917453133,0.26653560602629206,10874.666666666666,11725.333333333332,115.33333333333333,7.859589843164723,16.891389737999035,75.24902041883624,72.69838837011419,76.02104336858356,82.5093980498513,3.515849115422659,0.10313988388020685,4759.333333333333
fibra2,RUMORE_AMBIENTALE,campione_1785919229287.wav,1.5,-44.405507546311284,-23.71290812272662,20.692599423584664,0.0,5995.838221237578,3992.8300549990104,0.25300594662148723,11178.0,11842.0,3.333333333333333,10.320803049903834,17.483023782623757,72.19617316747241,74.32691000920669,76.61594058708913,82.7749168831022,5.048227086306182,0.05186769611654651,4522.0
fibra2,RUMORE_AMBIENTALE,campione_1785919230751.wav,1.5,-44.82411387349959,-21.32869227102269,23.495421602476902,0.0,5995.317290884792,3936.78387809596,0.2596109096552271,11030.666666666666,11820.666666666666,4.0,9.318688646466248,16.871830460907667,73.80948089262607,73.38745607143012,75.96553008379003,82.37502956611914,4.722712413597588,0.18746591966711973,4602.0
fibra2,RUMORE_AMBIENTALE,campione_1785919232289.wav,1.5,-44.56964021436499,-27.015994185697178,17.55364602866781,0.0,5995.416549871449,3943.3606348610365,0.25561802291575475,11093.333333333332,11862.666666666666,2.0,9.963366475526998,16.289475121055524,73.74715840341749,73.95409394055683,76.0891037980536,82.64748580002205,3.5447707678995846,-0.06365686562840525,4660.0
fibra2,RUMORE_AMBIENTALE,campione_1785919233797.wav,1.5,-44.79602566013547,-28.967581334397302,15.828444325738168,0.0,5995.651052951269,3941.3138754961897,0.25614767194873844,11092.666666666666,11864.666666666666,6.666666666666666,9.541227146776375,16.669331588850916,73.7894412643727,73.60815219223788,76.03129169783716,82.49205205926451,3.1075329102936795,0.03478763433678664,4612.0
fibra2,RUMORE_AMBIENTALE,campione_1785919235320.wav,1.5,-44.69935585400193,-21.106082250704507,23.593273603297423,0.0,5995.764998536831,3920.434601903795,0.2603036848149887,10992.666666666666,11805.333333333332,2.6666666666666665,9.15680462961845,16.372608377934554,74.470586992447,73.53874377277808,76.06248303045265,82.64115206192166,6.011937913094249,0.2070511257302267,4658.0
fibra2,RUMORE_AMBIENTALE,campione_1785919236842.wav,1.5,-44.94355890542934,-28.267187963962186,16.676370941467155,0.0,5995.02910634119,3932.7607683270576,0.2654958683407442,11060.666666666666,11832.0,5.333333333333333,9.829757150810547,15.763571298426552,74.40667155076292,73.45443164465168,75.50554991374037,82.24512253554265,3.118398879231849,0.040648819298933214,4692.0
fibra2,RUMORE_AMBIENTALE,campione_1785919238391.wav,1.5,-44.694003745143704,-21.034124176412256,23.659879568731448,0.0,5995.605974640064,3949.785325594602,0.2595153136081271,11059.333333333332,11784.666666666666,2.0,9.755153737320681,16.3075384114772,73.93730785120214,73.59626826821273,75.8278111888112,82.39256342055398,6.0311019660658545,0.2424472682213848,4644.0
fibra2,RUMORE_AMBIENTALE,campione_1785919239896.wav,1.5,-44.341929553610164,-24.844341866617437,19.497587686992727,0.0,5995.612387905102,3975.087763318186,0.25280029631845313,11134.0,11837.333333333332,4.0,10.270882847077406,16.836444779055153,72.89267237386744,74.17710441008585,76.32353055721165,82.68786537982226,3.790059353798047,0.0057462806210944505,4526.666666666667
fibra2,RUMORE_AMBIENTALE,campione_1785919241255.wav,1.5,-44.47982622611164,-23.555820747872236,20.924005478239405,0.0,5995.298917304353,3948.632835952506,0.2582401123994965,11074.666666666666,11862.666666666666,6.666666666666666,9.85059746443186,16.63120058118615,73.518201954382,73.87044026821314,76.14505055843827,82.59976331334738,3.847736170648047,0.044821472259542895,4592.666666666667
fibra2,RUMORE_AMBIENTALE,campione_1785919242782.wav,1.5,-44.607835537096314,-28.624624729962115,15.9832108071342,0.0,5995.803478146357,3950.1162227616255,0.25443086023972067,11115.333333333332,11879.333333333332,8.666666666666666,10.137740040459567,16.458617863027808,73.40364209651263,74.19839815489036,76.30292026844914,82.79616273969664,3.1183377548792803,0.011544774502541601,4600.666666666667
fibra2,RUMORE_AMBIENTALE,campione_1785919244296.wav,1.5,-44.49795119859665,-21.21210139915776,23.285849799438893,0.0,5995.24055700144,3945.865936454084,0.25715902187801887,11084.0,11852.666666666666,106.66666666666666,9.483830181371875,16.576751992487786,73.93941782614033,73.55949610232595,75.98465281357468,82.47841868150482,4.882908316699256,0.11460179724888674,4577.333333333333
fibra2,RUMORE_AMBIENTALE,campione_1785919245832.wav,1.5,-44.34381062819803,-23.889465016416572,20.454345611781456,0.0,5995.786917553925,3948.890277050781,0.254480938466175,11106.666666666666,11887.333333333332,112.0,10.435360126290929,16.026048261504535,73.53859161220451,74.21785706568983,76.08104711581896,82.69793573464784,3.5531310293190987,0.09233849001208255,4530.666666666667
fibra2,RUMORE_AMBIENTALE,campione_1785919247372.wav,1.5,-44.705435029080654,-29.379095156777616,15.326339872303038,0.0,5995.264598128061,3959.015900651394,0.253537577100731,11154.0,11888.0,110.0,10.677535643862626,16.87312059053915,72.44934376559826,74.19886051185541,76.18610431703044,82.51449477373869,2.990405140144019,-0.010085954026320305,4502.666666666667
fibra2,RUMORE_AMBIENTALE,campione_1785919248865.wav,1.5,-44.610648727313624,-23.54385396365005,21.066794763663573,0.0,5995.331592845598,3969.9588694937856,0.24414870301211966,11212.0,11885.333333333332,114.66666666666666,11.58107031471121,15.867589558096858,72.55134012719193,74.6954304244262,76.0630530218299,82.66439782882232,3.5042186878970583,-0.04179220769121105,4452.0
fibra2,RUMORE_AMBIENTALE,campione_1785919250388.wav,1.5,-44.24467158660945,-21.313261658442602,22.931409928166847,0.0,5995.615858118099,4004.221974742458,0.24867032907458983,11164.666666666666,11820.666666666666,114.0,10.549083246712817,17.82850451425147,71.62241223903571,74.66921253573629,76.94821449385007,82.98755477990295,9.06414706306019,0.21198264488736104,4459.333333333333
fibra2,RUMORE_AMBIENTALE,campione_1785919251915.wav,1.5,-44.68513308507903,-26.632217771674824,18.052915313404206,0.0,5995.612494581985,3937.0720246589685,0.2585885592898521,11077.333333333332,11862.0,112.66666666666666,9.810176046035668,16.16334051092402,74.02648344304032,73.62313757017398,75.79168078296958,82.40024075175805,3.423747714427109,-0.03889709865031441,4616.0
fibra2,RUMORE_AMBIENTALE,campione_1785919253272.wav,1.5,-44.58744877487257,-25.543057177261737,19.044391597610833,0.0,5995.347621952004,3970.465272296826,0.25838299755521726,11124.0,11861.333333333332,116.0,10.28839239943055,16.739194408701497,72.97241319186794,74.2882297190485,76.40210005293618,82.79634160585113,3.485866874506609,-0.0028063723496463623,4466.0
fibra2,RUMORE_AMBIENTALE,campione_1785919254816.wav,1.5,-44.65163542165364,-26.34685854135926,18.304776880294376,0.0,5995.343227229778,3970.160216301747,0.25667948778433936,11166.0,11852.0,117.33333333333333,10.723760027255087,16.62272658675297,72.65351338599196,74.47146766028335,76.37501940700317,82.78056299905217,3.4707344982665953,0.11205881424308697,4597.333333333333
fibra2,RUMORE_AMBIENTALE,campione_1785919256347.wav,1.5,-44.588436409731244,-22.409464193475912,22.17897221625533,0.0,5995.340022509611,3935.998416663906,0.25878831631327026,11090.0,11845.333333333332,117.33333333333333,9.700469969629713,16.255309535259848,74.04422049511044,73.94757370487554,76.18959838746746,82.77455760378649,3.9870090369634967,0.10543975572467187,4548.0
fibra2,RUMORE_AMBIENTALE,campione_1785919257855.wav,1.5,-44.599294760883545,-19.894089182998492,24.705205577885053,0.0,5995.685121489519,3982.3815396944938,0.2522192254643682,11176.666666666666,11812.666666666666,120.0,9.946464556614986,17.68186829713196,72.37166714625303,74.24142198702785,76.7400161072012,82.8604203640812,12.177184674218909,0.37401311904691564,4563.333333333333
fibra2,RUMORE_AMBIENTALE,campione_1785919259365.wav,1.5,-44.633054790811364,-21.50656653212822,23.126488258683146,0.0,5995.198791648122,3945.7595596600254,0.2597417517424494,11076.0,11834.666666666666,123.33333333333333,10.143467537941373,15.952039597828099,73.90449286423053,73.83591556201641,75.80221331549733,82.4607595372307,4.853680362337291,0.11375534177096874,4581.333333333333
fibra2,RUMORE_AMBIENTALE,campione_1785919260912.wav,1.5,-44.74368674890809,-22.16118049838277,22.58250625052532,0.0,5995.145290518703,3899.37796004957,0.2607431414232242,11016.0,11879.333333333332,4.666666666666666,9.753007929894347,14.89660032615211,75.35039174395354,73.67652209753327,75.51600798282972,82.55599146962636,4.007688815905676,0.03313025134150475,4676.0
fibra2,RUMORE_AMBIENTALE,campione_1785919262419.wav,1.5,-44.38024367983813,-23.75773336157334,20.62251031826479,0.0,5995.432101475752,3993.173311422382,0.24911552969704895,11210.0,11851.333333333332,4.0,10.922424229267927,16.826102039001405,72.25147373173068,74.67396486094957,76.55060963770039,82.87924155412486,3.868603143953666,-0.0007574952434049381,4516.0
fibra2,RUMORE_AMBIENTALE,campione_1785919263935.wav,1.5,-44.63472716197281,-19.896708175797542,24.73801898617527,0.0,5995.740571526449,3979.3585211750187,0.25280361359133924,11120.666666666666,11787.333333333332,13.333333333333332,9.927832250898666,17.474495442541535,72.59767230655979,73.93252994378267,76.38803208842496,82.57321260208315,6.4301268919317085,0.18398503046507583,4520.666666666667
fibra2,RUMORE_AMBIENTALE,campione_1785919265327.wav,1.5,-44.823283194944636,-27.838498866179275,16.98478432876536,0.0,5995.397170335702,3927.4316845917338,0.26213320169159826,11006.666666666666,11801.333333333332,5.333333333333333,9.205952805873407,16.507247441821896,74.28679975230469,73.4674349048199,76.00349407681549,82.53586395826979,3.256812223433897,-0.03939571466595859,4598.0
fibra2,RUMORE_AMBIENTALE,campione_1785919266818.wav,1.5,-44.361356743015776,-26.851104553002934,17.510252190012842,0.0,5995.765965711984,3953.090242027626,0.25428512379890417,10985.333333333332,11731.333333333332,118.0,8.2561272187971,18.799913653165426,72.94395912803748,73.85464610875266,77.42844089070621,83.31677566003967,3.6109671604667266,-0.0025285899207463207,4659.333333333333
fibra2,RUMORE_AMBIENTALE,campione_1785919268344.wav,1.5,-40.69590376241858,-22.164580729205852,18.53132303321273,0.0,5997.020129065579,4148.56958877506,0.05203869975906885,11998.666666666666,11999.333333333332,1.3333333333333333,42.00462741528666,3.0913855692686716,54.90398701544468,86.778984069528,75.44754445408441,87.9420515329486,15.06191337699935,2.66485010705793,3782.6666666666665
fibra2,RUMORE_AMBIENTALE,campione_1785919269868.wav,1.5,-44.54028891085554,-27.480003025683764,17.060285885171773,0.0,5995.384383699895,3911.811618969327,0.2593611060005506,10971.333333333332,11879.333333333332,0.0,9.590862897250824,15.439834162489477,74.96930294025971,73.90350761438287,75.97135710020862,82.83376551526771,3.188052219675746,-0.3043389288940901,4575.333333333333
fibra2,RUMORE_AMBIENTALE,campione_1785919271388.wav,1.5,-44.90095039388319,-22.586156403595158,22.314793990288035,0.0,5995.3673171255705,3928.453006419914,0.26122240076417036,11028.0,11805.333333333332,14.0,8.886579593016199,16.647401519905603,74.46601888707819,73.21354460616264,75.93966280039234,82.44577961748897,4.238227891440392,-0.02743084055647409,4696.0
fibra2,RUMORE_AMBIENTALE,campione_1785919272911.wav,1.5,-44.87231874627505,-23.440826694038197,21.43149205223685,0.0,5995.466540858908,3964.5522277399714,0.25161266610522276,11113.333333333332,11840.0,12.666666666666666,10.235728971201544,16.55523688390182,73.20903414489662,74.2488541013587,76.33702031643426,82.79331309516647,3.905852035824556,0.056448981585490644,4604.0
fibra2,RUMORE_AMBIENTALE,campione_1785919274434.wav,1.5,-44.82595953169476,-22.712015005247505,22.113944526447252,0.0,5995.59767382891,3915.05747672901,0.26300273758777115,10946.0,11790.666666666666,2.0,8.521870374749543,16.710422923117942,74.76770670213253,73.04661005633763,75.97113523291742,82.47840141763945,4.178099324517414,0.14987890496727407,4646.0
fibra2,RUMORE_AMBIENTALE,campione_1785919275974.wav,1.5,-44.87287020197759,-25.818337277353365,19.054532924624226,0.0,5995.239977095737,3929.712010355107,0.2605634606721436,10978.666666666666,11790.666666666666,5.333333333333333,8.888908983166477,16.684481608848575,74.42660940798494,73.30745620237319,76.04209878475746,82.53625395561926,3.7629028240144518,0.03807421521480232,4688.666666666667
fibra2,RUMORE_AMBIENTALE,campione_1785919277318.wav,1.5,-45.110722310450875,-23.93521316360035,21.175509146850526,0.0,5995.010041334017,3920.4838116277997,0.2635315685666616,11001.333333333332,11814.0,2.0,9.464865277898179,15.619903962335723,74.9152307597661,73.190691767473,75.36633099441308,82.17524861719232,4.0977134583918975,0.005456452914046402,4751.333333333333
fibra2,RUMORE_AMBIENTALE,campione_1785919278857.wav,1.5,-44.877529915304464,-28.239766033014032,16.637763882290432,0.0,5995.581426033903,3908.7550731003034,0.2685915845459612,10938.0,11786.666666666666,110.66666666666666,8.964212813867201,16.34016199207255,74.69562519406024,73.01451139236528,75.6219533863185,82.22234147544427,3.2598735726466677,0.04169840572965623,4744.0
fibra2,RUMORE_AMBIENTALE,campione_1785919280364.wav,1.5,-45.10374102117531,-30.128483578690997,14.975257442484313,0.0,5995.082371419841,3890.5558668584113,0.2650948237507066,10946.0,11864.666666666666,5.333333333333333,9.199546415997553,15.29887317813247,75.50158040586997,73.14830196151706,75.35723225692755,82.29019823600493,2.9580182878327648,-0.0005039434669223469,4727.333333333333
fibra2,RUMORE_AMBIENTALE,campione_1785919281887.wav,1.5,-45.37254890043805,-29.347934982075348,16.0246139183627,0.0,5994.867758290435,3883.686570137134,0.26468920581618594,11000.666666666666,11876.0,3.333333333333333,9.427104231145485,14.862712908272023,75.71018286058248,72.93654627729654,74.91374407764934,81.98430613952041,3.0320856470576425,0.043121972798415155,4676.666666666667
fibra2,RUMORE_AMBIENTALE,campione_1785919283418.wav,1.5,-44.90272349102224,-28.17838140003998,16.72434209098226,0.0,5995.262151394694,3921.5051784502116,0.2625621561933614,11008.666666666666,11849.333333333332,4.0,9.603798427726252,15.819060562505253,74.5771410097685,73.50939106131219,75.67676758703372,82.41101800199324,3.3396113699427783,-0.024016625138219467,4681.333333333333
fibra2,RUMORE_AMBIENTALE,campione_1785919284939.wav,1.5,-44.97284042735978,-24.642973976884186,20.329866450475592,0.0,5995.178967564779,3881.5465196554396,0.26599180594289445,10867.333333333332,11802.666666666666,4.666666666666666,8.437893611754022,15.361059129012512,76.20104725923346,72.55986116795515,75.16173232348562,82.11713011519589,4.454636582778199,-0.08213165086996177,4698.666666666667
fibra2,RUMORE_AMBIENTALE,campione_1785919286456.wav,1.5,-45.43226997362635,-28.363852277812587,17.06841769581376,0.0,5995.061917449277,3890.4665775501717,0.26908105364273577,10942.0,11866.666666666666,4.0,9.43366063125551,15.053086772278666,75.5132525964658,72.85852742866825,74.88798059182137,81.89195671207233,3.004694034023326,-0.04159409797199354,4669.333333333333
fibra2,RUMORE_AMBIENTALE,campione_1785919287979.wav,1.5,-45.27594897360111,-28.952708232485165,16.323240741115946,0.0,5995.064606876297,3914.5812324109465,0.26467756491699324,10950.666666666666,11826.666666666666,10.0,9.18176907783102,15.875825156312455,74.9424057658565,73.08227930747977,75.4603787200696,82.2002919521757,3.3023827638066976,0.05292086936259202,4741.333333333333
fibra2,RUMORE_AMBIENTALE,campione_1785919289347.wav,1.5,-45.15640163798647,-29.496951637696842,15.659450000289628,0.0,5995.128905121452,3912.342606242461,0.257913179503551,11040.0,11908.666666666666,2.0,10.218983827352982,15.25180547749128,74.52921069515574,73.76185802700385,75.50099348483138,82.39104612705981,3.140224602789501,0.00703791343722149,4699.333333333333
fibra2,RUMORE_AMBIENTALE,campione_1785919290874.wav,1.5,-45.31021367895149,-28.805361367443545,16.504852311507946,0.0,5995.420441960467,3920.069280426289,0.2588800716286444,11017.333333333332,11862.666666666666,10.0,9.570114381223375,15.708430297219584,74.72145532155706,73.22903887562819,75.38119548387562,82.15432080996841,2.9432823725950117,0.001978302496580335,4686.666666666667
fibra2,RUMORE_AMBIENTALE,campione_1785919292398.wav,1.5,-45.05105083155961,-28.827304678647,16.223746152912607,0.0,5995.124722084982,3927.4136980480653,0.26189095372438803,11051.333333333332,11845.333333333332,12.666666666666666,9.5524478400519,15.859700462827647,74.58785169712046,73.48708728575237,75.68889034294895,82.41262152264211,3.0880071912853673,-0.035940668176961586,4680.0
fibra2,RUMORE_AMBIENTALE,campione_1785919293916.wav,1.5,-44.997943195877326,-29.371294626947133,15.626648568930193,0.0,5995.173415880073,3886.639871858208,0.26577069196516856,10890.0,11787.333333333332,4.666666666666666,8.481157997722239,15.689046610157488,75.82979539212026,72.97805789294354,75.64947188664705,82.4919051957601,3.033897007783928,-0.017239893689178935,4703.333333333333
fibra2,RUMORE_AMBIENTALE,campione_1785919295433.wav,1.5,-45.203442822248036,-29.60841279258313,15.595030029664905,0.0,5994.933277929378,3910.347573842197,0.2560135752691977,10978.666666666666,11876.0,8.0,9.712275250542978,15.072758397839685,75.21496635161732,73.20541106404862,75.11412862256377,82.09524389939708,3.0714275124784596,-0.006543974752687393,4629.333333333333
fibra2,RUMORE_AMBIENTALE,campione_1785919296955.wav,1.5,-45.36264747085605,-24.633930884458902,20.728716586397145,0.0,5995.078686490259,3905.583278270691,0.26932087564750934,10961.333333333332,11774.0,1.3333333333333333,8.886336710048106,16.208891204952796,74.9047720849991,72.77219848977039,75.38250391270708,82.03006570926532,4.585690927891618,-0.0020268715300063643,4767.333333333333
fibra2,RUMORE_AMBIENTALE,campione_1785919298494.wav,1.5,-45.2855932091864,-23.342901310599203,21.9426918985872,0.0,5995.191713297464,3906.6749930782453,0.2629943489356852,10971.333333333332,11864.666666666666,2.0,9.613603221334337,14.965176767589035,75.42122001107663,72.97237220334165,74.8943287770769,81.91844579905187,4.587329407021452,0.09920371904510826,4684.666666666667
fibra2,RUMORE_AMBIENTALE,campione_1785919300001.wav,1.5,-44.94791532167853,-23.644084587819897,21.303830733858632,0.0,5995.032082344767,3924.739435839862,0.2619507917415589,11009.333333333332,11806.666666666666,3.333333333333333,9.148670093184965,16.210774511192966,74.64055539562207,73.0849820125416,75.56943999183288,82.20115096618052,3.7182472640737076,0.051453788926457966,4664.0
fibra2,RUMORE_AMBIENTALE,campione_1785919301373.wav,1.5,-44.96696267666846,-28.329205684563146,16.637756992105313,0.0,5995.685792359694,3913.0568897415956,0.26082991144641415,10978.666666666666,11831.333333333332,2.6666666666666665,9.174833405823192,16.11233451118664,74.71283208299018,73.3747451155662,75.82034794136224,82.48271523558836,3.499083044674607,0.03638088727452078,4694.666666666667
fibra2,RUMORE_AMBIENTALE,campione_1785919302886.wav,1.5,-45.08768938325842,-28.710909109071903,16.37678027418652,0.0,5995.145442348674,3948.054701048975,0.2554205648738858,11095.333333333332,11865.333333333332,6.666666666666666,10.220915913076977,16.05955635377382,73.71952773314919,73.75669917297732,75.71913645609493,82.33762646263023,3.1714771764753715,0.02385607135895904,4623.333333333333
fibra2,RUMORE_AMBIENTALE,campione_1785919304411.wav,1.5,-44.66702766546266,-29.042331274161764,15.624696391300898,0.0,5995.270668554096,3929.11453046889,0.2620329576020158,11006.666666666666,11780.666666666666,9.333333333333332,8.55222212164977,17.270938557805845,74.17683932054437,73.29965906168178,76.3520287330929,82.68155258228839,3.1338892700317276,0.017841181349603462,4561.333333333333
fibra2,RUMORE_AMBIENTALE,campione_1785919305940.wav,1.5,-44.75681616979536,-29.117730093026694,15.639086076768663,0.0,5995.453336025157,3950.9670344535725,0.2519291927377302,11046.0,11842.666666666666,16.666666666666664,9.464338508362832,17.085496342607513,73.45016514902966,73.90423996964653,76.46961331577009,82.8032650839389,3.274961344893911,-0.033661658603984415,4594.0
fibra2,RUMORE_AMBIENTALE,campione_1785919307478.wav,1.5,-44.47759817021998,-28.294696742023582,16.182901428196395,0.0,5995.666555901306,3934.8061230484586,0.2635208585097066,11034.666666666666,11805.333333333332,15.333333333333332,9.174105101295686,16.710212208073937,74.11568269063036,73.68581622725144,76.28999876659326,82.75928024807926,3.190224409380092,-0.029367068548846288,4604.666666666667
fibra2,RUMORE_AMBIENTALE,campione_1785919308978.wav,1.5,-45.12248678975881,-29.178523967727163,15.943962822031647,0.0,5995.381266550423,3906.1038180005717,0.27048466999860477,10962.666666666666,11822.666666666666,108.0,9.069218620412205,15.670509433249086,75.26027194633869,73.01943961746342,75.39457205919531,82.20939873995295,3.217672068333263,-0.0064285558345788104,4675.333333333333
fibra2,RUMORE_AMBIENTALE,campione_1785919310501.wav,1.5,-45.004742121500186,-28.790763230563808,16.213978890936378,0.0,5995.172995476459,3921.933788135717,0.26221186918721373,11096.0,11888.666666666666,5.333333333333333,10.626232182008094,14.905427904373914,74.468339913618,73.98610186987003,75.45575334277453,82.4420255845901,3.104737477079694,-0.04643705909496502,4620.666666666667
fibra2,RUMORE_AMBIENTALE,campione_1785919312024.wav,1.5,-45.244332745462174,-28.841964411068478,16.402368334393696,0.0,5995.548109585135,3898.3965391962993,0.26954749646475196,10928.0,11815.333333333332,5.333333333333333,8.751145877059649,16.007636349762233,75.2412177731781,72.82460939025115,75.44723225403035,82.16851831616957,3.226799207343534,0.022777857895775543,4779.333333333333
fibra2,RUMORE_AMBIENTALE,campione_1785919313395.wav,1.5,-45.093381262734894,-27.917282983846896,17.176098278888,0.0,5995.059816753848,3907.27413209726,0.26791256418596454,10956.666666666666,11818.666666666666,8.0,8.593902775592762,16.365791315282316,75.04030590912492,72.84208846090209,75.63955419034808,82.25313005786535,3.0506111197329355,-0.016023487975539843,4644.0
fibra2,RUMORE_AMBIENTALE,campione_1785919314924.wav,1.5,-45.0359387046181,-29.664684368964323,15.371254335653774,0.0,5995.070408965562,3922.078772695473,0.26400092655462315,11044.666666666666,11868.0,21.333333333333332,9.97636993273475,15.486653117105261,74.53697695015998,73.54237520374902,75.45222546349751,82.2763675035838,2.9111894155065565,0.026523337146737373,4659.333333333333
fibra2,RUMORE_AMBIENTALE,campione_1785919316490.wav,1.5,-44.986771578376604,-29.473252061249582,15.513519517127023,0.0,5995.342940804883,3914.161955400298,0.25845109672136907,10988.666666666666,11876.0,110.66666666666666,9.84211400886545,15.306651633002609,74.85123435813193,73.39574733142831,75.31366539766128,82.20685308254359,3.1305311044719133,0.0064564642730250135,4629.333333333333
fibra2,RUMORE_AMBIENTALE,campione_1785919317955.wav,1.5,-44.91879615229518,-29.943312257778576,14.975483894516604,0.0,5995.527756058064,3927.359909215768,0.25995853547524,11050.0,11880.0,6.0,10.068557621064446,15.80880987191628,74.12263250701929,73.68447552754343,75.64379469284803,82.35431128067296,3.0443376411997134,0.004299001155399754,4635.333333333333
fibra2,RUMORE_AMBIENTALE,campione_1785919319489.wav,1.5,-45.02142869440188,-29.473252061249582,15.548176633152295,0.0,5995.225469822048,3941.7848920783913,0.259775873490776,11077.333333333332,11870.0,6.0,10.193990774884089,15.40197694966212,74.40403227545377,73.74624432395022,75.53856665257479,82.37876668634661,3.210444239137246,0.07539848946458251,4696.666666666667
fibra2,RUMORE_AMBIENTALE,campione_1785919321001.wav,1.5,-45.215334147746816,-30.265677180860994,14.949656966885822,0.0,5995.15414125186,3921.7385258746945,0.2603460390744584,11020.0,11861.333333333332,10.666666666666666,9.797900695156976,15.759858023922602,74.44224128092043,73.3806506180301,75.44484329108964,82.1875146861492,2.9425351282338763,0.012629381788922997,4676.0
fibra2,RUMORE_AMBIENTALE,campione_1785919322525.wav,1.5,-45.1119975337308,-23.595829522005175,21.516168011725625,0.0,5995.605770102055,3917.8537505271383,0.2590930972799118,11004.0,11840.666666666666,5.333333333333333,9.59073218694907,15.6434589271925,74.76580888585845,73.40631067125653,75.53112089519315,82.32482339543346,3.9783728194155294,-0.060279652132777514,4756.0
fibra2,RUMORE_AMBIENTALE,campione_1785919324047.wav,1.5,-45.316168758971315,-21.224300684222293,24.091868074749023,0.0,5994.914004917258,3896.4867243743042,0.26789165347812166,10897.333333333332,11812.0,116.0,8.55249618282239,16.426385361598157,75.02111845557945,72.50020395664251,75.33469513765093,81.93111041203798,6.410967715049885,0.08292125038435898,4742.0
fibra2,RUMORE_AMBIENTALE,campione_1785919325421.wav,1.5,-44.924579669051646,-21.720413305673475,23.20416636337817,0.0,5995.679817645346,3914.2713196299464,0.26231617197458956,10997.333333333332,11830.0,33.33333333333333,9.203121494099875,15.756255335331861,75.04062317056827,73.23927064171697,75.57444918891494,82.35288340771264,6.690809537269063,0.18276865439819406,4748.0
fibra2,SWEEP,campione_1785919533202.wav,14.0,-44.26357381308769,-19.930827139196158,24.33274667389153,0.0,5995.690375779263,3993.2263376111064,0.2494664648016447,11175.714285714284,11822.0,7.642857142857142,10.707598508831522,16.86871244893354,72.42368904223493,84.63582198286026,86.60972054861757,92.93770762416568,4.151968433949944,0.022941440349283155,4515.285714285715
fibra2,SWEEP,campione_1785919555528.wav,14.0,-44.02611956468503,-23.370209317180706,20.655910247504327,0.0,5995.967291837921,3950.1987730157484,0.2552539936863988,10997.857142857143,11730.714285714284,3.0,8.56225711450913,17.758568841276496,73.67917404421438,84.00320025008483,87.17139723128602,93.35076508664726,3.8285391122967667,0.042398694073301574,4603.785714285715
fibra2,SWEEP,campione_1785919678814.wav,14.0,-44.54813537718437,-15.79729920024036,28.750836176944013,0.0,5995.568621063089,3986.0941430656335,0.25050335050349953,11200.785714285714,11832.0,7.5,11.37684798863129,16.10471753890878,72.51843447245993,84.54942321178372,86.05873477983685,92.59368785842169,5.858264567397891,0.10960549233807335,4514.0
fibra2,SWEEP,campione_1785919696252.wav,14.0,-34.91336331704078,-4.926682145975864,29.98668117106492,0.0,5997.125497827067,4454.938261338636,0.01664736708800601,11997.642857142857,11999.0,1.2857142857142856,47.48744761836174,1.067932690918807,51.444619690719456,102.87999723714643,86.39964777284256,103.22760857212504,451.66845740038514,18.409221434277615,4129.142857142857
fibra2,SWEEP,campione_1785919713515.wav,14.0,-40.22361875538817,-12.220097842189595,28.003520913198578,0.0,5996.274288183253,4242.138498037871,0.049264854184956665,11996.357142857141,11998.857142857141,1.0,42.513387649062324,3.114227497025899,54.37238485391176,97.07859643071231,85.7268426525868,98.14712312501618,206.27280421247528,9.926309718105507,4355.428571428572
fibra2,SWEEP,campione_1785919754327.wav,14.0,-44.84782350227003,-21.57302839045469,23.27479511181534,0.0,5995.555228758875,3952.1580172763347,0.25566441867620454,11096.571428571428,11837.0,2.2857142857142856,10.184363866936346,16.300158433177124,73.5154776998865,83.74446719138183,85.78704637393415,92.32891595344057,4.11276697704294,0.03180665507517228,4622.642857142857
fibra2,SWEEP,campione_1785919771946.wav,14.0,-44.91814078132101,-23.636023436887704,21.282117344433303,0.0,5995.256354326118,3964.559953357057,0.2550278929259019,11170.42857142857,11855.42857142857,10.071428571428571,11.091023720582962,15.671965407624484,73.23701087179256,83.93573617167677,85.43725447419392,92.1333259354168,3.520717843919063,-0.00271222718450431,4596.785714285715
fibra2,SWEEP,campione_1785919819011.wav,14.0,-40.202813760284215,-12.139298286483186,28.06351547380103,0.0,5996.276333795619,4253.546181910688,0.044017121087081876,11994.714285714284,11998.357142857141,14.428571428571427,43.35017272300171,2.6829831262056687,53.9668441507926,97.60362495318597,85.51989604433699,98.55498685441687,191.65952941624505,9.016845656626023,4370.714285714285
fibra2,SWEEP,campione_1785919835612.wav,14.0,-44.792063523924384,-24.103631227231052,20.688432296693332,0.0,5995.2819034700815,3959.5359242658033,0.2565021824693786,11122.642857142857,11840.214285714284,3.7857142857142856,10.767717453837884,15.836198962920715,73.39608358324139,83.8067267488921,85.48199973303429,92.14221910368153,3.250784843757602,0.003379833999289273,4618.642857142857
fibra2,SWEEP,campione_1785919855755.wav,14.0,-44.63554708956955,-26.161697773250125,18.473849316319424,0.0,5995.436329505369,3961.310987219909,0.25570794381990203,11102.071428571428,11826.571428571428,2.8571428571428568,10.105387204134676,16.575159600217457,73.31945319564787,83.80161025273259,85.95065785279053,92.40827283818655,3.2850351448553905,0.02306718055243559,4540.857142857143
fibra2,SWEEP,campione_1785919873706.wav,14.0,-44.7745361477771,-27.721646573436036,17.052889574341062,0.0,5995.4884684374265,3961.619067217913,0.2578700702295071,11078.857142857143,11801.142857142857,3.642857142857143,9.642423991398427,16.98784496393916,73.36973104466242,83.43416753369455,85.8936881808075,92.24747456304213,3.251165211214185,-0.001476451319335748,4551.0
fibra2,SWEEP,campione_1785919889284.wav,14.0,-44.8572767909232,-21.48452511129387,23.37275167962933,0.0,5995.209648835674,3947.3445426200824,0.2609535901782539,11061.0,11818.642857142857,6.571428571428571,9.799126951986095,16.375327565684767,73.82554548232913,83.17650638808102,85.40653250836996,91.94669919193208,3.7058788572743975,-0.019645345820880507,4604.0
fibra2,SWEEP,campione_1785919905707.wav,14.0,-44.647767883382784,-25.242238433844534,19.40552944953825,0.0,5995.435173449089,3989.070128347762,0.24325665042383707,11251.642857142857,11913.0,2.642857142857143,11.897284499113972,16.097440230373515,72.0052752705125,84.6265631412042,85.9396528838673,92.44572782150435,3.3593893379043775,-0.025661780446644702,4523.214285714285
fibra2,SWEEP,campione_1785919923325.wav,14.0,-43.23601549984596,-19.44254060479669,23.793474895049272,0.0,5995.782370408523,3998.258894481483,0.22014730787836934,11535.714285714284,11996.5,1.7142857142857142,15.509008466546515,14.347311854710807,70.14367967874267,86.50096226179109,86.16282731396205,93.0550073798371,18.474238105001426,1.3207988586378323,4442.5
fibra2,SWEEP,campione_1785919963642.wav,14.0,-44.076052983729035,-19.86533226129803,24.210720722431006,0.0,5995.545047286934,4014.1921298537754,0.23930509477556278,11389.785714285714,11948.357142857141,8.857142857142856,13.688362541143288,15.09181270032126,71.21982475853545,85.18993021872666,85.6138292941567,92.35242423470667,14.452558830035816,-0.41200340897357146,4435.428571428572
fibra4,MOTORE,campione_1785922655880.wav,5.0,-20.321302165049808,-11.032298054217888,9.28900411083192,0.0,5999.782640242317,5012.014045887061,0.0005908260198895441,11901.2,11901.400000000001,98.80000000000001,49.89324753807111,0.07633700043396713,50.03041546149492,110.47820917346071,82.3251423527089,110.49013253733011,0.3995439327365866,0.02122155632483091,206.4
fibra4,MOTORE,campione_1785922660932.wav,5.0,-20.328610698300608,-11.235737392585952,9.092873305714656,0.0,5999.62118039067,4868.786279965654,0.00047070901833714835,11901.2,11901.2,98.80000000000001,49.92967092348783,0.042539738602610844,50.02778933790959,110.50452739003273,79.80888852217433,110.51305347693635,0.37847065692188764,0.043061677216923076,205.0
fibra4,MOTORE,campione_1785922665837.wav,5.0,-20.712751328329347,-10.342067922696575,10.370683405632771,0.0,5999.578128242352,5067.397575837614,0.0005717598328218574,11901.2,11901.2,98.80000000000001,49.92150267180713,0.04745089449531456,50.03104643369756,110.16527426013528,79.94484180289754,110.17479363123472,0.9084576052419249,0.07634854648302446,248.0
fibra4,MOTORE,campione_1785922716163.wav,5.0,-23.11022834983199,-11.529602721980282,11.580625627851706,0.0,5999.4970441527985,4691.318805956132,0.0008871455228255103,11901.2,11901.400000000001,98.80000000000001,49.840159699617836,0.09771360414265456,50.06212669623951,107.6733751641911,80.59713123610783,107.692673861729,0.8663608460762529,-0.01670924746553219,379.8
fibra4,MOTORE,campione_1785922721234.wav,5.0,-23.324798384849714,-14.224846552879345,9.099951831970369,0.0,5999.488334614955,4719.384895753612,0.00093148159936589,11901.2,11901.400000000001,98.80000000000001,49.842352493284636,0.0931914646295575,50.064456042085816,107.48698531329923,80.20476136379133,107.50629500919999,0.8573249814117991,0.01724743252088961,420.8
fibra4,MOTORE,campione_1785922726118.wav,5.0,-23.369266379436002,-14.201700505310155,9.167565874125847,0.0,5999.246201465276,4702.864308505391,0.0009102687027403814,11901.2,11901.400000000001,98.80000000000001,49.84259169780933,0.0953512251437485,50.0620570770469,107.46920907885162,80.28646568910665,107.48828982387354,0.8645177741453733,0.009660647477108694,412.8
fibra4,MOTORE,campione_1785922731190.wav,5.0,-23.566134195466194,-14.381675554155802,9.184458641310393,0.0,5999.235102075899,4714.9552192443325,0.0009813944230103872,11901.2,11901.400000000001,98.80000000000001,49.83216393721705,0.10089792139932152,50.06693814138364,107.24517661566905,80.3089013437928,107.26558947763748,0.8993989740738546,0.026246363680533586,399.4
fibra4,MOTORE,campione_1785922736106.wav,5.0,-23.39877230983838,-14.142077940135959,9.256694369702423,0.0,5999.193295522083,4708.322359135167,0.0009770601075725209,11901.2,11901.400000000001,98.80000000000001,49.83474280292989,0.09837486512663944,50.06688233194347,107.42154960684857,80.37506889419132,107.44173288170524,0.8682333512483926,-0.005800785533160396,429.2
fibra4,MOTORE,campione_1785922741179.wav,5.0,-23.313407828513235,-14.155592630265277,9.157815198247958,0.0,5999.289951779002,4696.72937052253,0.0009487714460958092,11901.2,11901.400000000001,98.80000000000001,49.84024890835463,0.09230513221045687,50.067445959434906,107.47399829802376,80.15045475908246,107.49375064959344,0.8604406775811988,-0.021009988484843076,415.2
fibra4,MOTORE,campione_1785922746097.wav,5.0,-23.12720263367236,-13.722923200408047,9.404279433264314,0.0,5999.328332568835,4715.858166416139,0.0009165337407626031,11901.2,11901.400000000001,98.80000000000001,49.85428523457655,0.08277058891894234,50.0629441765045,107.64805238216894,79.84978789347547,107.66619130762676,0.835400813391936,-0.03298888815970411,411.6
fibra4,MOTORE,campione_1785922751172.wav,5.0,-23.36340652584681,-14.139377523638592,9.224029002208217,0.0,5999.323531907301,4739.586582596542,0.0009585935282272807,11901.2,11901.400000000001,98.80000000000001,49.84216443726848,0.09338353197036313,50.06445203076113,107.3231864949496,80.04992051713765,107.34251222891287,0.8738468589319637,-0.011670559242249749,408.4
fibra4,MOTORE,campione_1785922756247.wav,5.0,-23.459345418914452,-14.203060331472386,9.256285087442066,0.0,5999.3245246448005,4732.341790763782,0.0009141434300136064,11901.2,11901.400000000001,98.80000000000001,49.85013326383836,0.08952198681812243,50.0603447493435,107.34702882301471,79.88966270856967,107.3653039478498,0.8424821012480717,-0.03122883889051378,424.0
fibra4,MOTORE,campione_1785922761179.wav,5.0,-23.551872400546742,-14.235760189739521,9.316112210807221,0.0,5999.258636669133,4723.38540244421,0.0009649532410857786,11901.2,11901.400000000001,98.80000000000001,49.8418955730798,0.09238719079001113,50.06571723613019,107.21697745307567,79.89714956127794,107.2364363657811,0.8710994567291777,-0.029704876776700157,404.0
fibra4,MOTORE,campione_1785922766239.wav,5.0,-23.46520057444845,-14.327704266967839,9.13749630748061,0.0,5999.278512534889,4733.793171498265,0.0009310732066621115,11901.2,11901.400000000001,98.80000000000001,49.85162099897216,0.08560454310455463,50.0627744579233,107.33264272711955,79.68081801768577,107.35099902466004,0.8481825541561485,-0.04272564692297978,406.8
fibra4,MOTORE,campione_1785922771324.wav,5.0,-23.539507884268247,-14.280924453883712,9.258583430384535,0.0,5999.231058271795,4728.803565841687,0.0009500202555149484,11901.2,11901.400000000001,98.80000000000001,49.8362293296087,0.09949682462937504,50.064273845761946,107.27254946365514,80.27518991492272,107.29237692074881,0.8716416076102407,-0.03710053539601461,424.4
fibra4,MOTORE,campione_1785922776257.wav,5.0,-23.588986136252363,-14.04538800371348,9.543598132538882,0.0,5999.272836097777,4733.790227581152,0.0009733122855247212,11901.2,11901.400000000001,98.80000000000001,49.8380542139806,0.09611812619661289,50.0658276598228,107.24699170027083,80.0994338757751,107.26679491916428,0.9041669974442419,-0.0314732653619664,390.2
fibra4,MOTORE,campione_1785922781352.wav,5.0,-23.63843161859153,-14.441573675012345,9.196857943579184,0.0,5999.216207064981,4721.543660795861,0.000984183479360763,11901.2,11901.2,98.80000000000001,49.82941598145597,0.10423800403906601,50.06634601450492,107.1953886529748,80.400791550479,107.2159896468184,0.9086526546937592,-0.04691735398571516,424.4
fibra4,MOTORE,campione_1785922786226.wav,5.0,-23.742771877639424,-14.204420370556587,9.538351507082837,0.0,5999.243899596865,4739.940397924981,0.0010285964877291593,11901.2,11901.400000000001,98.80000000000001,49.82872217548035,0.10104316130841925,50.07023466321122,107.02725608095783,80.09752783382547,107.04825484779087,0.965304955254279,-0.01547804387493121,405.4
fibra4,MOTORE,campione_1785922791354.wav,5.0,-23.6830440898637,-14.230301657215271,9.452742432648428,0.0,5999.240011877191,4753.086015027689,0.0009998009674098086,11901.2,11901.2,98.80000000000001,49.824191455090194,0.10756091105981282,50.06824763385,107.14494023196991,80.48708235597499,107.16616155033448,0.9263601215446688,-0.017903086809384024,428.0
fibra4,MOTOREa5M,campione_1785923005678.wav,5.0,-44.89150015727543,-21.92972197665421,22.96177818062122,0.0,5995.417467303027,3968.9719471600083,0.11490008820746231,11901.2,11950.400000000001,99.0,32.46923867302438,6.878851911593095,60.65190941538249,84.00862911806027,77.26906766268863,86.72235283916703,3.317355267011224,0.1762943171043495,2764.6
fibra4,MOTOREa5M,campione_1785923010929.wav,5.0,-44.66291338558157,-25.70513095429183,18.95778243128974,0.0,5995.62768591403,3969.551622789398,0.11073427288294109,11901.2,11950.400000000001,99.0,33.12006167376917,6.592377894953038,60.287560431277804,84.4227917090845,77.4123012855341,87.02415744343207,2.5812472560661597,0.23072522317329297,2679.0
fibra4,MOTOREa5M,campione_1785923016350.wav,5.0,-44.43917892399554,-22.958153106681053,21.48102581731449,0.0,5995.69023352822,3974.255374493429,0.10943395442839013,11901.2,11947.6,99.0,33.01233417491243,6.742369425164461,60.2452963999231,84.6215918723642,77.72295499055086,87.23406099931131,3.00416118871051,0.20751469741849168,2590.6
fibra4,MOTOREa5M,campione_1785923022443.wav,5.0,-44.3929991180826,-21.481380897853192,22.911618220229407,0.0,5995.760152068366,3958.2649455964365,0.10748007964402412,11901.2,11950.400000000001,99.0,33.50665819536609,6.418603529147869,60.074738275486034,84.64087105571761,77.46396540739161,87.17647877582797,3.1411005867153037,0.16204317531720405,2604.6
fibra4,MOTOREa5M,campione_1785923027873.wav,5.0,-44.207315221432346,-23.219146561579265,20.98816865985308,0.0,5996.087532024471,3968.5728578584967,0.10351569400450174,11901.2,11950.400000000001,99.0,33.98273070701836,6.380154285290197,59.63711500769143,84.95433427143114,77.69006334143711,87.39691779111453,2.8477971517460468,0.24258417994209042,2540.6
fibra4,MOTOREa5M,campione_1785923032968.wav,5.0,-44.15459754711469,-22.110336121821685,22.044261425293005,0.0,5995.889148959696,3955.705965276516,0.10048593085711444,11901.2,11950.400000000001,99.0,34.29043751986791,6.285434777924934,59.42412770220718,84.9319136187391,77.56353659662186,87.31981150814528,3.6203188673032027,0.17493515819936556,2467.2
fibra4,MOTOREa5M,campione_1785923038353.wav,5.0,-44.111027406583965,-26.49676255941534,17.614264847168624,0.0,5995.958739760851,3973.1895686659905,0.09708444414251158,11901.2,11950.400000000001,99.0,35.12698977874368,5.721359324712049,59.15165089654426,85.1668409965064,77.28542389388961,87.43010035402072,2.276977718492332,0.20856745027128018,2467.0
fibra4,MOTOREa5M,campione_1785923043780.wav,5.0,-44.054929291327056,-22.722888225343787,21.33204106598327,0.0,5996.022407056105,3960.116867162407,0.10107433430336071,11901.0,11950.400000000001,99.0,34.21604805529547,6.235441507549359,59.548510437155166,85.05502626202237,77.66139988620493,87.46143681393829,3.4189346552265816,0.19226024042540762,2469.0
fibra4,MOTOREa5M,campione_1785923050209.wav,5.0,-44.04734992955839,-23.27307243464391,20.774277494914482,0.0,5995.945281402213,3989.6736145328728,0.097468262864335,11901.2,11950.400000000001,99.0,35.10233898819333,5.948130734353525,58.94953027745313,85.27041241836423,77.5608569123008,87.52185534781484,2.670316976539718,0.16161884525344594,2438.6
fibra4,MOTOREa5M,campione_1785923055290.wav,5.0,-44.09152020244581,-22.26721157498728,21.824308627458528,0.0,5996.062563396372,3963.7071452180385,0.09969203755990308,11901.2,11950.400000000001,99.0,34.78953575106439,5.984199749894826,59.22626449904079,85.09836131941586,77.45393580250473,87.4090184041286,2.601336933199219,0.18383643533356786,2460.6
fibra4,MOTOREa5M,campione_1785923060369.wav,5.0,-44.01816696306348,-23.230673954793634,20.787493008269845,0.0,5996.051630023477,3962.888728674067,0.10068475863503779,11901.2,11950.400000000001,99.0,34.43651103173503,6.087243935016049,59.47624503324891,85.10458539764852,77.5786010136587,87.47782937732953,2.928393352301499,0.27167016845416253,2510.8
fibra4,MOTOREa5M,campione_1785923065449.wav,5.0,-43.869821493919304,-22.17819497889987,21.691626515019433,0.0,5996.174733495749,3957.361970777181,0.10619558879857614,11901.2,11941.800000000001,99.0,33.13225959773589,6.724900555086344,60.142839847177754,85.23426175153809,78.30860986234791,87.82359050599815,3.0368631650666496,0.23031621932843227,2466.8
fibra4,MOTOREa5M,campione_1785923070534.wav,5.0,-43.893692197897245,-23.20763444655764,20.686057751339604,0.0,5996.433556576662,3967.131819149993,0.0969540937680336,11901.2,11950.400000000001,99.0,35.097993788336304,5.8903442482104555,59.01166196345325,85.34445227361543,77.59303611501106,87.60100780566106,2.8190833962044755,0.23727842593091988,2391.6
fibra4,MOTOREa5M,campione_1785923075793.wav,5.0,-43.94543439573418,-22.858122563309294,21.087311832424888,0.0,5996.18614859733,3970.6593439559565,0.10138389460078828,11901.2,11950.400000000001,98.80000000000001,34.0045285174594,6.504970109430513,59.49050137311009,85.32186209054323,78.13894756751498,87.75097080528509,2.7077383080047372,0.25215346274576084,2407.6
fibra4,MOTOREa5M,campione_1785923080861.wav,5.0,-43.72223699967196,-23.048046685400475,20.67419031427149,0.0,5996.072476748518,3970.828035566145,0.09989108335261242,11901.2,11950.400000000001,98.80000000000001,34.165648131708245,6.454730554888092,59.37962131340367,85.48489715582413,78.2477816963026,87.88537475366768,2.6357514487255287,0.22002098140950765,2435.0
fibra4,MOTOREa5M,campione_1785923086113.wav,5.0,-43.76303185877844,-21.92972197665421,21.83330988212423,0.0,5996.077078719226,3969.410929071566,0.10114462620557187,11901.2,11950.400000000001,98.80000000000001,34.11431683212237,6.407899629007971,59.47778353886968,85.36562635294828,78.10341657203784,87.77980732714383,3.0448372356502738,0.22071875447083328,2469.0
fibra4,MOTOREa5M,campione_1785923091190.wav,5.0,-43.79354624805753,-24.019014001767573,19.774532246289958,0.0,5996.3449549845445,3970.9573551495973,0.10076251394797686,11901.2,11950.400000000001,98.80000000000001,34.10060387426,6.488179101911635,59.41121702382836,85.35786571304126,78.15147331274127,87.76892950373337,2.8305726412071364,0.20354669946572887,2461.0
fibra4,MOTOREa5M,campione_1785923096275.wav,5.0,-43.684902413685876,-24.807380578985413,18.877521834700463,0.0,5996.201491415675,3977.1499796399726,0.0949969239077514,11901.2,11950.400000000001,99.0,35.140068429038266,6.015243266533902,58.84468830442784,85.59488675589208,77.92939268346593,87.83393339486221,2.42491107234395,0.2019654411173088,2414.2
fibra4,MOTOREa5M,campione_1785923101188.wav,5.0,-43.549634798099824,-24.0063922177589,19.543242580340923,0.0,5996.466754752512,3977.769504537166,0.10266660864221284,11901.2,11940.2,98.80000000000001,33.36377327723273,7.127096998143528,59.50912972462373,85.56202979334145,78.85840487524277,88.075114171271,2.4714600474280566,0.20885324541787,2546.4
fibra4,MOTOREa5M,campione_1785923106262.wav,5.0,-43.342661316301886,-24.01480470219397,19.327856614107915,0.0,5996.292926140337,4023.8053268996396,0.09993016901470649,11901.2,11905.2,98.80000000000001,34.31465142932026,6.430100505623875,59.25524806505586,85.96172544099348,78.68910713657594,88.3341977302988,2.645860022097713,0.22204347294428423,2479.0
fibra4,RUMORE_AMBIENTALE,campione_1785921584502.wav,1.5,-47.74262770735001,-31.195243377731302,16.54738432961871,0.0,5994.096440542275,3940.1400586322648,0.2615158755909748,11040.0,11794.666666666666,10.0,9.75012561739956,16.216363734062806,74.03351064853764,70.79627683917302,73.00570949922854,79.6004581687035,3.309275066355556,0.02705096826685281,4636.0
fibra4,RUMORE_AMBIENTALE,campione_1785921586031.wav,1.5,-47.91617676864316,-32.70416280629236,15.212013962350802,0.0,5993.36687793346,3911.2552103543194,0.2604298630129781,11013.333333333332,11850.666666666666,1.3333333333333333,9.204649851659859,16.452360673015765,74.34298947532436,70.35321330614325,72.87542279845758,79.42554079116928,3.1508256182034957,-0.04842525357637624,4656.666666666667
fibra4,RUMORE_AMBIENTALE,campione_1785921587517.wav,1.5,-47.98729720036932,-32.65850756707024,15.328789633299081,0.0,5993.132984367536,3895.081174596446,0.26980039886833446,10898.0,11797.333333333332,0.6666666666666666,8.526245467837652,16.271454311814015,75.20230022034835,69.82542324936001,72.63210864338922,79.28015617851793,2.953270390713916,-0.01638313814349035,4769.333333333333
fibra4,RUMORE_AMBIENTALE,campione_1785921589062.wav,1.5,-47.37057401487906,-31.156852644189556,16.213721370689505,0.0,5994.12522180536,3922.9442250864317,0.2660014329799029,10993.333333333332,11782.666666666666,4.666666666666666,8.498905788539007,17.26353765633433,74.23755655512667,70.5709988555749,73.64866666931835,79.98360539637089,3.3615085534583375,-0.028547384786434524,4612.0
fibra4,RUMORE_AMBIENTALE,campione_1785921590574.wav,1.5,-46.93857519068324,-30.80036222782473,16.138212962858507,0.0,5994.048490910805,4018.654863463606,0.24081045688401712,11163.333333333332,11797.333333333332,3.333333333333333,9.59412006350672,19.51800749305496,70.88787244343833,72.07105362796896,75.15535694143401,80.7567215582459,3.6468934967675004,-0.06191294731742898,4504.0
fibra4,RUMORE_AMBIENTALE,campione_1785921592094.wav,1.5,-47.959283072210404,-32.258062756695224,15.70122031551518,0.0,5993.183852845458,3914.3252290936057,0.26799023743600714,10970.666666666666,11802.0,11999.333333333332,8.712825477835013,16.405830848139992,74.88134367402499,69.94366675372366,72.69205889839444,79.28581289181191,3.1770954441564063,-0.16905562614861766,4664.0
fibra4,RUMORE_AMBIENTALE,campione_1785921593620.wav,1.5,-47.949626887460894,-32.54540845262705,15.404218434833844,0.0,5993.193005980486,3911.968777292718,0.2324273208042216,11490.666666666666,11996.666666666666,2.6666666666666665,15.004461392489382,13.39397525775295,71.60156334975767,72.66353478229466,72.1704256017976,79.45055572641192,3.1027465538934544,-0.0025541357746814647,4619.333333333333
fibra4,RUMORE_AMBIENTALE,campione_1785921594974.wav,1.5,-47.57122859825525,-31.321198246499222,16.25003035175603,0.0,5993.285499108189,3935.8544512784624,0.2366280754864498,11318.0,11992.0,2.0,13.124825307799458,14.494328423897574,72.38084626830297,72.22528583357636,72.65633149406219,79.64058708248031,3.256263985227764,-0.2340284392634824,4571.333333333333
fibra4,RUMORE_AMBIENTALE,campione_1785921596492.wav,1.5,-47.37952956823073,-31.071088915117674,16.308440653113056,0.0,5993.941523732169,3951.0552066175187,0.25356327398592293,11065.333333333332,11843.333333333332,4.0,9.700952911126818,16.862540939993522,73.43650614887966,71.20658614446675,73.60767235031625,79.99756224419569,3.2568124664345905,0.14254471031718383,4524.0
fibra4,RUMORE_AMBIENTALE,campione_1785921598018.wav,1.5,-46.70478989804621,-31.30170129259205,15.403088605454158,0.0,5994.191245622497,3971.863334799694,0.2323859559654515,11338.666666666666,11995.333333333332,1.3333333333333333,13.057800230878893,15.977139107178974,70.96506066194215,73.3919852745863,74.26827523793578,80.74373085684145,3.4466191438924305,-0.23753256056602648,4372.0
fibra4,RUMORE_AMBIENTALE,campione_1785921599559.wav,1.5,-47.71891236220077,-31.282248004909977,16.43666435729079,0.0,5993.670464257574,3927.7848582485867,0.2465889431934158,11150.666666666666,11958.666666666666,1.3333333333333333,11.267551397072323,15.341724919323616,73.39072368360407,71.36159104280316,72.70203747972513,79.49970726659772,3.21194434819345,0.06723794295077834,4603.333333333333
fibra4,RUMORE_AMBIENTALE,campione_1785921601071.wav,1.5,-48.06235286779909,-33.05444774241069,15.007905125388405,0.0,5993.618914604654,3896.345119173917,0.26378382363571495,10967.333333333332,11853.333333333332,4.666666666666666,9.147779934912368,15.921786697595754,74.93043336749189,70.06515793920984,72.47191886965197,79.19858329927943,2.9853921233713194,-0.009206578857241526,4611.333333333333
fibra4,RUMORE_AMBIENTALE,campione_1785921602585.wav,1.5,-48.11058945056354,-32.92436391995426,15.186225530609278,0.0,5993.073532407364,3907.412945948095,0.25787571844853907,11068.0,11936.666666666666,5.333333333333333,10.637938299938078,15.356461494824316,74.0056002052376,70.8458320864251,72.44016896687805,79.26990326779702,2.921901421550353,-0.003657260676612646,4598.0
fibra4,RUMORE_AMBIENTALE,campione_1785921604120.wav,1.5,-47.709009258963476,-31.14728141531536,16.561727843648118,0.0,5993.5149963131835,3917.896781484185,0.261910626971998,11018.0,11862.0,1.3333333333333333,9.736043517755453,16.1999030037257,74.06405347851887,70.7477533387363,72.95905241685676,79.56000304480698,3.0181356826435763,-0.18451446422409193,4614.0
fibra4,RUMORE_AMBIENTALE,campione_1785921605631.wav,1.5,-47.73784889606132,-32.389503690362204,15.348345205699118,0.0,5993.764723833065,3878.9981569438232,0.2697183847592128,10836.0,11741.333333333332,19.333333333333332,7.645719217447073,16.31584819403006,76.03843258852285,69.54674012453744,72.83865323474016,79.52288823569289,3.300622061985485,-0.04984931435731725,4643.333333333333
fibra4,RUMORE_AMBIENTALE,campione_1785921607022.wav,1.5,-47.497990949361046,-30.874206577682948,16.6237843716781,0.0,5993.881847202719,3926.5310975697016,0.2617696707634596,11018.0,11818.0,12000.0,8.832080484492566,17.06462298444587,74.10329653106157,70.2197260836829,73.08006288029118,79.45747118618688,3.5961579861111144,0.16229199661572,4584.666666666667
fibra4,RUMORE_AMBIENTALE,campione_1785921608515.wav,1.5,-47.04802079543314,-30.13699498491755,16.91102581051559,0.0,5994.045089429774,3991.2944481469926,0.24648982981759235,11134.0,11811.333333333332,1.3333333333333333,9.814059812446667,18.397582186543517,71.78835800100983,71.74783806608039,74.47695857821321,80.3898912604474,3.9699254367456165,-0.06793767898590448,4498.0
fibra4,RUMORE_AMBIENTALE,campione_1785921610048.wav,1.5,-47.93949162662011,-30.67262625899357,17.26686536762654,0.0,5993.769822613273,3879.6810308658705,0.2705770899834777,10860.0,11782.666666666666,12.666666666666666,8.271290411844674,15.653965730866165,76.07474385728914,69.66300085255087,72.43351194465708,79.29967314492215,3.3171927293127395,0.08421645939665037,4776.666666666667
fibra4,RUMORE_AMBIENTALE,campione_1785921611561.wav,1.5,-47.07647583317923,-27.511416764923812,19.56505906825542,0.0,5994.696416768363,4012.6817480248023,0.24817169738823908,11188.666666666666,11784.666666666666,2.6666666666666665,10.445218981125718,17.86096414104874,71.69381687782554,72.01754278281977,74.34741627558851,80.3831843123458,5.083528736519488,-0.027971404433476975,4560.0
fibra4,RUMORE_AMBIENTALE,campione_1785921613084.wav,1.5,-47.19945479792891,-29.976687474115078,17.22276732381383,0.0,5993.946928625342,3977.386115992271,0.2594823944554921,11080.0,11780.0,2.6666666666666665,9.111847350824034,18.60190473545495,72.28624791372101,71.09205020610412,74.1915600106212,80.08654268002367,4.45406628321718,-0.023720991679129753,4540.666666666667
fibra4,RUMORE_AMBIENTALE,campione_1785921614607.wav,1.5,-47.26350855511445,-30.582522864454358,16.68098569066009,0.0,5993.6156697555525,3955.699736924861,0.25271005991452566,11056.0,11806.0,0.6666666666666666,9.386616452280728,17.213311580721616,73.40007196699764,71.01274148954049,73.64629506540622,79.94461562218801,3.6558123185770715,0.05325071184511637,4526.0
fibra4,RUMORE_AMBIENTALE,campione_1785921616133.wav,1.5,-48.06105676379984,-30.239787774643887,17.821268989155953,0.0,5993.8118995014665,3938.859780409152,0.2648219854958668,11016.666666666666,11790.666666666666,18.666666666666664,9.12080825323363,16.895895966150118,73.98329578061626,70.35727613886661,73.03475514998699,79.44827962438397,3.4695737726884053,0.05217915574207765,4696.666666666667
fibra4,RUMORE_AMBIENTALE,campione_1785921617664.wav,1.5,-47.99048253613168,-31.720619850062356,16.269862686069324,0.0,5992.980819585325,3893.22639442153,0.2619938113315228,10888.0,11820.666666666666,25.333333333333332,8.688565253963445,16.016086379320345,75.29534836671623,69.72885730384327,72.38494065641214,79.10705810195745,3.1179836539777277,-0.21566472302276776,4557.333333333333
fibra4,RUMORE_AMBIENTALE,campione_1785921619016.wav,1.5,-48.12194422924524,-31.233804547934426,16.88813968131081,0.0,5993.823334805062,3933.4045548203353,0.26105149145859935,11034.666666666666,11828.0,12000.0,9.702945676689879,15.91596203576511,74.38109228754499,70.61362166146847,72.76291460774183,79.45921117909523,3.2544455332120474,0.16088134957494385,4666.0
fibra4,RUMORE_AMBIENTALE,campione_1785921620559.wav,1.5,-47.61347803485204,-29.762006276451128,17.85147175840091,0.0,5993.803480633027,3989.5164657522414,0.24705219095013503,11284.0,11930.666666666666,2.0,11.943756769552232,16.49960150433628,71.55664172611148,72.4260574198561,73.82938246766109,80.20114741635547,4.071569646334545,-0.10257511175184554,4599.333333333333
fibra4,RUMORE_AMBIENTALE,campione_1785921622071.wav,1.5,-48.142168141740775,-32.258062756695224,15.884105385045551,0.0,5993.6529254349,3895.8538613931796,0.26588533157494276,10901.333333333332,11794.0,1.3333333333333333,8.375216399388002,16.562247320721003,75.062536279891,69.74146481685133,72.70269710089185,79.26573679156202,3.0234997106981396,0.07233230855194557,4800.666666666667
fibra4,RUMORE_AMBIENTALE,campione_1785921623615.wav,1.5,-47.50679483021115,-29.481144737285106,18.025650092926043,0.0,5993.791051252982,3888.321187318489,0.2666524690768531,10870.666666666666,11725.333333333332,2.0,7.771593865223488,16.5855172717555,75.64288886302101,70.11581940216085,73.40800864349956,79.9983994998449,3.7172241323987496,-0.0721385014112517,4776.666666666667
fibra4,RUMORE_AMBIENTALE,campione_1785921625109.wav,1.5,-46.724954385927624,-29.26281645392588,17.462137932001745,0.0,5993.946673797622,3969.4865039127485,0.25474860559841467,11046.0,11778.666666666666,26.666666666666664,8.96294215271927,17.829895847773788,73.20716199950692,71.32210439945527,74.30908652750534,80.44313417485404,4.53109673339496,-0.051984692485921996,4525.333333333333
fibra4,RUMORE_AMBIENTALE,campione_1785921626640.wav,1.5,-48.078126881713985,-31.399626673860432,16.678500207853553,0.0,5993.099308754889,3903.5895451000742,0.264390612303219,10956.666666666666,11809.333333333332,0.6666666666666666,8.852356090836766,15.79011666696356,75.35752724219967,70.03124159251273,72.54450622764335,79.33191923131399,3.1334313813906034,0.04500195685420072,4798.666666666667
fibra4,RUMORE_AMBIENTALE,campione_1785921628180.wav,1.5,-48.00009351747465,-32.71561421106618,15.284479306408471,0.0,5993.586421591861,3896.5896553114776,0.2687534554671142,10884.666666666666,11733.333333333332,24.666666666666664,8.213982559071395,16.132870667736693,75.6531467731919,69.76574561724904,72.69732437567458,79.40847782455491,2.9921912169847467,0.07560528505793858,4758.0
fibra4,RUMORE_AMBIENTALE,campione_1785921629678.wav,1.5,-48.26699387793929,-33.34521595565117,14.921777922288122,0.0,5993.047702258522,3872.0621343067223,0.27198981052753346,10896.0,11786.0,0.6666666666666666,8.327822563749928,15.876664157778173,75.7955132784719,69.52556533282427,72.32784328113735,79.11668568246603,2.9253244811499,0.003841629846273331,4730.0
fibra4,RUMORE_AMBIENTALE,campione_1785921631057.wav,1.5,-48.292316317055096,-32.00100164911758,16.291314667937513,0.0,5993.509080196909,3882.4667920556185,0.27194995987690385,10858.0,11721.333333333332,12.666666666666666,7.734168185741769,16.355415346664813,75.91041646759345,69.16673082226508,72.41921047835154,79.08560844405739,3.04053638872797,0.016545740812132,4794.666666666667
fibra4,RUMORE_AMBIENTALE,campione_1785921632572.wav,1.5,-48.42912142065302,-32.98325153027342,15.445869890379598,0.0,5993.537593288524,3863.5086789615093,0.270897001813758,10828.666666666666,11745.333333333332,13.333333333333332,8.162933497798313,15.181640479569204,76.65542602263248,69.21321466428255,71.90793910616172,78.94018109680555,2.991257783887031,0.05958534077340237,4827.333333333333
fibra4,RUMORE_AMBIENTALE,campione_1785921634089.wav,1.5,-48.34797714847974,-33.65882002651195,14.689157121967796,0.0,5993.556533160639,3867.5838559426616,0.27092541199490183,10822.0,11782.666666666666,4.666666666666666,8.009418092687008,15.881296492659486,76.10928541465351,69.21867614882717,72.19152604196263,78.99704294795035,2.8361116672241957,0.002056533611468413,4802.666666666667
fibra4,RUMORE_AMBIENTALE,campione_1785921635625.wav,1.5,-48.28240735558257,-32.193080738272734,16.089326617309837,0.0,5993.653222224666,3891.908002541506,0.26554275369461666,10906.0,11827.333333333332,11999.333333333332,8.722658164356476,15.682848561854245,75.59449327378927,69.74044714979043,72.28820810708613,79.11886022116475,3.139095795824135,-0.010613373987897756,4722.666666666667
fibra4,RUMORE_AMBIENTALE,campione_1785921637139.wav,1.5,-48.24794440891534,-31.42922087392003,16.818723534995307,0.0,5993.577686298702,3879.009879145052,0.2690996018114082,10870.0,11774.666666666666,27.333333333333332,8.099822164725008,15.884906310674541,76.01527152460044,69.36464260297261,72.28973434144386,79.08889627577342,2.9976133420759634,0.008742524581281315,4744.666666666667
fibra4,RUMORE_AMBIENTALE,campione_1785921638653.wav,1.5,-45.4034648362566,-13.859098950787255,31.544365885469347,0.0,5996.84571354732,4132.80316973058,0.18253130977440588,11374.0,11488.0,582.0,4.320865420149338,27.64323311531543,68.03590146453523,71.60491140008871,79.66509236412183,83.57658543733804,257.19164836456287,-0.8249007999832196,4750.666666666667
fibra4,RUMORE_AMBIENTALE,campione_1785921640181.wav,1.5,-48.288140264814714,-32.601773927966164,15.68636633684855,0.0,5993.604206855988,3892.6100778752093,0.2606402920439534,10944.666666666666,11832.0,2.6666666666666665,9.177010878430139,15.51343374869568,75.3095553728742,69.95608725236839,72.23615414061149,79.09757562256557,2.94873888365579,-0.03500749050919506,4745.333333333333
fibra4,RUMORE_AMBIENTALE,campione_1785921641701.wav,1.5,-48.26873625518984,-33.5572295207934,14.711506734396444,0.0,5992.916290188872,3888.6899902220166,0.266759714188746,10896.0,11784.666666666666,5.333333333333333,8.410876150867098,15.67363612253953,75.91548772659337,69.56466921302142,72.26795443227863,79.11956069754663,3.023830435865664,0.03966742119568869,4744.0
fibra4,RUMORE_AMBIENTALE,campione_1785921643086.wav,1.5,-48.30177475028245,-33.05444774241069,15.24732700787176,0.0,5993.127807474391,3892.8679665300483,0.26224960191277635,10931.333333333332,11828.0,7.333333333333333,8.6787828948513,16.20676200021871,75.11445510493,69.65484306290304,72.36721736392613,79.02749003068078,2.9745133473981467,-0.009193479966070566,4768.666666666667
fibra4,RUMORE_AMBIENTALE,campione_1785921644593.wav,1.5,-48.0461501896408,-32.71561421106618,15.330535978574616,0.0,5993.583038209711,3914.797628810673,0.2610506359004993,11090.666666666666,11903.333333333332,2.0,9.986904665306977,15.493977140513104,74.51911819417991,70.34507667469802,72.25239674218075,79.07344470460879,3.1031726186683644,-0.1378356043208052,4613.333333333333
fibra4,RUMORE_AMBIENTALE,campione_1785921646106.wav,1.5,-48.12955077354583,-33.697224905079025,14.432325868466805,0.0,5993.6198448913165,3889.370158073474,0.26997923713644817,10871.333333333332,11799.333333333332,25.333333333333332,8.555379906522417,16.141418301866533,75.30320179161106,69.8640576122955,72.6210815415005,79.30979904045032,2.8637628176553926,0.09465762240584556,4702.0
fibra4,RUMORE_AMBIENTALE,campione_1785921647629.wav,1.5,-47.996926508990825,-32.81936196520606,15.177564543784761,0.0,5993.964103114285,3895.559106629268,0.264600662477268,10925.333333333332,11832.666666666666,8.666666666666666,8.948531820729231,15.723266553879055,75.32820162539171,70.26562898935572,72.71353889168252,79.51768711435274,3.034236371524944,0.059527893970824274,4731.333333333333
fibra4,RUMORE_AMBIENTALE,campione_1785921649171.wav,1.5,-47.743865862623174,-32.00100164911758,15.742864213505591,0.0,5993.185165498767,3938.0786865826035,0.2545840802411005,11083.333333333332,11866.0,28.0,9.71427948197878,16.542628153559853,73.74309236446138,70.75544636315723,73.06738550001012,79.55855387734363,3.061261891800843,-0.016666592901972987,4632.666666666667
fibra4,RUMORE_AMBIENTALE,campione_1785921650699.wav,1.5,-48.02265265588146,-32.93610954615681,15.086543109724651,0.0,5993.594906630595,3895.3892022232512,0.2600202145321185,10917.333333333332,11808.0,4.666666666666666,8.645541946871319,15.741529094976661,75.61292895815204,69.7234599755704,72.32600691703124,79.14149836599721,3.162029149379511,0.009564057205278944,4769.333333333333
fibra4,RUMORE_AMBIENTALE,campione_1785921652208.wav,1.5,-48.3352506087742,-32.761571404319795,15.573679204454407,0.0,5993.609636555284,3893.4543032681063,0.27510007900143973,10905.333333333332,11777.333333333332,20.666666666666664,8.226211351379952,16.255782396959095,75.51800625166094,69.4298733209729,72.38795345792097,79.05837984346503,3.067995286498153,0.05041126688756359,4810.666666666667
fibra4,RUMORE_AMBIENTALE,campione_1785921653722.wav,1.5,-48.091253500649565,-31.629135091231646,16.46211840941792,0.0,5993.72166506028,3896.690904652897,0.2616512291533739,10972.666666666666,11889.333333333332,11999.333333333332,9.238687096626004,15.998272502469954,74.76304040090405,70.14216330927474,72.52679162567244,79.22293027199439,3.1451955415866397,-0.08114117567704242,4624.666666666667
fibra4,RUMORE_AMBIENTALE,campione_1785921655091.wav,1.5,-47.44200600110398,-31.11863084730934,16.323375153794636,0.0,5993.309106741918,3923.7825154593625,0.23087274109790595,11453.333333333332,11995.333333333332,2.0,14.826863218695465,13.386907596332014,71.78622918497253,72.84817267995332,72.40448252549848,79.6980912802875,3.840535776898915,-0.42866255279995463,4622.666666666667
fibra4,RUMORE_AMBIENTALE,campione_1785921656614.wav,1.5,-47.253404936153494,-30.79117567029251,16.462229265860984,0.0,5994.030443965412,3940.7148040511056,0.2587574194839043,11059.333333333332,11852.0,10.666666666666666,9.335086691623996,16.80406364846116,73.86084965991485,70.7709924650386,73.32395208900687,79.75395190321778,3.778454347181775,0.08557627055165774,4620.0
fibra4,RUMORE_AMBIENTALE,campione_1785921658135.wav,1.5,-47.340962526646635,-27.178015474079494,20.16294705256714,0.0,5993.825900797033,3955.2361141017304,0.23992073144530524,11302.0,11978.0,3.333333333333333,12.717602520463595,15.02120038457767,72.26119709495872,72.70716150610633,73.43015543009786,80.25216055223117,4.310199853420595,-0.14228087810556433,4566.0
fibra4,RUMORE_AMBIENTALE,campione_1785921659653.wav,1.5,-48.15255126002719,-34.09091264591429,14.061638614112901,0.0,5993.690695747681,3885.786146958949,0.25584200244655586,10912.666666666666,11828.0,2.0,8.952693608433085,15.448732697547236,75.59857369401968,69.92822763135693,72.29761900259338,79.1938264323515,2.955743563276185,0.09465135178408036,4684.666666666667
fibra4,RUMORE_AMBIENTALE,campione_1785921661174.wav,1.5,-47.707304855314206,-31.916977881010062,15.790326974304143,0.0,5993.393191667425,3972.2189214745767,0.21179500595385126,11741.333333333332,11997.333333333332,1.3333333333333333,17.771967490147723,12.772592985697102,69.45543952415517,73.91545986401087,72.48089549347581,79.83516740213537,3.276998531955705,-0.16228499843731597,4505.333333333333
fibra4,RUMORE_AMBIENTALE,campione_1785921662712.wav,1.5,-48.002985019811526,-30.80036222782473,17.202622791986794,0.0,5993.108850673843,3919.820239013947,0.2564429411924606,11018.666666666666,11858.0,4.0,9.652355218571548,16.507834482996838,73.83981029843162,70.43124838963409,72.76181648602225,79.26782115135259,3.282292096769326,0.01449608182656816,4607.333333333333
fibra4,RUMORE_AMBIENTALE,campione_1785921664232.wav,1.5,-47.76691548265149,-31.844117986947747,15.922797495703744,0.0,5994.082378343086,3928.8196334505215,0.25958837344004826,10984.666666666666,11794.0,12000.0,9.086849251180164,16.330198866493987,74.58295188232583,70.67661412762942,73.22239563036209,79.81887657595306,3.348522678139118,0.1458752243338677,4690.0
fibra4,RUMORE_AMBIENTALE,campione_1785921665745.wav,1.5,-47.526075180242024,-30.902060869860986,16.62401431038104,0.0,5993.608650611352,3954.3205543949325,0.21775801163723577,11635.333333333332,11998.0,1.3333333333333333,16.63803903792816,13.193597050719609,70.16836391135223,73.67976146287263,72.67237223376506,79.93015357707007,3.305465492987463,-0.23443285686216336,4526.666666666667
fibra4,RUMORE_AMBIENTALE,campione_1785921667124.wav,1.5,-47.28557791648413,-31.042688161766772,16.242889754717357,0.0,5993.717570392823,3908.71187564606,0.24140919725576968,11267.333333333332,11992.666666666666,0.6666666666666666,12.814912815046695,13.513928994200494,73.67115819075283,72.4270893907449,72.6577491591794,80.02290780712696,3.6454999064461227,-0.39285235308864436,4562.666666666667
fibra4,RUMORE_AMBIENTALE,campione_1785921668628.wav,1.5,-47.39886658025648,-31.128170540004106,16.270696040252375,0.0,5993.92623104791,3947.3125622221996,0.23332490026564098,11364.666666666666,11961.333333333332,2.6666666666666665,13.724650222594791,13.633101339093137,72.64224843831208,72.4864508468326,72.45738462532684,79.72333077659681,3.5286251622837375,-0.21122675309620018,4472.666666666667
fibra4,RUMORE_AMBIENTALE,campione_1785921670150.wav,1.5,-47.967286821680446,-32.00100164911758,15.966285172562863,0.0,5993.602406964185,3884.8139872775473,0.25957514754407207,10975.333333333332,11935.333333333332,4.666666666666666,9.87067075443418,15.173084843636719,74.9562444019291,70.31219138952146,72.17946359388458,79.11680291695784,3.0311216403227697,-0.057447545504488245,4564.0
fibra4,RUMORE_AMBIENTALE,campione_1785921671696.wav,1.5,-48.148726585310115,-31.224148194164275,16.92457839114584,0.0,5993.167210484642,3910.164202305055,0.26303915346232704,11016.0,11819.333333333332,3.333333333333333,9.651351209442872,15.597956068857322,74.7506927216998,70.38547622114488,72.47027195204868,79.27574724037268,3.0773759256346187,0.062355581122357895,4700.0
fibra4,RUMORE_AMBIENTALE,campione_1785921673197.wav,1.5,-48.09429219155404,-31.27253767486581,16.82175451668823,0.0,5992.917693964937,3879.0242554306105,0.26425503197485145,10862.666666666666,11806.0,2.0,8.779388309377449,15.687598691209491,75.53301299941306,69.82217225920007,72.34309438766884,79.1688977674988,3.2163791799033117,-0.02465552873163543,4758.0
fibra4,RUMORE_AMBIENTALE,campione_1785921674752.wav,1.5,-48.22062988144745,-32.71561421106618,15.505015670381269,0.0,5993.631565562823,3884.5733270527708,0.2702009615638102,10855.333333333332,11739.333333333332,6.666666666666666,8.109252424152523,15.807638387655052,76.08310918819241,69.38126227855317,72.28012401067349,79.10433660575532,3.075825966766635,-0.019169684039313985,4761.333333333333
fibra4,RUMORE_AMBIENTALE,campione_1785921676243.wav,1.5,-48.04925648884974,-31.58878245508805,16.46047403376169,0.0,5993.571235465022,3875.984043645611,0.27085231214644806,10838.0,11782.0,5.333333333333333,7.954859396843471,15.953333253780647,76.09180734937586,69.70419172744818,72.72638102296962,79.51124564586151,3.1020123172539718,0.05477930339353149,4800.0
fibra4,RUMORE_AMBIENTALE,campione_1785921677799.wav,1.5,-48.0327171698479,-31.214502563720504,16.818214606127395,0.0,5993.122732631256,3905.928707011917,0.2610014446413993,10942.0,11824.666666666666,2.0,9.04482645313654,16.146813126100085,74.80836042076338,70.11081961358799,72.6276854210366,79.28631859462614,3.0959430371210077,-0.045700256962211826,4650.0
fibra4,RUMORE_AMBIENTALE,campione_1785921679129.wav,1.5,-48.44384832885438,-30.484476894916682,17.959371433937697,0.0,5993.592718372955,3872.7638778942464,0.27117647221187574,10880.0,11800.666666666666,12000.0,8.202113152425373,15.889789488387883,75.90809735918674,69.29769852640298,72.16962239940388,78.96132202274882,3.076785806170183,0.0526632258223942,4814.666666666667
fibra4,RUMORE_AMBIENTALE,campione_1785921680667.wav,1.5,-48.02847966547719,-30.457928053010214,17.57055161246698,0.0,5993.4910956382455,3872.3345659589213,0.2685205625491745,10808.0,11704.666666666666,10.666666666666666,7.365263406469692,16.46978297651262,76.16495361701769,69.02536548869841,72.52036142067826,79.17103447533118,3.684444417338347,0.09635830052696298,4746.0
fibra4,RUMORE_AMBIENTALE,campione_1785921682198.wav,1.5,-48.5104613141534,-32.69272647907955,15.81773483507385,0.0,5992.839278874085,3877.4713801460643,0.27033346537786695,10890.0,11790.666666666666,4.666666666666666,8.406949908202336,15.47900718472517,76.11404290707249,69.37782384197011,72.028870262869,78.94608715194768,3.1667399682638413,0.024324892934983376,4838.666666666667
fibra4,RUMORE_AMBIENTALE,campione_1785921683697.wav,1.5,-48.4138282541526,-32.98325153027342,15.430576723879177,0.0,5992.689284401253,3890.3010749907517,0.2734237880463525,10890.666666666666,11772.666666666666,4.666666666666666,8.27505558065854,15.527151103858541,76.19779331548291,69.2991942683677,72.03240286775521,78.94090901748751,3.0455090911002953,-0.013293858122940103,4758.0
fibra4,RUMORE_AMBIENTALE,campione_1785921685222.wav,1.5,-48.290014850514524,-31.023805786224564,17.26620906428996,0.0,5993.012100083704,3889.010916795575,0.2701086416364985,10861.333333333332,11738.666666666666,3.333333333333333,7.852295825217879,16.632018718586647,75.51568545619547,69.40482143305591,72.66430455681933,79.23522659421137,3.293354441509039,-0.020596412783819868,4790.0
fibra4,RUMORE_AMBIENTALE,campione_1785921686763.wav,1.5,-48.30644713982254,-32.117877763854565,16.188569375967973,0.0,5992.994958710051,3881.8340330058336,0.27302499408083514,10948.666666666666,11846.0,4.666666666666666,9.5397746733999,14.463979753885598,75.99624557271451,70.12921633837693,71.9367132214036,79.14175654364635,3.249844323464802,-0.05328204652581697,4765.333333333333
fibra4,RUMORE_AMBIENTALE,campione_1785921688267.wav,1.5,-48.419714546714076,-32.51176390725324,15.907950639460836,0.0,5992.823542800365,3890.464986000554,0.26714828414638975,10902.666666666666,11813.333333333332,115.33333333333333,8.623801571857896,15.56207030914839,75.81412811899371,69.47695415430461,72.04064033428502,78.91746805155739,3.1128836364425805,0.02642811498209571,4782.666666666667
fibra4,RUMORE_AMBIENTALE,campione_1785921689789.wav,1.5,-48.12466268260372,-33.44434272888521,14.68031995371851,0.0,5992.996876378581,3909.4261827945243,0.267896128473851,10955.333333333332,11829.333333333332,4.666666666666666,9.340416480176165,15.387898206958962,75.27168531286488,70.22170276138391,72.38983339431,79.28435674584038,3.0938757826198087,0.013495446331874522,4756.0
fibra4,RUMORE_AMBIENTALE,campione_1785921691150.wav,1.5,-47.8504954872028,-31.761591101984543,16.088904385218257,0.0,5993.1444682139345,3886.7474838349403,0.26458668742461156,10869.333333333332,11800.0,22.0,8.363926150132277,15.818632793409959,75.81744105645775,69.68381421035917,72.45140176159072,79.25740353804781,3.2982670955962963,0.05762744637131497,4787.333333333333
fibra4,RUMORE_AMBIENTALE,campione_1785921692674.wav,1.5,-48.413957393293984,-33.23503406504451,15.178923328249475,0.0,5993.606113094994,3862.3755806664913,0.2663925592742177,10799.333333333332,11738.0,6.0,7.547025698545001,15.70279972193147,76.75017457952355,68.95769294046377,72.13970556832385,79.0307283724348,3.1611164205867794,0.04399704459871785,4806.0
fibra4,RUMORE_AMBIENTALE,campione_1785921694203.wav,1.5,-48.24089546377559,-32.16077113145112,16.080124332324466,0.0,5992.9850221193965,3883.454774773444,0.26555741803064065,10904.0,11790.666666666666,11.333333333333332,8.624330816782367,15.616048433563686,75.75962074965395,69.73939772209283,72.3178551244252,79.17652157078403,3.090514982584569,0.03177184440726295,4727.333333333333
fibra4,RUMORE_AMBIENTALE,campione_1785921695728.wav,1.5,-48.42284832210666,-30.6998405559535,17.72300776615316,0.0,5993.163217493655,3886.8090965555275,0.27198321610666637,10894.666666666666,11770.666666666666,2.0,8.373193852077888,15.448464285299272,76.17834186262284,69.19813790463604,71.85807957739867,78.7875415991447,3.0496282672575195,-0.013227416370263976,4792.666666666667
fibra4,RUMORE_AMBIENTALE,campione_1785921697254.wav,1.5,-48.18656700962429,-33.10223817519624,15.08432883442805,0.0,5993.605874506889,3882.7693539958905,0.27351265353898574,10842.666666666666,11709.333333333332,16.666666666666664,7.608982842582759,16.68643012560379,75.70458703181347,69.26447237263856,72.67484066636159,79.24242827169722,3.1896634655435117,-0.006602609130924218,4822.0
fibra4,RUMORE_AMBIENTALE,campione_1785921698767.wav,1.5,-48.652953095560925,-33.957690874788355,14.69526222077257,0.0,5992.708134374523,3850.0795077963257,0.2768790710737018,10776.0,11713.333333333332,6.666666666666666,7.35951865430748,15.513430543603507,77.12705080208902,68.64670666755333,71.88529101921628,78.85027981355881,3.047535777045291,0.03837057424251425,4856.0
fibra4,RUMORE_AMBIENTALE,campione_1785921700308.wav,1.5,-48.54465050908571,-31.730844559074754,16.81380595001096,0.0,5992.832928367567,3861.5976558077405,0.2763919983063439,10786.666666666666,11699.333333333332,10.0,7.486527879490802,15.817114888088964,76.69635723242024,68.74465540484542,71.99312363412535,78.84959831469592,3.0109770635879913,-0.01645568650962494,4846.666666666667
fibra4,RUMORE_AMBIENTALE,campione_1785921701811.wav,1.5,-48.47936903762132,-33.16234837526451,15.31702066235681,0.0,5993.36898846715,3879.2338502799553,0.27327571188881894,10875.333333333332,11740.666666666666,20.0,7.912065431904523,15.73941310483697,76.34852146325849,69.09692730928197,72.08391395000933,78.9420349184731,3.0025586944599434,-0.0166355645327703,4777.333333333333
fibra4,RUMORE_AMBIENTALE,campione_1785921703193.wav,1.5,-48.351290230763276,-33.25939842671113,15.091891804052146,0.0,5993.694970085748,3866.329470322632,0.26834612657900003,10850.0,11758.666666666666,5.333333333333333,7.9542691484594155,15.642778648340284,76.4029522032003,69.363682510297,72.300818688206,79.18878108916309,3.1382376326453283,-0.040133560811726386,4800.666666666667
fibra4,RUMORE_AMBIENTALE,campione_1785921704697.wav,1.5,-48.28118750313537,-32.7846415088785,15.49654599425687,0.0,5993.312681506394,3854.7167102619683,0.2783383517833112,10786.0,11722.666666666666,2.6666666666666665,7.330540554729362,15.9399292807149,76.72953016455575,68.92294652661009,72.29645042192503,79.12121190831897,3.2043581194932598,0.030804731669198337,4808.666666666667
fibra4,RUMORE_AMBIENTALE,campione_1785921706219.wav,1.5,-47.9979735206759,-28.710909109071903,19.287064411603996,0.0,5993.502688554132,3891.116297837456,0.26726822218900204,10909.333333333332,11764.0,37.33333333333333,7.8019868202452765,16.411398895487423,75.78661428426729,69.80899736838575,73.03840126078879,79.68287030194955,3.685944593954387,0.009892154752244402,4832.666666666667
fibra4,RUMORE_AMBIENTALE,campione_1785921707742.wav,1.5,-48.17216197987328,-32.567910769019285,15.604251210853995,0.0,5993.706647600717,3905.93641992258,0.26607880233873393,10934.0,11828.666666666666,7.333333333333333,9.12828475698003,15.485752744964513,75.38596249805545,70.14557535417214,72.44100676743402,79.31458840076046,3.190134291192356,0.012980507822026303,4715.333333333333
fibra4,RUMORE_AMBIENTALE,campione_1785921709274.wav,1.5,-48.363551638217565,-33.16234837526451,15.201203262953058,0.0,5993.63550285831,3891.666439433858,0.26644628333213527,10920.666666666666,11832.0,18.0,9.227360160967029,14.581278656481528,76.19136118255143,69.9886355109206,71.9758168848605,79.15691811280956,3.041733611511032,0.029413879281398766,4862.666666666667
fibra4,RUMORE_AMBIENTALE,campione_1785921710803.wav,1.5,-48.47459167417096,-32.90092021002995,15.573671464141007,0.0,5992.7417464842765,3864.218273180573,0.2784337584657586,10864.0,11811.333333333332,5.333333333333333,8.761220839822187,15.113217015557781,76.12556214462003,69.48483199998572,71.8527549104493,78.87449085151292,2.9517972937653765,0.01543307852803918,4737.333333333333
fibra4,RUMORE_AMBIENTALE,campione_1785921712312.wav,1.5,-48.50249696252382,-32.411605201717045,16.090891760806777,0.0,5992.596199269375,3884.4842327388806,0.26439865203568336,10910.0,11791.333333333332,53.33333333333333,8.799853392962195,15.373826353653646,75.82632025338415,69.49778976813565,71.92085511455906,78.85123520808679,2.955555725158999,-0.016512211510039537,4820.0
fibra4,RUMORE_AMBIENTALE,campione_1785921713834.wav,1.5,-48.31051633684393,-32.7846415088785,15.525874827965431,0.0,5992.853174470938,3899.6442774148727,0.26693269389076957,10904.0,11830.666666666666,10.666666666666666,8.984514457022998,15.573381733909871,75.44210380906713,69.90406195534464,72.2929451281933,79.1452537449695,3.151097951041918,-0.03921619723266839,4794.0
fibra4,RUMORE_AMBIENTALE,campione_1785921715209.wav,1.5,-47.945584344711065,-31.896098329378866,16.0494860153322,0.0,5993.924157032144,3914.367250384688,0.2605245970334159,10961.333333333332,11794.666666666666,22.666666666666664,8.400883849518758,17.11518737083863,74.48392877964262,70.0336891712687,73.12425594922766,79.51106513092701,3.097795858066486,0.023614426408061523,4707.333333333333
fibra4,RUMORE_AMBIENTALE,campione_1785921716719.wav,1.5,-48.37524797217216,-33.16234837526451,15.212899596907654,0.0,5992.651078095395,3877.3046818807484,0.270579583461622,10905.333333333332,11829.333333333332,10.666666666666666,8.873943629073274,14.71395285863457,76.41210351229215,69.59600309828768,71.79213004548343,78.94645799589155,2.9914894585997587,-0.04174113562237879,4674.0
fibra4,RUMORE_AMBIENTALE,campione_1785921718256.wav,1.5,-48.38951003907809,-32.064557220174905,16.324952818903185,0.0,5992.798304876158,3872.0775930978593,0.27062104391543607,10854.666666666666,11797.333333333332,4.0,8.248852937911353,15.866992856325975,75.88415420576267,69.39713409984621,72.2381447520438,79.03470946900032,3.105900565246409,-0.015296106126179229,4772.666666666667
fibra4,RUMORE_AMBIENTALE,campione_1785921719765.wav,1.5,-48.23621011008417,-32.54540845262705,15.690801657457122,0.0,5993.681935509339,3887.622846755167,0.2694601862347948,10884.0,11763.333333333332,7.333333333333333,8.204517777905984,16.12376054441086,75.67172167768315,69.55886989799087,72.49300269178586,79.20767544518147,3.147134726067824,0.15198402843235445,4775.333333333333
fibra4,RUMORE_AMBIENTALE,campione_1785921721288.wav,1.5,-48.41563095061027,-32.71561421106618,15.70001673954409,0.0,5993.3980693773365,3871.310769606833,0.27270011469501443,10868.0,11818.0,4.666666666666666,8.766279107422573,14.95724880703664,76.2764720855408,69.47131351979243,71.79167776051968,78.86706656037114,2.930329871600658,0.0013445834464927886,4746.666666666667
fibra4,RUMORE_AMBIENTALE,campione_1785921722830.wav,1.5,-48.099664737309304,-25.44823756282891,22.651427174480393,0.0,5994.409470751828,3972.2890569020938,0.2551261655284864,11099.333333333332,11818.0,16.666666666666664,9.868002438445826,16.965419979061213,73.16657758249296,70.98162076381217,73.33497443322995,79.68245569328916,7.8852342347639315,0.08164575288631773,4818.666666666667
fibra4,RUMORE_AMBIENTALE,campione_1785921724337.wav,1.5,-48.38372957060944,-32.279831914158905,16.103897656450535,0.0,5992.880575638242,3882.950558385691,0.268513224889741,10945.333333333332,11858.0,6.0,9.464401263314096,14.907309373190344,75.62828936349557,69.93020643777412,71.90326763458374,78.95611776132876,3.1335619090342535,0.04351779919902096,4768.666666666667
fibra4,RUMORE_AMBIENTALE,campione_1785921725858.wav,1.5,-47.96667844031273,-31.720619850062356,16.24605859025037,0.0,5993.397063930989,3883.7902977997196,0.2707217714947095,10873.333333333332,11773.333333333332,14.0,8.191096917001863,15.86318133732207,75.94572174567607,69.53051409237557,72.40099633531221,79.20212658459303,3.307396492321625,-0.04179223320282036,4724.0
fibra4,RUMORE_AMBIENTALE,campione_1785921727223.wav,1.5,-47.63893123346549,-31.253149521011263,16.38578171245423,0.0,5993.816997211736,3885.55161713186,0.26918670285156276,10880.0,11780.666666666666,7.333333333333333,8.546659275005505,15.437319290223575,76.01602143477092,70.00096111313107,72.56871607557375,79.49204856325832,3.447203372484574,-0.06128681004956866,4826.0
fibra4,RUMORE_AMBIENTALE,campione_1785921728741.wav,1.5,-48.201958097512204,-32.4894063935661,15.712551703946104,0.0,5993.1817332654255,3878.193626574487,0.27415843129945366,10888.666666666666,11780.0,4.666666666666666,8.695278619039392,15.337441448350726,75.96727993260987,69.77526246151241,72.2399566147161,79.18869320111779,3.0794165280676085,0.004650659289431023,4737.333333333333
fibra4,RUMORE_AMBIENTALE,campione_1785921730264.wav,1.5,-48.11060358693549,-32.761571404319795,15.349032182615694,0.0,5993.282168541346,3882.608030277565,0.2672853657074071,10849.333333333332,11769.333333333332,4.666666666666666,8.201681435562733,15.4837340131711,76.31458455126617,69.78690225599574,72.54663031104711,79.47394873216967,3.025662176931533,-0.06497760461055567,4754.666666666667
fibra4,RUMORE_AMBIENTALE,campione_1785921731803.wav,1.5,-48.18450999712725,-33.456813498047445,14.727696499079805,0.0,5993.040959802532,3902.4926792377114,0.2696268332036396,10939.333333333332,11804.666666666666,112.0,8.72337662602193,16.3136759738031,74.96294740017497,69.90865272127529,72.62732480863883,79.25027302716089,2.9850991946878,-0.05170742423057781,4754.0
fibra4,RUMORE_AMBIENTALE,campione_1785921733336.wav,1.5,-48.384140438189156,-33.39463793384232,14.989502504346838,0.0,5992.96602006719,3866.045738291621,0.26841472692532514,10820.666666666666,11800.666666666666,6.0,8.023347515383906,15.682435502662907,76.2942169819532,69.21771250720124,72.1282915759117,78.99907267662739,2.97546159331477,-0.003641728884076022,4774.666666666667
fibra4,RUMORE_AMBIENTALE,campione_1785921734846.wav,1.5,-48.45358240648777,-32.84258628187002,15.610996124617749,0.0,5993.510291309405,3883.370174800003,0.2715436375012754,10877.333333333332,11764.0,10.0,8.2265470989559,15.376107523024416,76.3973453780197,69.29770898227724,72.01399717035872,78.9763157789933,3.121364057521708,0.05156428171145474,4800.666666666667
fibra4,RUMORE_AMBIENTALE,campione_1785921736368.wav,1.5,-48.11433479787038,-32.61309104913361,15.50124374873677,0.0,5993.803861942631,3881.520020831587,0.2736137820057732,10910.666666666666,11776.666666666666,6.0,8.351744866828666,15.77875532311122,75.8694998100601,69.65161909411685,72.41457432326533,79.23451911461436,3.1257949895446737,-0.01011363617975755,4784.666666666667
fibra4,RUMORE_AMBIENTALE,campione_1785921737889.wav,1.5,-48.45207743664587,-32.86587286218927,15.586204574456602,0.0,5992.72534603052,3880.6494970890317,0.27133560916081884,10850.0,11746.666666666666,6.0,8.104554995291048,16.1868333291842,75.70861167552474,69.2093384187252,72.21366563208063,78.91349950544252,2.9533651949269535,0.009967339366032096,4759.333333333333
fibra4,RUMORE_AMBIENTALE,campione_1785921739241.wav,1.5,-48.58180844150421,-33.150293010049566,15.431515431454642,0.0,5992.85587745801,3843.2272687790683,0.27646444853356933,10750.666666666666,11752.0,12.0,7.885321746722978,15.069386394041484,77.04529185923553,68.99362728152754,71.80638878265765,78.89289414178113,2.9957730655685912,0.05512553196049985,4837.333333333333
fibra4,RUMORE_AMBIENTALE,campione_1785921740774.wav,1.5,-48.49124825393584,-32.97144202573348,15.519806228202356,0.0,5993.039767393009,3891.7899448805683,0.2723092583829374,10887.333333333332,11767.333333333332,2.6666666666666665,8.260075139547043,16.232887420418457,75.5070374400345,69.32001425947962,72.25413204666478,78.93004858777068,2.859655491899982,-0.034050428279193405,4828.0
fibra4,RUMORE_AMBIENTALE,campione_1785921742290.wav,1.5,-48.40829974834431,-32.65850756707024,15.749792181274074,0.0,5993.514482443856,3886.8861836591273,0.2683181406209396,10859.333333333332,11766.0,5.333333333333333,8.390263127133895,15.925223341185296,75.68451353168082,69.42710293482119,72.21020244281374,78.97941736335173,2.9903398837093675,-0.007254527381929375,4744.0
fibra4,RUMORE_AMBIENTALE,campione_1785921743828.wav,1.5,-48.416958587209294,-33.23503406504451,15.181924522164785,0.0,5993.416534700262,3875.725223666127,0.27127435442615183,10907.333333333332,11802.0,4.666666666666666,8.51999892801551,15.513458553842877,75.96654251814161,69.33426743024123,71.93695832654956,78.83609563614637,2.9007462122976957,0.017243168472781702,4858.666666666667
fibra4,RUMORE_AMBIENTALE,campione_1785921745335.wav,1.5,-48.330634136374826,-33.8264815941479,14.504152542226926,0.0,5993.40797942982,3886.6311103204957,0.26864017106685223,10890.0,11798.666666666666,14.666666666666666,8.438296384989718,16.028171105291232,75.53353250971905,69.54486189212224,72.33115383830938,79.06371209840175,2.9021097489124887,-0.04477210756181254,4838.666666666667
fibra4,RUMORE_AMBIENTALE,campione_1785921746883.wav,1.5,-48.1918107465036,-32.95964855582714,15.232162190676462,0.0,5992.861221225122,3894.627637335824,0.26836122087823094,10902.666666666666,11808.0,10.0,8.538880270564563,16.082091555478133,75.37902817395732,69.5882273805756,72.33764344225096,79.0467234799297,2.9628964241195463,0.03667379019964196,4795.333333333333
fibra4,RUMORE_AMBIENTALE,campione_1785921748380.wav,1.5,-47.639855817546476,-31.958888163984746,15.68096765356173,0.0,5993.5137000673585,3857.2856247629834,0.2664814224039016,10768.0,11666.0,6.0,6.8683641945219005,16.122933426652043,77.00870237882607,69.3842810623238,73.09018851437729,79.8811459615134,3.1231217048613686,0.07782822978084988,4856.666666666667
fibra4,RUMORE_AMBIENTALE,campione_1785921749902.wav,1.5,-48.25082695364703,-31.86487280996041,16.385954143686618,0.0,5993.007543251677,3878.349007428908,0.26635766872482564,10860.666666666666,11807.333333333332,9.333333333333332,8.643680329393108,15.247045750999703,76.1092739196072,69.73238834596071,72.19725841134431,79.17977716473564,3.015224968428571,-0.007851571507978005,4766.0
fibra4,RUMORE_AMBIENTALE,campione_1785921751265.wav,1.5,-48.379689743597396,-30.239787774643887,18.13990196895351,0.0,5993.545579194918,3874.9169500997077,0.2719969300541995,10832.0,11775.333333333332,8.0,8.136431236779934,15.679059252978721,76.18450951024134,69.29630205008291,72.14516247925037,79.01062922386079,3.1384429360936092,-0.06459306071039275,4812.666666666667
fibra4,RUMORE_AMBIENTALE,campione_1785921752807.wav,1.5,-48.38308690468586,-33.12623235963953,15.25685454504633,0.0,5992.814621399244,3893.5187400737445,0.2682800161020392,10890.666666666666,11748.0,10.0,7.951270233038922,16.45936611856252,75.58936364839855,69.19392148620267,72.35368740608904,78.97416324149755,3.007439424311988,-0.004157546437781037,4755.333333333333
fibra4,RUMORE_AMBIENTALE,campione_1785921754310.wav,1.5,-48.327098835328364,-27.411290129569544,20.91580870575882,0.0,5993.412647505974,3887.363812079128,0.2730952971308596,10894.666666666666,11759.333333333332,1085.3333333333333,8.103254184620155,15.98537673040309,75.91136908497676,69.26520671360734,72.21584085025913,78.98168033328673,4.240096016820875,0.07154901919406913,4796.0
fibra4,RUMORE_AMBIENTALE,campione_1785921755842.wav,1.5,-48.27633495132707,-28.315385650761957,19.960949300565115,0.0,5993.864838677742,3893.4830486339342,0.2669465531582416,10948.666666666666,11706.0,3.333333333333333,7.73262564359653,16.662157938700517,75.60521641770295,69.3424168656441,72.67645947977782,79.24466462084716,3.662046098272678,0.04915180791551965,4834.666666666667
fibra4,RUMORE_AMBIENTALE,campione_1785921757359.wav,1.5,-48.44112237116978,-30.300316865273093,18.14080550589669,0.0,5992.8431386365055,3867.0343240235056,0.2759283478371497,10858.666666666666,11760.666666666666,7.333333333333333,7.786111524497432,15.621985075497808,76.59190340000475,69.11118995470386,72.1353459398502,79.03981237812536,3.4245101588787374,0.010125661734622437,4880.0
fibra4,RUMORE_AMBIENTALE,campione_1785921758878.wav,1.5,-48.50271742679801,-31.958888163984746,16.54382926281326,0.0,5992.955346950586,3873.287680644142,0.27051683172383245,10846.0,11764.666666666666,18.666666666666664,8.012165119354906,15.55515530446456,76.43267957618055,69.25151863026291,72.13276323632024,79.04681057463297,3.1305936204144187,-0.006102324632929866,4876.0
fibra4,RUMORE_AMBIENTALE,campione_1785921760410.wav,1.5,-48.35976878209141,-33.332904275014904,15.026864507076503,0.0,5992.8759259368235,3885.162160480126,0.2629855986556351,10929.333333333332,11875.333333333332,6.666666666666666,9.036543774526146,15.525752729549971,75.43770349592387,69.91737443781057,72.26787752155728,79.13323546019727,2.962805423821706,0.044046985571738494,4740.666666666667
fibra4,RUMORE_AMBIENTALE,campione_1785921761924.wav,1.5,-48.49940718362888,-31.330963159633477,17.168444023995406,0.0,5992.817210064036,3877.7610315570005,0.271163134787978,10828.666666666666,11754.0,18.0,7.817158833408338,16.012473515364377,76.17036765122728,69.10862609127216,72.2227209727224,78.99599724648083,3.1186856105931913,0.041567731648215825,4764.0
fibra4,RUMORE_AMBIENTALE,campione_1785921763310.wav,1.5,-48.385234671613844,-33.296073594095475,15.08916107751837,0.0,5992.948231341741,3867.39638454296,0.2695571484605353,10800.666666666666,11770.0,6.0,7.7784166680282,15.534492317505546,76.68709101446625,69.09276544494736,72.0968240577122,79.03107605028902,2.887709170695511,-0.029399981323966706,4843.333333333333
fibra4,RUMORE_AMBIENTALE,campione_1785921764826.wav,1.5,-48.50089618846106,-33.8264815941479,14.674414594313163,0.0,5993.4052304898505,3861.860467692788,0.2730763990165347,10812.0,11763.333333333332,8.0,8.151137778311083,15.344221154779166,76.50464106690976,69.1875929088995,71.9348590614665,78.91228838763331,2.9559947491658454,0.058275106836284084,4774.0
fibra4,RUMORE_AMBIENTALE,campione_1785921766332.wav,1.5,-48.46834874275329,-34.10434789870564,14.364000844047652,0.0,5992.952480298199,3865.171770175668,0.2711682933071769,10830.0,11743.333333333332,3.333333333333333,7.7490786956977855,15.80365368030233,76.44726762399988,68.88976632882085,71.98484065520601,78.83088528978158,2.9511539744368385,-0.030915735802462724,4872.666666666667
fibra4,RUMORE_AMBIENTALE,campione_1785921767854.wav,1.5,-48.28391642947562,-31.771864183373026,16.51205224610259,0.0,5992.790566088969,3865.2696421083256,0.2706771993343606,10862.666666666666,11759.333333333332,10.0,7.791535647398045,16.144354768391395,76.06410958421057,69.10290983243124,72.26688613791347,78.99847707003637,3.260583776644239,0.00031351003620459474,4716.666666666667
fibra4,RUMORE_AMBIENTALE,campione_1785921769392.wav,1.5,-48.25129406737081,-27.28160149338472,20.969692573986087,0.0,5993.716693301665,3888.700895444796,0.26563572897777765,10880.0,11698.0,3.333333333333333,7.520050123824184,16.65399300599856,75.82595687017725,69.29446619883343,72.74744262490228,79.33043784061778,4.274900534216911,0.1554552198101943,4734.0
fibra4,RUMORE_AMBIENTALE,campione_1785921770914.wav,1.5,-48.2852776410526,-33.5825159701625,14.702761670890105,0.0,5992.879684890822,3901.4284881683484,0.2653097725589953,10913.333333333332,11806.666666666666,4.0,8.369755191116882,16.48299024309797,75.14725456578516,69.56563289148161,72.50886535300184,79.09763652420352,2.8819860275425215,-0.02881539778974372,4786.0
fibra4,RUMORE_AMBIENTALE,campione_1785921772429.wav,1.5,-47.47051607624662,-30.47561826146366,16.99489781478296,0.0,5993.546081800818,3958.0985779269276,0.259003710263044,11032.666666666666,11743.333333333332,8.0,8.686115128393253,17.93044384567668,73.38344102593007,70.68921805437571,73.83687264214105,79.95694296520675,3.4800536522168093,0.06387581117221808,4696.0
fibra4,RUMORE_AMBIENTALE,campione_1785921773949.wav,1.5,-48.02189422092887,-31.83375914338409,16.188135077544782,0.0,5992.984677298153,3902.3680897877803,0.26806504678378046,10942.666666666666,11813.333333333332,2.6666666666666665,8.715092336090928,15.911321240249752,75.37358642365932,69.91988427549164,72.53422678723085,79.28935615094358,3.1100864898059353,0.008320573511797612,4706.0
fibra4,RUMORE_AMBIENTALE,campione_1785921775314.wav,1.5,-48.058092519639175,-23.488225935858573,24.569866583780602,0.0,5993.1984131638155,3885.6764299059832,0.2709837595579223,10888.0,11706.0,6.666666666666666,7.4360242846829365,16.694724266601657,75.86925144871539,69.2533712357506,72.76575574702531,79.34062123338568,5.668729606012413,0.07697901323610226,4764.0
fibra4,RUMORE_AMBIENTALE,campione_1785921776831.wav,1.5,-48.105133034862384,-24.88146110894711,23.223671925915273,0.0,5993.551987642284,3872.9377939073984,0.27042775822202275,10834.666666666666,11738.666666666666,7.333333333333333,7.439352200255573,16.614644005782875,75.94600379396155,69.10155572959508,72.59111493308271,79.19125379658874,4.88870301080436,0.12123249620063707,4798.0
fibra4,RUMORE_AMBIENTALE,campione_1785921778374.wav,1.5,-48.10053737933076,-32.6698988988863,15.430638480444458,0.0,5993.263874228639,3862.5843626017268,0.27105120494603446,10822.666666666666,11712.666666666666,5.333333333333333,7.376695372069922,15.956684475023922,76.66662015290615,69.16999394699127,72.5208020294472,79.33743863301397,3.102046378422611,-0.05518243523749368,4865.333333333333
fibra4,RUMORE_AMBIENTALE,campione_1785921779904.wav,1.5,-48.293274375817134,-27.877801600312647,20.415472775504487,0.0,5993.618571366889,3876.5725488939247,0.269623656775889,10862.0,11782.0,9.333333333333332,8.09628966932118,15.837041293920432,76.06666903675838,69.53455957843944,72.44843968980844,79.26364318762143,3.455878425779873,0.030824401510656626,4779.333333333333
fibra4,RUMORE_AMBIENTALE,campione_1785921781401.wav,1.5,-47.85154833739858,-23.960268631458565,23.89127970594002,0.0,5994.01968586626,3919.723816732742,0.2669371876652363,10948.0,11674.666666666666,6.666666666666666,7.590378924297191,17.8631662762214,74.54645479948142,69.99691272772736,73.71386256437637,79.91854810203594,13.06669228469849,0.4978399559568671,4788.0
fibra4,RUMORE_AMBIENTALE,campione_1785921782927.wav,1.5,-48.17123013399449,-28.030131434119756,20.141098699874735,0.0,5993.437928521678,3880.7806944799727,0.2690174302164393,10873.333333333332,11710.0,2.6666666666666665,7.8348672788869544,16.60057769873166,75.5645550223814,69.5847877105931,72.84570328770728,79.42765256314162,4.362535749920181,0.06190861250129257,4727.333333333333
fibra4,RUMORE_AMBIENTALE,campione_1785921784526.wav,1.5,-48.18023236348667,-24.70198468902452,23.478247674462146,0.0,5993.258631464855,3883.6897220378214,0.2717235308152614,10830.0,11670.666666666666,11.333333333333332,7.304647125486297,16.83465202211036,75.86070085240334,69.06359461455436,72.68964364477196,79.22777071363677,8.094944233346665,0.39539046660052113,4909.333333333333
fibra4,RUMORE_AMBIENTALE,campione_1785921786006.wav,1.5,-47.81771992006708,-25.94879766721942,21.868922252847657,0.0,5993.567269678597,3899.819859443691,0.26885197754167806,10868.0,11740.0,18.666666666666664,7.801324680501318,17.227165646328228,74.97150967317044,69.8216484927279,73.26210325909166,79.6489275241008,6.8633741530014785,0.22020618352028412,4783.333333333333
fibra4,RUMORE_AMBIENTALE,campione_1785921787341.wav,1.5,-47.61436572921285,-25.4234561209813,22.19090960823155,0.0,5994.134949918946,3894.3233234347713,0.263514524490908,10912.0,11841.333333333332,16.0,9.002293494910534,16.214833952131496,74.78287255295797,70.37811121003864,72.93370458841582,79.57260096417836,9.052143295454098,0.474166698201134,4784.666666666667
fibra4,RUMORE_AMBIENTALE,campione_1785921788854.wav,1.5,-47.37370741267219,-27.498837632483422,19.874869780188767,0.0,5994.133733852989,3944.1135520182333,0.24532249855878221,11109.333333333332,11964.666666666666,29.333333333333332,10.756744298865136,16.43632811606825,72.80692758506662,71.8445199533204,73.68575952736948,80.14943854736228,5.846327657813111,0.26579074807134695,4547.333333333333
fibra4,RUMORE_AMBIENTALE,campione_1785921790384.wav,1.5,-47.90027578373617,-27.08763079334628,20.81264499038989,0.0,5993.985535358081,3901.3354685064814,0.25794971894380286,11012.666666666666,11934.0,18.666666666666664,9.807932047594138,15.81316926882308,74.37889868358278,70.67043634612219,72.74485106130393,79.46915929896656,4.2119792135938265,0.11885072688065193,4706.666666666667
fibra4,RUMORE_AMBIENTALE,campione_1785921791922.wav,1.5,-47.756058265284025,-28.503837409358262,19.252220855925763,0.0,5993.428430868279,3931.675110943299,0.24077771230298486,11153.333333333332,11968.666666666666,28.0,11.70325535807655,14.899669390524986,73.39707525139848,71.69430727189098,72.74300677944977,79.66802800371264,4.033538546401128,0.2132891280981104,4499.333333333333
fibra4,RUMORE_AMBIENTALE,campione_1785921793429.wav,1.5,-47.257797275397394,-23.02173148388094,24.236065791516452,0.0,5994.153390150119,3907.1671642090982,0.2547847223859611,11020.0,11912.0,4.666666666666666,9.6152062325044,15.684353716908952,74.70044005058666,71.44900142580195,73.57408166947482,80.35264699101867,11.639354552333291,0.4624045850353522,4590.0
fibra4,RUMORE_AMBIENTALE,campione_1785921794947.wav,1.5,-48.100379833198936,-27.05771037298485,21.042669460214086,0.0,5993.81053592846,3901.9562238679982,0.2612706255692175,10936.666666666666,11854.666666666666,30.0,9.30293200517731,15.410628313121592,75.2864396817011,70.16547606326412,72.3574810548177,79.2464451931189,5.126415174250056,0.17731799301521958,4695.333333333333
fibra4,RUMORE_AMBIENTALE,campione_1785921796471.wav,1.5,-47.9274560526256,-27.715200644066478,20.212255408559123,0.0,5993.557711706856,3852.419507451248,0.27250781443513056,10786.666666666666,11718.0,21.333333333333332,7.187524131900383,16.164210709877207,76.6482651582224,69.35078034845344,72.87053222102675,79.63001048579929,5.350745193212518,0.30062091265346474,4791.333333333333
fibra4,RUMORE_AMBIENTALE,campione_1785921797994.wav,1.5,-48.12750112875925,-32.61309104913361,15.514410079625641,0.0,5992.995760625239,3902.022380556883,0.2635373246953331,10986.0,11891.333333333332,29.333333333333332,9.457009911479862,15.799421255796805,74.74356883272333,70.27858890096007,72.50746224619844,79.25678876461174,3.067147184363562,-0.004320303807228744,4717.333333333333
fibra4,RUMORE_AMBIENTALE,campione_1785921799359.wav,1.5,-47.977694695972744,-31.033241842914528,16.944452853058216,0.0,5993.061061935,3909.6667374470258,0.26259515785478577,10928.0,11840.666666666666,12.666666666666666,9.016077953089802,16.034133601129735,74.94978844578046,70.12979967050572,72.63007807028498,79.32732720423292,3.1268873953464666,-0.022997669353294427,4686.0
fibra4,RUMORE_AMBIENTALE,campione_1785921800877.wav,1.5,-48.27207385098297,-32.46710628048831,15.80496757049466,0.0,5992.882943373691,3867.3863242470743,0.2712200542532813,10840.666666666666,11761.333333333332,15.333333333333332,8.006503900649923,15.754342585735673,76.2391535136144,69.30503905079858,72.24461270690783,79.09239051180947,3.0618094377390603,-0.028803777169374278,4731.333333333333
fibra4,RUMORE_AMBIENTALE,campione_1785921802441.wav,1.5,-47.466945963980464,-24.552963953878898,22.913982010101567,0.0,5994.393139623042,3875.345402627452,0.2653236526984595,10859.333333333332,11832.666666666666,4.666666666666666,8.437718745883181,15.526231122404209,76.0360501317126,70.56784110782314,73.21625112567695,80.11578614163679,7.192456425747583,0.40031951875318794,4792.666666666667
fibra4,RUMORE_AMBIENTALE,campione_1785921803923.wav,1.5,-47.66406454426341,-23.448708626982807,24.215355917280604,0.0,5993.87981466181,3904.060879160245,0.26424646095071275,10952.0,11858.0,30.0,9.097643091454854,16.18358215262306,74.71877475592208,70.56552506594852,73.06698268286635,79.7105335320837,9.865030787175783,0.4537468450108237,4724.0
fibra4,RUMORE_AMBIENTALE,campione_1785921805447.wav,1.5,-48.16971696588938,-29.117730093026694,19.051986872862685,0.0,5992.894652327344,3884.59233078641,0.2707772201346042,10850.0,11766.666666666666,27.333333333333332,8.011912589174203,16.077733648516045,75.91035376230975,69.32008538931159,72.34497166137365,79.08573351840685,3.7704483866709104,0.026641436747565594,4722.666666666667
fibra4,RUMORE_AMBIENTALE,campione_1785921806988.wav,1.5,-48.07972673353605,-31.458916250924954,16.620810482611095,0.0,5993.581589434643,3917.162092560078,0.2542807151072309,11123.333333333332,11958.666666666666,30.666666666666664,11.457141225667977,13.974163806256076,74.56869496807595,71.14161953240736,72.00411516596036,79.2764222935271,3.0174539230064195,-0.055967988789820344,4677.333333333333
fibra4,RUMORE_AMBIENTALE,campione_1785921808497.wav,1.5,-48.14531609745488,-27.818913988830616,20.326402108624265,0.0,5993.516204133696,3887.6370770626054,0.26876125615944313,10906.0,11838.666666666666,29.333333333333332,8.748455282647805,15.568771997163417,75.68277272018881,69.65546361898393,72.15869344109704,79.02612020145747,4.172074320585968,0.004227463757540662,4737.333333333333
fibra4,RUMORE_AMBIENTALE,campione_1785921810014.wav,1.5,-48.16260250031271,-27.593628199630725,20.568974300681983,0.0,5992.968169808434,3910.006365021278,0.26467813425207,11011.333333333332,11906.666666666666,5.333333333333333,10.187811334477152,15.10607371814163,74.70611494738124,70.45853397845275,72.16924103807632,79.11128655807745,4.9510680685133135,0.287748458460292,4700.666666666667
fibra4,RUMORE_AMBIENTALE,campione_1785921811384.wav,1.5,-48.102185804304874,-26.827802354058065,21.27438345024681,0.0,5994.097579372342,3877.0700509246,0.2643984687008976,10868.0,11784.666666666666,5.333333333333333,8.357499382657533,15.66649949443446,75.97600112290802,69.87536142331838,72.60431758169736,79.46136220561782,4.420131727087787,0.08500064804510755,4812.666666666667
fibra4,RUMORE_AMBIENTALE,campione_1785921812899.wav,1.5,-48.17402903871542,-31.52860284269603,16.645426196019386,0.0,5993.790480608687,3928.026128179467,0.261382588902208,11074.666666666666,11947.333333333332,29.333333333333332,10.4836358727336,15.776339322603711,73.7400248046627,70.8450941176912,72.62003722190919,79.31700762905344,3.3519803918475652,0.057141477184484285,4705.333333333333
fibra4,RUMORE_AMBIENTALE,campione_1785921814422.wav,1.5,-48.43153590855557,-33.494333596252275,14.937202312303292,0.0,5992.958497355178,3877.4481098921997,0.2721552968213442,10839.333333333332,11776.0,8.666666666666666,8.003234512510193,15.711489043132204,76.28527644435759,69.15562305813276,72.08514109825981,78.9473748731876,3.0728436091794364,0.007389677196462944,4796.666666666667
fibra4,RUMORE_AMBIENTALE,campione_1785921815958.wav,1.5,-48.306055871767335,-30.986163736717245,17.31989213505009,0.0,5993.414113023488,3910.6554426551043,0.26482925412947866,10947.333333333332,11876.666666666666,4.0,8.954888954570176,16.300707631785542,74.74440341364428,69.78992020318066,72.39138273602327,79.0051049542272,3.0764413450918564,0.03524689323624396,4670.0
fibra4,RUMORE_AMBIENTALE,campione_1785921817468.wav,1.5,-48.237934240068384,-27.275473881534626,20.962460358533757,0.0,5993.626036374564,3882.1260987517508,0.2669117267643563,10874.0,11777.333333333332,5.333333333333333,7.932314049574702,16.784906915694027,75.28277903473129,69.41511149887091,72.67030186905234,79.1880689231613,4.767904230587342,0.16843828905038197,4732.666666666667
fibra4,RUMORE_AMBIENTALE,campione_1785921819002.wav,1.5,-48.52625396389847,-33.332904275014904,15.193349688883565,0.0,5993.423792993776,3892.29375420329,0.2657196176896534,10931.333333333332,11788.666666666666,6.666666666666666,8.801050660902465,15.322933575336178,75.87601576376136,69.61290669757237,72.02098067784492,78.96860666946127,3.1495561360354047,-0.007064539756180444,4768.0
fibra4,RUMORE_AMBIENTALE,campione_1785921820524.wav,1.5,-48.486350135511884,-33.369891793934116,15.116458341577768,0.0,5992.994442922357,3856.0421206169285,0.27944680037069575,10788.666666666666,11687.333333333332,1.3333333333333333,7.216080705127012,15.755941968108443,77.02797732676454,68.62841841878439,72.01984832696466,78.91188954036052,2.967286960118889,0.022168599214100044,4846.666666666667
fibra4,RUMORE_AMBIENTALE,campione_1785921822038.wav,1.5,-48.28984529235483,-32.500577956870764,15.78926733548407,0.0,5993.597256632341,3893.9285708750895,0.26468817294152536,10928.0,11814.666666666666,22.666666666666664,8.494808903122538,16.011904014893783,75.49328708198365,69.67692018963835,72.4298138343293,79.16446740982454,3.063514285836331,-0.0016268297353751095,4752.666666666667
fibra4,RUMORE_AMBIENTALE,campione_1785921823410.wav,1.5,-48.198836043444224,-28.98993884839873,19.208897195045495,0.0,5993.521604560991,3911.5272360379045,0.2648122807139937,11011.333333333332,11889.333333333332,3.333333333333333,10.231262625004264,14.666062116296894,75.10267525869884,70.44720569013796,72.01104856418115,79.10446743789478,3.5991804259387017,0.0631239021708297,4664.0
fibra4,RUMORE_AMBIENTALE,campione_1785921824930.wav,1.5,-48.15949802508224,-28.38470676420598,19.774791260876263,0.0,5992.82386650068,3882.6468659332554,0.2749393680170492,10856.0,11818.0,4.666666666666666,8.242400642748587,16.00396985281474,75.75362950443667,69.38668701454313,72.2684270538343,79.02018426340192,4.3249891718653535,0.12442508813182909,4758.0
fibra4,RUMORE_AMBIENTALE,campione_1785921826449.wav,1.5,-47.995236008505806,-26.8336220456978,21.161613962808005,0.0,5993.833918227391,3907.4895964803172,0.26675589166318986,10936.666666666666,11827.333333333332,10.0,8.616756613051228,16.460071362734062,74.92317202421471,69.9671053521566,72.77798422846627,79.35982864908881,6.5827364866279865,0.17372395429238446,4758.666666666667
fibra4,RUMORE_AMBIENTALE,campione_1785921827983.wav,1.5,-48.24189828448059,-27.917282983846896,20.324615300633695,0.0,5993.079058804686,3882.703333685159,0.27130307107990576,10899.333333333332,11757.333333333332,2.6666666666666665,8.07996912656755,16.476802374637913,75.44322849879454,69.38438669439032,72.4790190083122,79.08649233310733,4.511583331616157,0.08925223677999648,4772.0
fibra4,RUMORE_AMBIENTALE,campione_1785921829506.wav,1.5,-48.3880876373761,-32.93610954615681,15.451978091219296,0.0,5993.2199053335,3890.352916321039,0.2661759492571932,10908.666666666666,11811.333333333332,8.666666666666666,8.665744815071195,15.718641539229033,75.61561364569977,69.57941021707813,72.16550135783571,78.98746606679794,3.032880905753978,-0.02277815504801565,4804.666666666667
fibra4,RUMORE_AMBIENTALE,campione_1785921831014.wav,1.5,-48.33557068060053,-32.29073698687914,16.044833693721394,0.0,5993.537251898379,3895.377836831041,0.26997522837399235,10888.0,11793.333333333332,1.3333333333333333,8.414041755369023,16.00075550982079,75.5852027348102,69.46624363460332,72.257601898331,79.00056482830892,3.0047670073304173,-0.02486598050999602,4757.333333333333
fibra4,RUMORE_AMBIENTALE,campione_1785921832538.wav,1.5,-48.14833868640961,-26.275594927369433,21.872743759040176,0.0,5993.617289270318,3883.5586602934236,0.27191175578673843,10918.666666666666,11790.666666666666,22.0,8.328001509925127,15.899718719848735,75.77227977022613,69.4768679357433,72.28535439664354,79.06656352450564,5.241679811104293,0.274569003322377,4726.666666666667
fibra4,RUMORE_AMBIENTALE,campione_1785921834063.wav,1.5,-48.34440474648992,-33.186509417942744,15.157895328547177,0.0,5993.383150029913,3856.383758748522,0.2787847940271784,10766.0,11698.666666666666,10.0,7.259915640966532,16.238218507492224,76.50186585154124,68.83808568446389,72.3341537528427,79.06549021708653,3.1130692027057085,0.004249885781823036,4819.333333333333
fibra4,RUMORE_AMBIENTALE,campione_1785921835429.wav,1.5,-47.92050836245498,-32.05393227782264,15.866576084632342,0.0,5993.4531022077745,3949.8941475323513,0.2505797302179317,11248.0,11968.0,19.333333333333332,12.409229932005557,15.15686876106455,72.4339013069299,71.64724948614031,72.51589607084026,79.30921993919662,3.042849202080153,-0.023667557293940673,4519.333333333333
fibra4,RUMORE_AMBIENTALE,campione_1785921836956.wav,1.5,-47.8432377670608,-30.67262625899357,17.17061150806723,0.0,5993.771268935905,3917.6976948921747,0.2535973636899225,11134.666666666666,11964.666666666666,29.333333333333332,11.498157434746188,14.255775525003033,74.2460670402508,71.34059132049893,72.27421729502008,79.44104334432899,3.5479936005892396,0.07518755241334328,4642.666666666667
fibra4,RUMORE_AMBIENTALE,campione_1785921838494.wav,1.5,-47.571452672624005,-28.783473352335488,18.787979320288517,0.0,5993.30535836163,3928.3590619711654,0.24428290536262515,11214.0,11966.0,10.666666666666666,12.321015254971257,14.240048027724802,73.43893671730393,71.71220827676099,72.34085786449002,79.46500712714584,4.042176686082325,0.20139977708388906,4399.333333333333
fibra4,RUMORE_AMBIENTALE,campione_1785921839993.wav,1.5,-46.390346762138,-24.575379165005714,21.814967597132288,0.0,5995.1376025668915,4064.996152074532,0.14667344687068684,11990.0,11997.333333333332,2.6666666666666665,27.560678756464455,8.812983651375983,63.62633759215955,77.76218961393859,72.81052016827077,81.39565977794624,6.186428646127444,0.5625520463610765,3984.6666666666665
fibra4,RUMORE_AMBIENTALE,campione_1785921841514.wav,1.5,-47.3883044173792,-29.843949236738872,17.54435518064033,0.0,5993.387296123598,3934.8318665305596,0.22734174470883353,11576.666666666666,11992.666666666666,2.6666666666666665,15.839998520047263,12.942728642053508,71.21727283789924,72.99289419913839,72.1156012906445,79.52119622216878,3.1028802203572727,-0.029057546727733155,4234.0
fibra4,RUMORE_AMBIENTALE,campione_1785921843041.wav,1.5,-47.84683099366554,-32.6698988988863,15.17693209477924,0.0,5993.923181213619,3942.3812430218213,0.2233063156115846,11572.0,11983.333333333332,27.333333333333332,15.776013808259773,12.438338002806699,71.78564818893354,72.89728743349116,71.86493819902373,79.47769091828138,2.926533480765139,0.028923701634902207,4453.333333333333
fibra4,RUMORE_AMBIENTALE,campione_1785921844568.wav,1.5,-48.21708955213799,-33.05444774241069,15.162641809727305,0.0,5993.605660753431,3911.2047319185954,0.25665911387065254,11118.0,11966.666666666666,29.333333333333332,11.041082631265313,14.640772651671883,74.31814471706282,70.93308329723044,72.15860666349172,79.21391528944356,2.972922869890896,-0.02781284942618313,4647.333333333333
fibra4,RUMORE_AMBIENTALE,campione_1785921846089.wav,1.5,-48.29642453646706,-32.624422934976714,15.672001601490344,0.0,5993.64514524596,3891.222385451448,0.2699365626363853,10964.666666666666,11852.0,6.0,8.964458486181966,15.554779034408616,75.4807624794094,69.84806214244432,72.24145999930312,79.10118432473938,3.0394376176979767,0.08778856051034607,4768.0
fibra4,RUMORE_AMBIENTALE,campione_1785921847448.wav,1.5,-48.4530982071676,-33.54461384795153,14.908484359216068,0.0,5992.912091740996,3875.8315033148915,0.2729254509889925,10906.666666666666,11764.666666666666,2.0,8.293111179575897,15.582444278645246,76.12444454177884,69.33800886255023,72.07718981141045,78.96607535300758,2.8854771841622417,-0.025636990341219957,4803.333333333333
fibra4,RUMORE_AMBIENTALE,campione_1785921848968.wav,1.5,-48.43905334877021,-33.71006435932728,14.728988989442925,0.0,5992.748124186894,3893.869194345287,0.2534865562752621,11016.666666666666,11953.333333333332,5.333333333333333,10.47483401540288,14.395418819660215,75.12974716493689,70.4570681029585,71.83783965190806,79.01371587754647,2.9315251260581467,-0.038506312535955704,4713.333333333333
fibra4,RUMORE_AMBIENTALE,campione_1785921850491.wav,1.5,-48.37024337334466,-33.25939842671113,15.110844946633527,0.0,5993.599346054393,3888.84692799449,0.2584214636720673,11000.0,11931.333333333332,7.333333333333333,9.898972829200266,14.906101614107703,75.19492555669203,70.21153285245715,71.98927230514445,79.01751686763065,3.0797692106643755,0.013248799675926355,4675.333333333333
fibra4,RUMORE_AMBIENTALE,campione_1785921852033.wav,1.5,-47.84180793874306,-30.582522864454358,17.2592850742887,0.0,5993.14692595385,3896.2464579038365,0.2465649610589829,11080.0,11960.666666666666,6.666666666666666,11.329630915813786,13.96703122439272,74.7033378597935,71.01928171187302,71.92816513105606,79.21052416251753,3.2578078275685325,0.02688293634121382,4516.666666666667
fibra4,RUMORE_AMBIENTALE,campione_1785921853541.wav,1.5,-47.28387017662609,-31.598853052515388,15.6850171241107,0.0,5993.97322615812,3959.289208351549,0.2105454645380016,11815.333333333332,11990.0,4.0,17.86679403003901,11.802221244230777,70.3309847257302,73.82165277368782,72.02082398174069,79.77265344664578,3.0867789162206964,-0.14611568587499005,4190.0
fibra4,RUMORE_AMBIENTALE,campione_1785921855059.wav,1.5,-48.16125405579904,-33.332904275014904,14.828349780784137,0.0,5992.86259118575,3904.4357580413794,0.25989281286176735,11054.666666666666,11948.0,29.333333333333332,10.529609642221232,14.867355464816667,74.6030348929621,70.62118007485917,72.1193946146987,79.12462231508894,3.033314158043682,0.01548596830974396,4630.0
fibra4,RUMORE_AMBIENTALE,campione_1785921856591.wav,1.5,-48.06359688883567,-30.31768864977058,17.745908239065088,0.0,5992.886411837211,3899.7319421957222,0.2617342902499995,11002.0,11908.666666666666,2.0,9.746115202273707,15.189825336200311,75.06405946152599,70.25267342552507,72.17988582027544,79.11867849315368,3.1766084309268,0.04118576955816388,4644.666666666667
fibra4,RUMORE_AMBIENTALE,campione_1785921858120.wav,1.5,-47.531251091595635,-31.330963159633477,16.20028793196216,0.0,5994.093328788623,3958.713892399385,0.2270847653025359,11636.666666666666,11984.666666666666,14.666666666666666,16.261234530938516,12.687522184695345,71.05124328436612,73.32276640944909,72.24499942026506,79.72694809181816,3.025947299663673,-0.021280346977407497,4276.666666666667
fibra4,RUMORE_AMBIENTALE,campione_1785921859467.wav,1.5,-47.57949028458793,-26.541679993473046,21.037810291114887,0.0,5993.734748293047,4039.1390523831465,0.23574658544948512,11311.333333333332,11944.0,37.33333333333333,11.056116879153597,18.853635692481088,70.09024742836532,71.76584412592018,74.08376902400305,79.78639384522974,5.281606392059244,-0.04408771907925988,4421.333333333333
fibra4,RUMORE_AMBIENTALE,campione_1785921860992.wav,1.5,-48.32271559326206,-32.807773051868054,15.514942541394007,0.0,5993.6169907870035,3875.4555972996436,0.26257974835537556,10935.333333333332,11874.0,29.333333333333332,8.975743234283724,15.38550695519893,75.63874981051735,69.8974675874011,72.23788149249388,79.15420680377586,3.0016906005909583,0.057115847727765456,4749.333333333333
fibra4,RUMORE_AMBIENTALE,campione_1785921862516.wav,1.5,-48.1596135307307,-28.915636518526988,19.243977012203715,0.0,5992.9112256368935,3906.488316760841,0.2671041764891258,10935.333333333332,11819.333333333332,8.0,9.040870981557509,15.99058362299882,74.96854539544367,70.0300255456701,72.5065659779169,79.2167136728281,3.2996879688700833,-0.0058980924803369505,4730.666666666667
fibra4,RUMORE_AMBIENTALE,campione_1785921864036.wav,1.5,-48.066275461099394,-29.379095156777616,18.687180304321778,0.0,5993.165963422834,3903.9516456212104,0.25778897159124375,10986.666666666666,11906.666666666666,29.333333333333332,9.707254046678727,15.421741952622176,74.8710040006991,70.47913777112983,72.4895081343326,79.35131038445954,3.707239989535819,0.06050558168373788,4657.333333333333
fibra4,RUMORE_AMBIENTALE,campione_1785921865560.wav,1.5,-48.30827959931449,-33.38225605115776,14.926023548156728,0.0,5993.041189766818,3901.2384825848485,0.25670220648562025,11018.666666666666,11935.333333333332,28.0,10.028364178553872,15.285641492583336,74.68599432886278,70.37519094930083,72.20572667500987,79.09528165349059,3.1591515235151713,0.07682439531623396,4731.333333333333
fibra4,RUMORE_AMBIENTALE,campione_1785921867096.wav,1.5,-48.37549113956406,-32.93610954615681,15.439381593407255,0.0,5992.890739422677,3882.24835610577,0.2702431452133153,10882.0,11798.666666666666,10.666666666666666,8.392234512399185,15.823075493646362,75.78468999395444,69.47630550390795,72.23043839275621,79.03334417540593,2.94732734558941,0.0019232684862409172,4794.666666666667
fibra4,RUMORE_AMBIENTALE,campione_1785921868605.wav,1.5,-47.750649654117765,-32.411605201717045,15.33904445240072,0.0,5993.289301066908,3938.4191645110313,0.23845049713400157,11406.666666666666,11980.0,2.6666666666666665,14.135067164384711,13.483496362968342,72.38143647264695,72.35848153253615,72.15352799160254,79.45177474633329,3.046842143687356,0.11679523072888633,4492.0
fibra4,RUMORE_AMBIENTALE,campione_1785921870132.wav,1.5,-48.072151561382476,-32.81936196520606,15.252789596176413,0.0,5993.175290745683,3921.4325970906925,0.24595732615929744,11148.666666666666,11970.666666666666,2.6666666666666665,11.833078652386504,14.449559754059381,73.71736159355412,71.33187181229715,72.19944045332984,79.27659213085545,2.951064317055402,-0.0027913100886225906,4606.0
fibra4,RUMORE_AMBIENTALE,campione_1785921871493.wav,1.5,-48.17673265586063,-33.494333596252275,14.682399059608358,0.0,5992.974749703419,3910.6650415210233,0.26048985330161895,10968.666666666666,11867.333333333332,4.0,9.396023362279537,15.73239964663981,74.87157699108066,70.2319485609852,72.47045738325195,79.24567748762631,2.9539708051866835,0.033305535013192236,4742.0
fibra4,RUMORE_AMBIENTALE,campione_1785921873037.wav,1.5,-48.147002934359506,-33.23503406504451,14.911968869314997,0.0,5993.760585592261,3894.629290444886,0.24218617144454546,11267.333333333332,11972.0,28.0,13.235546180732026,13.395918004619286,73.36853581464868,71.81692636855585,71.86923249757234,79.25460621291218,2.9079464249766236,0.023838171652909176,4605.333333333333
fibra4,RUMORE_AMBIENTALE,campione_1785921874564.wav,1.5,-48.19355426308416,-32.579183826109364,15.614370436974795,0.0,5992.918710430388,3904.4971548611943,0.2560611115801061,11024.666666666666,11954.0,28.0,10.478193831143507,14.973172993619098,74.54863317523738,70.63315569819382,72.18342984092234,79.15468827040263,3.0230093172062604,0.03519988898205004,4708.0
fibra4,RUMORE_AMBIENTALE,campione_1785921876061.wav,1.5,-48.0348305597328,-31.099582836767716,16.93524772296508,0.0,5993.819397220465,3904.525739593426,0.2609874195109189,10977.333333333332,11888.666666666666,10.666666666666666,9.604972138537603,15.192252499747328,75.20277536171507,70.37360962425335,72.36487022890438,79.31098721542511,3.508593231401166,0.07197914608767207,4658.0
fibra4,RUMORE_AMBIENTALE,campione_1785921877582.wav,1.5,-48.109877259492116,-33.0425411068959,15.06733615259622,0.0,5993.634814937024,3900.0340857245737,0.24933730175540317,11087.333333333332,11968.0,15.333333333333332,11.378508543433528,14.042924598750746,74.57856685781573,71.08454695123878,71.99826919170151,79.24983388659102,3.0959938246581435,-0.02900278202974847,4653.333333333333
fibra4,RUMORE_AMBIENTALE,campione_1785921879115.wav,1.5,-48.37534724082132,-33.44434272888521,14.93100451193611,0.0,5993.0268577080515,3842.2992297967608,0.2721517511258213,10773.333333333332,11758.666666666666,16.666666666666664,7.616800537622458,15.16102010382547,77.22217935855205,68.94444209396168,71.93400050221472,79.0041368068041,3.0048188842060988,0.006066073307790349,4854.666666666667
fibra4,RUMORE_AMBIENTALE,campione_1785921880634.wav,1.5,-48.42770331530912,-34.3084110632511,14.119292252058017,0.0,5993.279027320214,3884.4612976019826,0.27312826138394036,10859.333333333332,11773.333333333332,19.333333333333332,8.014889426814738,16.18516106818793,75.79994950499733,69.14311644052395,72.1953113451858,78.9008302515707,2.904010788964656,-0.002042810793324798,4721.333333333333
fibra4,RUMORE_AMBIENTALE,campione_1785921882150.wav,1.5,-48.4040341954612,-33.60787624868206,14.79615794677914,0.0,5992.8142578261395,3884.2078768384154,0.272687618052153,10870.666666666666,11770.666666666666,3.333333333333333,8.388150571534913,15.819336978942511,75.7925124495226,69.4013877955266,72.15660839249463,78.96098865636779,2.966599811045014,-0.0015314677545695465,4728.666666666667
fibra4,RUMORE_AMBIENTALE,campione_1785921883535.wav,1.5,-48.336481630192516,-30.864941628181057,17.47154000201146,0.0,5992.986716204167,3871.4634004837126,0.26397856403989656,10858.0,11788.0,6.0,7.929629541835218,15.567481383099462,76.50288907506534,69.30947394056473,72.23912850757361,79.15372332002842,3.035907060892347,-0.01811629161128788,4828.666666666667
fibra4,RUMORE_AMBIENTALE,campione_1785921885035.wav,1.5,-48.20686368182335,-32.70416280629236,15.50270087553099,0.0,5993.678132666657,3876.7174845835516,0.2709832016026559,10893.333333333332,11808.0,4.666666666666666,8.599955222368607,15.530082797084885,75.86996198054652,69.71227783238871,72.27905364375216,79.16801459676188,3.167659565182177,-0.007252371947749539,4782.0
fibra4,RUMORE_AMBIENTALE,campione_1785921886558.wav,1.5,-48.336138834599076,-31.321198246499222,17.014940588099854,0.0,5993.0018282277515,3893.1925743560664,0.26083059344616955,10978.666666666666,11903.333333333332,28.666666666666664,9.844978175257213,15.197919840289147,74.95710198445364,70.2937622874098,72.17945620570279,79.10974258398801,3.1268789406083526,0.043412760637973294,4728.0
fibra4,RUMORE_AMBIENTALE,campione_1785921888084.wav,1.5,-48.30221597376796,-28.747115453289013,19.555100520478945,0.0,5993.628387891608,3888.7466401488355,0.26618996294825087,10870.666666666666,11813.333333333332,33.33333333333333,8.718027590002274,15.468269657197729,75.81370275279998,69.63564489299229,72.1258798469115,79.02893958366906,3.4281970057231206,0.02934461690544334,4702.0
fibra4,RUMORE_AMBIENTALE,campione_1785921889607.wav,1.5,-47.82228468771577,-25.538040781237996,22.284243906477776,0.0,5993.775828721177,3907.1444531505604,0.2626908928535009,10931.333333333332,11844.666666666666,4.0,8.860788599173455,16.527412992037863,74.61179840878869,70.36140720098206,73.06873224333494,79.61475852973959,6.339737174988608,0.1457425852011617,4710.666666666667
fibra4,RUMORE_AMBIENTALE,campione_1785921891156.wav,1.5,-47.84501594996399,-30.96740370927181,16.877612240692176,0.0,5993.134507032527,3900.3635668894494,0.2570747764992252,10990.666666666666,11933.333333333332,37.33333333333333,9.7828816765419,15.252001486392489,74.96511683706562,70.51040296420005,72.43900334558421,79.35432717832539,3.222572543877215,0.06875660902321493,4634.0
fibra4,RUMORE_AMBIENTALE,campione_1785921892651.wav,1.5,-47.862678246429546,-27.838498866179275,20.02417938025027,0.0,5993.712138070454,3905.1784353735684,0.24930009613540968,11137.333333333332,11971.333333333332,28.666666666666664,11.737392511483488,13.892676495015143,74.36993099350137,71.26617301305926,71.99831596035261,79.28443051702784,3.502380850657338,0.07603935086885018,4624.0
fibra4,RUMORE_AMBIENTALE,campione_1785921894225.wav,1.5,-48.124216439428196,-30.361270724910842,17.762945714517354,0.0,5993.001461578775,3884.6778249877443,0.26177928240655235,10884.0,11851.333333333332,2.0,9.10583742285404,15.241980179514973,75.65218239763098,69.94842231355929,72.18563731820696,79.1434380025319,3.4002792986640094,0.07627413264180809,4735.333333333333
fibra4,RUMORE_AMBIENTALE,campione_1785921895537.wav,1.5,-48.237597480337186,-32.09651025175526,16.141087228581924,0.0,5993.193919004403,3891.4527850887152,0.26199882470812963,10995.333333333332,11903.333333333332,10.666666666666666,9.888203221886661,14.758554175437856,75.35324260267546,70.29374690540652,72.03301120933969,79.11359252728556,2.9694374205676057,0.055450961280164364,4700.666666666667
fibra4,RUMORE_AMBIENTALE,campione_1785921897081.wav,1.5,-48.340292341170006,-29.885212446729668,18.45507989444034,0.0,5992.901154347172,3872.813004293604,0.2692855072924343,10846.0,11730.666666666666,34.666666666666664,7.705972360906076,15.67344766811773,76.62057997097621,69.09152933641599,72.1749002482599,79.06670921653892,3.2352045666993217,0.03295561983972928,4852.666666666667
fibra4,RUMORE_AMBIENTALE,campione_1785921898610.wav,1.5,-48.40903181186179,-30.6998405559535,17.709191255908287,0.0,5992.821028491418,3852.4907392120717,0.27183000110131017,10766.666666666666,11735.333333333332,10.0,7.914977132778237,15.155725325967971,76.92929754125377,69.100854033067,71.92212464589963,78.97727505645167,3.094140463397723,0.014509224668898712,4819.333333333333
fibra4,RUMORE_AMBIENTALE,campione_1785921900113.wav,1.5,-48.21591420591577,-32.0221352101317,16.193778995784072,0.0,5993.162953295305,3853.921237155772,0.27689696520680174,10758.0,11710.0,5.333333333333333,7.586196044164474,15.564693891462987,76.84911006437254,69.07731803745182,72.19848325995913,79.13346584704037,3.046456069727583,0.03255868959633651,4766.0
fibra4,RUMORE_AMBIENTALE,campione_1785921901628.wav,1.5,-48.441892527436146,-32.45597765721912,15.985914870217023,0.0,5993.474240616408,3859.3991019443492,0.2778234417620937,10781.333333333332,11738.666666666666,3.333333333333333,7.783107772268605,15.824284772847616,76.39260745488377,69.04119730604995,72.12290776322594,78.96018020209897,3.1242147336588015,-0.0018695004867411212,4727.333333333333
fibra4,RUMORE_AMBIENTALE,campione_1785921903151.wav,1.5,-48.330521373334825,-29.67275300807094,18.657768365263884,0.0,5993.442466677562,3886.130420032621,0.267858126757956,10906.666666666666,11786.666666666666,5.333333333333333,8.410151435088503,15.652121936417656,75.93772662849385,69.4686962485419,72.16639031554303,79.0252340036969,3.6572180696169703,0.07489842768602444,4796.666666666667
fibra4,RUMORE_AMBIENTALE,campione_1785921904691.wav,1.5,-48.30046645106283,-32.71561421106618,15.58485223999665,0.0,5993.038273023691,3872.282242662435,0.26745402581924205,10886.666666666666,11810.0,2.0,8.465935882034563,15.46701642629781,76.06704769166763,69.53672811064868,72.15404382864618,79.07194396883737,2.999752877783365,-0.04377506044219348,4742.0
fibra4,RUMORE_AMBIENTALE,campione_1785921906196.wav,1.5,-48.38736905462958,-31.792446869072908,16.594922185556673,0.0,5992.9405795704115,3865.6770944613213,0.27184405781422344,10820.0,11780.0,3.333333333333333,8.175671907162291,15.490460433658413,76.33386765917932,69.37278325183124,72.14819197232318,79.07472138074662,3.0045266126097747,0.022331454744695375,4779.333333333333
fibra4,RUMORE_AMBIENTALE,campione_1785921907559.wav,1.5,-48.31782072297345,-32.85422176821387,15.463598954759583,0.0,5992.89007276539,3881.3708221914953,0.26762270509958846,10852.666666666666,11769.333333333332,6.0,8.103883074123715,15.992154176200396,75.9039627496759,69.36692115700814,72.31905917518115,79.08263399347257,3.1424503265403345,-0.012471949751821447,4776.0
fibra4,RUMORE_AMBIENTALE,campione_1785921909080.wav,1.5,-48.29001212983209,-30.7362594325351,17.553752697296993,0.0,5993.164162667631,3878.9044182387393,0.2670362188962632,10879.333333333332,11817.333333333332,2.6666666666666665,8.653018565347615,15.55859850829779,75.7883829263546,69.70059727732459,72.24862566140848,79.12494732978354,3.1256867878040007,0.03361167748784225,4741.333333333333
fibra4,RUMORE_AMBIENTALE,campione_1785921910649.wav,1.5,-48.166817970251,-30.59149125899836,17.575326711252643,0.0,5992.975996576204,3899.334013586224,0.26479917170697564,10898.666666666666,11772.666666666666,4.666666666666666,8.061445482831463,16.75740621763157,75.18114829953696,69.59797507064452,72.77591383294524,79.29493540481528,3.253965716709427,-0.03572557982442807,4736.666666666667
fibra4,RUMORE_AMBIENTALE,campione_1785921912132.wav,1.5,-48.371333531338614,-31.14728141531536,17.224052116023255,0.0,5992.948934745507,3883.111030579738,0.2699727799727573,10878.0,11820.666666666666,8.666666666666666,8.438274156726786,15.443201986704636,76.11852385656856,69.47496777127581,72.09980497531801,79.02733503324485,3.3764524625933907,0.015462864512602878,4810.0
fibra4,RUMORE_AMBIENTALE,campione_1785921913649.wav,1.5,-48.20582440092213,-28.185180531044903,20.02064386987723,0.0,5993.070852566665,3896.9383807617214,0.26821996890650174,10924.666666666666,11834.666666666666,7.333333333333333,9.053750488325573,15.532953815034222,75.41329569664019,69.97471431848656,72.31896961152735,79.18090830868472,3.981131612151475,0.10218048603735048,4682.666666666667
fibra4,RUMORE_AMBIENTALE,campione_1785921915173.wav,1.5,-48.05874972763938,-28.653291057642853,19.405458669996527,0.0,5993.166309424929,3887.048917849281,0.25818005970470925,10962.0,11880.666666666666,120.0,9.814502009994598,15.064783271606792,75.1207147183986,70.49680826518579,72.3577544633049,79.33572269492265,4.050874721349381,0.07473904967949684,4746.0
fibra4,RUMORE_AMBIENTALE,campione_1785921916698.wav,1.5,-48.19718578078836,-30.11148574673099,18.085700034057368,0.0,5993.459906966762,3919.620237356504,0.2642856225592583,11028.666666666666,11756.666666666666,7.333333333333333,7.711929859816352,17.912953689108853,74.3751164510748,69.33835398298739,72.99839530413011,79.18099986027964,3.7738372028979974,0.037456437083331844,4767.333333333333
fibra4,RUMORE_AMBIENTALE,campione_1785921918230.wav,1.5,-47.960413272197435,-32.0221352101317,15.938278062065734,0.0,5993.191596729714,3937.2645920452514,0.24653803721190937,11276.666666666666,11972.666666666666,27.333333333333332,13.053231581809316,14.07435873846055,72.87240967973013,71.84278488962407,72.16989062391922,79.31123576540068,3.2553851165973926,0.04439598920868412,4526.0
fibra4,RUMORE_AMBIENTALE,campione_1785921919582.wav,1.5,-48.01045356154251,-31.014379969424127,16.996073592118385,0.0,5993.910412810836,3923.40740043607,0.256744351007125,11145.333333333332,11960.666666666666,6.0,11.0681377252068,15.4081785908064,73.52368368398679,71.16646985581451,72.60323734546242,79.38999688928816,3.386021242529301,0.06500475685382896,4618.666666666667
fibra4,RUMORE_AMBIENTALE,campione_1785921921107.wav,1.5,-48.43233933953644,-33.671602794410205,14.760736545126235,0.0,5992.65901387503,3885.8947189550126,0.2677532105589326,10854.666666666666,11774.0,25.333333333333332,8.308394666401776,16.11161690533042,75.57998842826781,69.37540541398961,72.25162550011581,78.96430244223157,2.8989976765635435,0.010979480222494653,4762.0
fibra4,RUMORE_AMBIENTALE,campione_1785921922625.wav,1.5,-47.97290954485102,-30.27432415952906,17.698585385321962,0.0,5993.248151984938,3942.930040813582,0.2292206469783147,11483.333333333332,11990.666666666666,2.0,14.992336284731165,13.665437811315025,71.34222590395382,72.74043910590078,72.3379814563509,79.51521250882797,3.206569236195306,0.04531881257424385,4513.333333333333
fibra4,RUMORE_AMBIENTALE,campione_1785921924158.wav,1.5,-47.933025016208006,-28.624624729962115,19.30840028624589,0.0,5993.156983204454,3889.656447385658,0.2591073729411428,10978.666666666666,11918.0,28.0,9.749520537941251,14.967265120369271,75.28321434168946,70.43381717970838,72.29540911023403,79.3109661322555,3.316610657186118,0.07234517723247438,4620.0
fibra4,RUMORE_AMBIENTALE,campione_1785921925672.wav,1.5,-48.356730601259315,-32.22551097862427,16.131219622635044,0.0,5992.842231626991,3882.073871659379,0.26425962117185864,10880.666666666666,11725.333333333332,8.0,7.665715764471157,16.736364445608483,75.59791978992035,69.04705409482135,72.43813821727784,78.98662542669851,3.11371885256128,0.014292421209040253,4686.666666666667
fibra4,RUMORE_AMBIENTALE,campione_1785921927216.wav,1.5,-48.12142041530069,-32.20387737022132,15.91754304507937,0.0,5993.792832989176,3913.083804643806,0.24426524969048144,11202.666666666666,11976.666666666666,4.0,12.031406935277674,14.910687394519591,73.05790567020274,71.54499328517191,72.47680577675568,79.3785013070122,3.136310976163715,0.04221467928881248,4644.666666666667
fibra4,RUMORE_AMBIENTALE,campione_1785921928717.wav,1.5,-48.388074575965845,-32.947871077070616,15.44020349889523,0.0,5992.880853091934,3880.9818346479537,0.26432237320803464,10900.666666666666,11807.333333333332,3.333333333333333,8.528064675310718,15.977247577224816,75.49468774746448,69.55651378604843,72.28302858202608,79.02717286475638,2.9657216331511487,-0.09398975140077237,4720.666666666667
fibra4,RUMORE_AMBIENTALE,campione_1785921930241.wav,1.5,-48.360027473419755,-32.01156200214125,16.34846547127851,0.0,5992.916868025118,3879.343173605571,0.2644157057756112,10919.333333333332,11824.666666666666,2.6666666666666665,8.427414218954603,15.59748881184577,75.97509696919963,69.58401709652887,72.25762051819233,79.13378632093116,3.035179289141917,0.013730197583766283,4744.666666666667
fibra4,RUMORE_AMBIENTALE,campione_1785921931613.wav,1.5,-47.83771747414609,-26.862779137350277,20.974938336795812,0.0,5993.295363247628,3998.0473610576596,0.24801676569553874,11323.333333333332,11901.333333333332,36.0,12.23927156454585,15.537516252746473,72.22321218270768,71.71796307031795,72.75422331964866,79.42717536129047,5.557234109551732,0.16850093614360295,4562.666666666667
fibra4,RUMORE_AMBIENTALE,campione_1785921933136.wav,1.5,-48.315344615937036,-32.912634155506275,15.402710460430761,0.0,5992.800211546906,3913.934463684587,0.26382575630156346,11026.0,11921.333333333332,11.333333333333332,9.962325791340943,15.648838054794869,74.38883615386419,70.24163930409044,72.20285286523281,78.97310954368608,3.0724663518909807,-0.004134458818827249,4664.0
fibra4,RUMORE_AMBIENTALE,campione_1785921934648.wav,1.5,-48.38751787084255,-32.72708073320978,15.66043713763277,0.0,5993.034801418736,3869.493647521526,0.2704437245510973,10830.0,11746.666666666666,14.666666666666666,7.457869856997251,16.23105419775947,76.31107594524327,68.9873231541476,72.36464242869316,79.08705091863766,2.9765453877327577,-0.030066630697223186,4815.333333333333
fibra4,RUMORE_AMBIENTALE,campione_1785921936174.wav,1.5,-48.45843774667116,-32.90092021002995,15.557517536641207,0.0,5992.710269616331,3882.1816393933386,0.27246590365368045,10857.333333333332,11752.666666666666,14.666666666666666,7.915389640963117,16.121087420969914,75.96352293806697,69.0536509896728,72.14287133837192,78.87497898452767,3.0097293965610064,0.06809518778442161,4761.333333333333
fibra4,RUMORE_AMBIENTALE,campione_1785921937694.wav,1.5,-47.51549688171447,-30.060690927347814,17.454805954366655,0.0,5993.023304259786,3875.1164320002713,0.26538057275014176,10816.0,11734.0,16.0,7.967084561322031,15.975569952125374,76.0573454865526,69.24291376087733,72.26448310573541,79.04133113190278,5.116029667277672,-0.0007480510429309092,4634.0
fibra4,RUMORE_AMBIENTALE,campione_1785921939231.wav,1.5,-47.99545752055479,-30.948684112949913,17.046773407604874,0.0,5992.938962539635,3894.488358524564,0.2639277387328121,10895.333333333332,11802.0,8.0,8.457586399445749,16.53654200270431,75.00587159784995,69.67291207145036,72.5848946239198,79.15140026171991,3.2091439195064186,-0.01990532168825234,4621.333333333333
fibra4,SCAVO MANUALE,campione_1785922461463.wav,3.0,-32.08743245919386,-5.536536575070218,26.550895884123644,0.0,5997.552842943066,4856.610272259607,0.03248800055828282,11884.666666666666,11892.0,114.33333333333333,42.47698554794735,5.858758191470516,51.66425626058212,91.50046571004344,82.8969845603039,92.3508306411774,157.72104140551428,-1.0863542479059578,3923.0
fibra4,SCAVO MANUALE,campione_1785922470415.wav,3.0,-30.555870258139947,-0.35686187981989725,30.199008378320052,0.0,5997.138905290719,4844.493138152088,0.01583626210191512,11896.666666666666,11904.0,103.33333333333333,47.99415551094588,0.9235092507011119,51.08233523835301,93.82544155007287,76.66797050712377,94.09626543526663,222.1265926991973,-1.7026735927583008,3546.3333333333335
fibra4,SCAVO MANUALE,campione_1785922473480.wav,3.0,-36.497747875082446,-1.448748464596191,35.04899941048625,0.0,5996.236339406836,4664.596786562457,0.033089560976993504,11895.666666666666,11902.0,102.0,45.74419884229126,1.8365270049405948,52.419274152768125,90.20286160073653,76.23947452998465,90.794411372479,670.1181709263636,2.830585468169176,3845.0
fibra4,SCAVO MANUALE,campione_1785922479561.wav,2.0,-40.83529310949978,-16.59595495818739,24.23933815131239,0.0,5995.872335455916,4391.280052683553,0.06561125852438536,11891.0,11902.5,112.0,40.94469017252097,3.6574254204073444,55.39788440707168,84.1956139969824,73.705392895985,85.50856990280732,83.77516238517617,-0.2657555926715796,3943.0
fibra4,SWEEP,campione_1785922012560.wav,14.0,-48.09319995669803,-27.65100309071764,20.44219686598039,0.0,5993.165479218018,3955.7455545865637,0.2577396995945349,11167.642857142857,11825.857142857141,2.357142857142857,10.828193929277953,15.425732314223865,73.74607375649819,80.63537792318843,82.1722755777803,88.96720670496498,3.3251645809701964,0.023063754894606325,4649.5
fibra4,SWEEP,campione_1785922049624.wav,14.0,-48.221254578986674,-31.823412639124314,16.39784193986236,0.0,5993.206560046834,3995.325832386755,0.2450086572122932,11399.0,11850.714285714284,3.071428571428571,13.84223975820026,14.154164112706832,72.00359612909291,81.87827322833662,81.97505182345411,89.0397514281542,3.1249928590028926,0.008088520921279704,4640.928571428572
fibra4,SWEEP,campione_1785922069951.wav,14.0,-48.106124232296224,-30.47561826146366,17.630505970832566,0.0,5993.374774578911,3964.75771085306,0.25269534714466685,11219.571428571428,11828.357142857141,12.857142857142856,11.535579930186787,15.182200167501515,73.28221990231171,81.02139505817223,82.21434786070029,89.05098689778956,3.17333983723805,0.010103644938063651,4654.0
fibra4,SWEEP,campione_1785922087565.wav,14.0,-48.18993325621061,-29.852186211626584,18.337747044584024,0.0,5993.069796661109,3965.5621872613847,0.2564228978355769,11217.857142857143,11826.92857142857,5.357142857142857,11.328570293988326,15.34686718648271,73.32456251952895,80.74910656880274,82.06755287772887,88.85985033577212,3.156948927361287,0.022554821758260048,4631.285714285715
fibra4,SWEEP,campione_1785922103329.wav,14.0,-48.18317515437202,-31.458916250924954,16.72425890344707,0.0,5993.116676576344,3968.6700463901434,0.25648316909570096,11221.5,11829.0,7.642857142857142,11.536667503318967,15.263541684610866,73.19979081207015,80.91600673637996,82.13175614648092,88.94030137515824,3.1370843378506095,0.006493164842858226,4650.785714285715
fibra4,SWEEP,campione_1785922132098.wav,14.0,-48.09276319107629,-29.201431821149264,18.891331369927023,0.0,5993.236894004055,3950.0843845631857,0.25932408520745864,11128.071428571428,11819.642857142857,2.714285714285714,10.411332547097153,15.87492955759106,73.7137378953118,80.5043306993881,82.33638558350569,89.00475185568342,3.1429377434804735,-0.002203912552208589,4636.285714285715
fibra4,SWEEP,campione_1785922149362.wav,14.0,-48.25237432133159,-31.782149429454684,16.470224891876903,0.0,5993.077526668942,3963.3065166361125,0.25845990062139845,11212.5,11827.42857142857,6.5,11.360215570300888,15.194690081951668,73.44509434774746,80.74592120813969,82.00897394664344,88.85168341294883,3.0864568307275597,-0.02697305421239201,4657.214285714285
fibra4,SWEEP,campione_1785922167653.wav,14.0,-48.202450207665834,-31.730844559074754,16.47160564859108,0.0,5993.113903608575,3950.034605531647,0.2598094585543835,11132.214285714284,11824.0,8.214285714285714,10.415722561783774,15.789566436065325,73.7947110021509,80.35664631457246,82.16345433085147,88.86000464439105,3.139090542670089,0.015366223381655728,4631.642857142857
fibra4,SWEEP,campione_1785922183588.wav,14.0,-48.244518814196155,-25.453202346888276,22.79131646730788,0.0,5993.178985625791,3947.929598589534,0.26146998743643896,11119.285714285714,11818.857142857141,4.571428571428571,10.360587986258729,15.724551803849586,73.9148602098917,80.30966895312503,82.12160767651305,88.84314251920829,3.3852034284500148,0.0059155006657513505,4689.0
fibra4,SWEEP,campione_1785922199492.wav,14.0,-48.18719301898429,-29.71320901680633,18.473984002177957,0.0,5993.176195355104,3947.3562237521783,0.2598332805441299,11137.285714285714,11825.92857142857,6.357142857142857,10.699696363094294,15.45674563809466,73.84355799881104,80.54454149188082,82.14200755848458,88.9339530987584,3.1251834655419426,0.018306381715033376,4644.357142857143
fibra4,SWEEP,campione_1785922216925.wav,14.0,-48.09888881210262,-25.25193792059134,22.84695089151128,0.0,5993.207360292963,3969.6021358264275,0.2534363218978855,11221.142857142857,11832.0,2.571428571428571,11.470472697841254,15.471607595360089,73.05791970679864,80.97494449709475,82.27448576093254,89.01580435877882,3.408523305470454,0.02516336893867805,4593.0
fibra4,SWEEP,campione_1785922234208.wav,14.0,-48.14731136992725,-30.119980504728087,18.027330865199165,0.0,5993.13081940657,3963.9782395341877,0.25331144085865903,11209.357142857143,11833.92857142857,7.2142857142857135,11.502552280650635,15.246979587048536,73.25046813230084,80.8748542008025,82.09875023068713,88.91501608755186,3.194383347112078,0.02367841256741235,4602.428571428572
fibra4,SWEEP,campione_1785922254191.wav,14.0,-48.22870217901552,-26.552945740128227,21.675756438887294,0.0,5993.139002374059,3968.662508985057,0.25287770647056174,11265.571428571428,11842.42857142857,25.142857142857142,11.980389882771572,14.964845334629402,73.05476478259902,81.0413336746063,82.00734648411554,88.89310962529727,3.2380159681799476,0.004477393032220682,4602.642857142857
fibra4,SWEEP,campione_1785922272813.wav,14.0,-48.24681304546707,-31.389784305310904,16.857028740156167,0.0,5993.289959494294,3970.45582788635,0.2545731051382792,11234.071428571428,11829.0,2.571428571428571,11.558476206813872,15.413797552826608,73.02772624035951,80.85381565635883,82.10390632891992,88.8596876114181,3.1388635456987224,0.015174782330033155,4627.357142857143
fibra4,SWEEP,campione_1785922318017.wav,14.0,-48.092298534975725,-31.004964370312926,17.0873341646628,0.0,5993.21783891896,3963.833100525106,0.2550199131398292,11183.5,11832.5,9.071428571428571,11.192053287952243,15.483274186154436,73.32467252589332,80.87369495847851,82.28322531160953,89.03709858644282,3.1323876006957114,0.0009855877986757091,4623.857142857143
fibra5,ELETTROMAGNETElento,campione_1785937139284.wav,1.5,-27.054178659291885,-0.058779412082701446,26.995399247209185,0.0,5999.837986715155,3945.8426523615576,0.39252296846533,11420.0,11794.0,208.0,14.383425714253043,17.13551563553796,68.48105865020898,93.44190367347734,94.20225210239103,100.21898498138253,193.82539843603863,-0.37008394247531806,4253.333333333333
fibra5,ELETTROMAGNETElento,campione_1785937140971.wav,1.5,-26.691103927643184,-0.11231851973618509,26.578785407907,0.0,5999.829537343668,3859.926510935338,0.41665498031458886,11268.0,11794.0,196.66666666666666,11.541220904916504,16.43889305861267,72.01988603647084,92.38563914244753,93.92184730734598,100.33764590331175,190.44998899504503,-2.137128612136567,4321.333333333333
fibra5,ELETTROMAGNETElento,campione_1785937142832.wav,1.5,-27.300697630878815,-0.04491313152367671,27.255784499355137,0.0,5999.858854269126,4001.625488886561,0.3762862787524972,11386.666666666666,11784.666666666666,208.66666666666666,14.285844012376106,19.11790602754438,66.5962499600795,92.95216302876825,94.21750721677051,99.63760173842225,193.55067908546684,0.6285819884012516,4308.666666666667
fibra5,ELETTROMAGNETElento,campione_1785937144715.wav,1.5,-26.874351221890805,-0.09836657342798989,26.775984648462817,0.0,5999.843709936481,4153.045519820923,0.3384856369413974,11556.666666666666,11794.666666666666,214.66666666666666,15.121676035478256,23.003401002287433,61.87492296223431,93.81847053847643,95.64039174531139,99.93761795502549,164.28270348351415,0.27698876142811896,4275.333333333333
fibra5,ELETTROMAGNETElento,campione_1785937146552.wav,1.5,-26.343584784267826,-0.07159873311354473,26.271986051154283,0.0,5999.843767370249,3718.032796157205,0.4854684942787014,11087.333333333332,11758.666666666666,248.66666666666666,11.131911716457012,13.880569753682455,74.98751852986054,93.34330808299273,94.30168347776512,101.6275003713306,184.3917797777493,0.7608069623980424,4264.0
fibra5,ELETTROMAGNETElento,campione_1785937148252.wav,1.5,-26.416941300058472,-0.06759066251992421,26.34935063753855,0.0,5999.879685504556,3678.976734227347,0.4717912271815357,11272.666666666666,11756.666666666666,205.33333333333331,10.889032043602958,14.117175770503378,74.99379218589365,93.03292629715713,94.16051175962899,101.4132866886913,182.09164904285103,-0.46735495471597094,4369.333333333333
fibra5,ELETTROMAGNETElento,campione_1785937150119.wav,1.5,-26.275954576859167,-0.015918908891173963,26.260035667967994,0.0,5999.726394089194,3914.9538033705994,0.4194022392574851,11411.333333333332,11764.0,214.0,14.244673574329024,15.097540736439225,70.65778568923176,93.73490441541264,93.98744150086094,100.68997963147153,168.20664318817597,-1.1351577290587795,4318.666666666667
fibra5,ELETTROMAGNETElento,campione_1785937151994.wav,1.5,-26.62283580615369,-0.0066293284109482375,26.616206477742743,0.0,5999.898828267568,4099.747857912601,0.33103795188886526,11386.0,11780.666666666666,272.66666666666663,14.193029468430387,21.549390186345754,64.25758034522386,93.89207457998563,95.70567338344591,100.45056721444949,178.04207900021356,-1.0174778680316359,4293.333333333333
fibra5,ELETTROMAGNETElento,campione_1785937153860.wav,1.5,-26.631516785405914,-0.10829161940477272,26.52322516600114,0.0,5999.829159131125,3903.8019881111054,0.44178715662863005,11508.0,11790.0,205.33333333333331,15.104301198528558,13.813050719196962,71.08264808227449,94.0395268845582,93.65141657515048,100.76615649497738,174.51480181557832,-0.7187446408081126,4186.666666666667
fibra5,ELETTROMAGNETElento,campione_1785937155543.wav,1.5,-26.64639730174938,-0.024155128167323587,26.62224217358206,0.0,5999.738700294578,3968.082679787356,0.4161765293036949,11654.666666666666,11786.0,209.33333333333331,16.106354809187007,17.58836696369639,66.30527822711659,93.77470845306678,94.15699101472279,99.92021685073098,187.47789415034927,1.080738902648145,3919.3333333333335
fibra5,ELETTROMAGNETElento,campione_1785937157417.wav,1.5,-26.572711482862278,-0.024155128167323587,26.548556354694956,0.0,5999.8372355065185,3943.5386854455705,0.4410049680123566,11357.333333333332,11827.333333333332,171.33333333333331,13.093118067154036,18.86480679837207,68.04207513447389,92.77054003770832,94.35663281411863,99.92788469800612,183.81563202202105,0.17868571546804699,4028.6666666666665
fibra5,ELETTROMAGNETElento,campione_1785937159291.wav,1.5,-27.023957591332266,-0.35410042191242047,26.669857169419846,0.0,5999.804696940824,3847.794159496107,0.39961334295551704,11549.333333333332,11788.0,209.33333333333331,15.115652125855123,17.600101304720596,67.28424656942428,93.49058264580287,94.151465437304,99.97544769807953,182.11985690552552,1.355600802786779,4004.0
fibra5,ELETTROMAGNETElento,campione_1785937161120.wav,1.5,-26.78708642087516,-0.587476742448892,26.199609678426267,0.0,5999.848259110538,3911.5398597573567,0.3864794837918544,11407.333333333332,11790.666666666666,218.66666666666666,14.48010148556541,16.358241941180324,69.16165657325428,93.2431566591504,93.7728068742875,100.03409447268295,172.1607316838191,-0.1315891884758997,3985.3333333333335
fibra5,ELETTROMAGNETElento,campione_1785937162818.wav,1.5,-26.91112045565212,-0.007159894022827352,26.903960561629294,0.0,5999.85152331,3874.924403751586,0.4242189195951193,11375.333333333332,11788.666666666666,205.33333333333331,14.229998322298979,15.597695935201415,70.17230574249959,93.26722059014578,93.66577659992016,100.19682957073692,195.1895413751858,0.31776707159466977,4157.333333333333
fibra5,ELETTROMAGNETElento,campione_1785937164682.wav,1.5,-26.89282217954608,-0.10426658513576702,26.78855559441031,0.0,5999.883556226536,3802.5707369667084,0.4853822250247204,11556.0,11780.0,200.0,15.282326675036664,12.318796551792573,72.39887677317076,93.7084196685559,92.77220770721989,100.46384316350581,191.05349405057243,-0.7285177728216855,4260.0
fibra5,ELETTROMAGNETElento,campione_1785937167897.wav,1.0,-25.04649850209233,-0.1166159388556117,24.929882563236717,0.0,5996.592732103642,3895.2021705784546,0.4541040081528527,11140.0,11721.0,49.0,8.127673209659436,20.03261520789922,71.83971158244131,72.59380885156115,76.51152300650998,82.057792316806,110.35549120830382,-0.29876074400884534,4088.0
fibra5,ELETTROMAGNETElento,campione_1785937169614.wav,1.0,-25.091091368382934,-0.0276113521819996,25.063480016200934,0.0,5996.850832466447,3849.324228769152,0.4611297052972672,11004.0,11734.0,48.0,7.752422307931252,18.46576531267669,73.78181237939208,71.64086735529516,75.41016624618022,81.42598631994804,111.63155377658697,-0.6881663627744212,4185.0
fibra5,ELETTROMAGNETElento,campione_1785937171449.wav,1.0,-24.153795805286038,-0.11312412388224796,24.04067168140379,0.0,5997.133488143919,3889.3913951264926,0.44414144841483544,11059.0,11723.0,261.0,7.801666644241915,20.75346970098019,71.44486365477789,72.38396355918331,76.63299681736896,82.00179978184268,113.26766212108487,1.3173488241293008,3956.0
fibra5,ELETTROMAGNETElento,campione_1785937173332.wav,1.0,-24.111359753044553,-0.07026250407081773,24.041097248973735,0.0,5996.511851896345,3868.6156889213253,0.46951133816685237,11153.0,11810.0,43.0,9.742789892667385,17.198116151416883,73.05909395591574,72.82120707712016,75.28918248533196,81.57111652799067,114.25766302742343,-0.766248494603509,4087.0
fibra5,ELETTROMAGNETElento,campione_1785937175220.wav,1.0,-24.384271486381,-0.04411382878579256,24.340157657595206,0.0,5996.86382746928,3934.5260738584325,0.3766532233947106,11459.0,11955.0,47.0,14.612366032280402,15.532359481719995,69.8552744859996,75.47524554167194,75.74041444960821,82.27003215124745,109.24760246993958,0.5804153725811408,3539.0
fibra5,ELETTROMAGNETElento,campione_1785937176901.wav,1.0,-24.55711161139812,-0.06224944378728337,24.494862167610837,0.0,5996.855933291344,3950.8508390508046,0.4092289320594968,11217.0,11786.0,44.0,10.369522785036715,19.405058755299184,70.22541845966411,72.92746610846122,75.64902802677842,81.23482176386173,106.44275756556064,-0.20188519597755147,3869.0
fibra5,ELETTROMAGNETElento,campione_1785937178231.wav,0.5,-24.371337349036047,-0.12010915813827117,24.251228190897777,0.0,5995.386325427026,4029.704425474189,0.2835738648082371,11216.0,11808.0,786.0,11.652340028842977,19.163286255210206,69.18437371594683,69.89453483878927,72.05510321523644,77.63048348409055,112.18126323222567,-1.1261105975749939,4128.0
fibra5,ELETTROMAGNETElento,campione_1785937180114.wav,0.5,-24.157819365872175,-0.17429925601647497,23.9835201098557,0.0,5995.242379288916,4076.035793118493,0.2824598876494546,11386.0,11822.0,48.0,13.718405777404499,17.356644159797256,68.92495006279825,70.43724217564944,71.45886332628484,77.44797032959275,117.50788771528462,-1.0285155568283568,4134.0
fibra5,ELETTROMAGNETElento,campione_1785937180941.wav,0.5,-24.511064791862367,-0.1637582905375368,24.34730650132483,0.0,5994.995777626855,4074.2455626926835,0.2701968110901215,11602.0,11804.0,202.0,16.065972606921214,15.463916604532306,68.47011078854649,71.090591644371,70.92471641214232,77.38653172878413,101.79033938210053,0.1956721197541783,4096.0
fibra5,ELETTROMAGNETElento,campione_1785937181950.wav,0.5,-24.641369698442794,-0.21577625040011672,24.425593448042676,0.0,5996.000952995004,4051.214938416662,0.2734053904495997,11370.0,11798.0,202.0,13.267752131727045,17.416613696479455,69.3156341717935,70.14642882309002,71.32809252099156,77.32676733851386,111.06520639621515,-0.6048258823955508,4150.0
fibra5,ELETTROMAGNETElento,campione_1785937182841.wav,0.5,-24.787495681885684,-0.09407817163542818,24.693417510250256,0.0,5996.071542940856,4051.3172668190973,0.2652354809274111,11396.0,11796.0,208.0,13.575164103684937,15.769168614106327,70.65566728220874,70.64046469155895,71.29110177838925,77.80448383172003,112.62961549635709,2.5037120302091536,4096.0
fibra5,ELETTROMAGNETElento,campione_1785937183661.wav,0.5,-24.27440105225088,-0.15673808031486208,24.117662971936017,0.0,5995.501609289778,4054.750368664826,0.23480517556694963,11708.0,11800.0,202.0,17.57174303751346,14.33617426989173,68.09208269259481,71.87793151330523,70.99411579262507,77.760749255402,94.3155983756051,-1.1144557061575964,4216.0
fibra5,ELETTROMAGNETElento,campione_1785937184671.wav,0.5,-24.26074028294554,-0.02973894303877352,24.23100133990677,0.0,5995.7903833320515,4047.105657899362,0.2528049878871357,11498.0,11818.0,208.0,14.978319706265097,15.426890352924161,69.59478994081076,70.37957986749663,70.50773283330467,77.05071618894456,108.1144472454296,-1.0938078988618962,4076.0
fibra5,ELETTROMAGNETElento,campione_1785937185509.wav,0.5,-24.272468745936706,-0.1824164047249694,24.090052341211738,0.0,5994.634774961865,4027.0756329382875,0.26284195967778207,11364.0,11802.0,200.0,13.961114393754919,15.421717448566742,70.61716815767832,69.55342091351758,69.98554747614618,76.59332303538034,109.53685048363056,2.4909532963766448,4164.0
fibra5,ELETTROMAGNETElento,campione_1785937186515.wav,0.5,-24.485089139596923,-0.2790497779420894,24.206039361654835,0.0,5995.056108189526,4050.130953620676,0.25324940168519294,11284.0,11796.0,208.0,13.136061028996963,16.857686550851884,70.00625242015114,69.68548752768521,70.76881569667216,76.95220424884161,100.8904940353299,0.4586199489344926,4126.0
fibra5,ELETTROMAGNETElento,campione_1785937187381.wav,0.5,-24.520268208230007,-0.14055921751738346,24.379708990712622,0.0,5995.579935285806,4073.0600571610685,0.2565606298381325,11336.0,11806.0,786.0,13.043780629973575,17.93067799604033,69.02554137398609,70.36560147292977,71.74753372498776,77.60166482591254,104.87391446817807,-0.21787523288857752,4216.0
fibra5,ELETTROMAGNETElento,campione_1785937188217.wav,0.5,-24.488785966070033,-0.018043637284685325,24.47074232878535,0.0,5995.182590049899,4026.453687158232,0.2988039561720278,11320.0,11806.0,198.0,13.329831614965661,16.63126362300945,70.03890476202488,70.29337297706633,71.25437881985908,77.49851980506784,122.68053062137092,-0.914740876753184,4218.0
fibra5,ELETTROMAGNETElento,campione_1785937189276.wav,0.5,-24.2437956038233,-0.10856002135245627,24.135235582470845,0.0,5995.130917502698,4014.1008443154005,0.2840191915848871,11484.0,11806.0,202.0,14.901244578903443,14.595986097516482,70.50276932358007,70.5322720092841,70.44238098973555,77.28210834198958,113.12539597381168,-1.8672329369910277,4224.0
fibra5,ELETTROMAGNETElento,campione_1785937190080.wav,0.5,-24.199769537045093,-0.1902701989851075,24.009499338059985,0.0,5995.266313704557,4077.1772713539044,0.26241863023709017,11308.0,11798.0,784.0,12.933023067092591,18.316115602031005,68.75086133087639,70.1122459567478,71.62357919411994,77.36802687005739,110.24784387593628,-1.1410668390778855,4158.0
fibra5,ELETTROMAGNETElento,campione_1785937190961.wav,0.5,-25.04714296343455,-0.6618190347464842,24.385323928688067,0.0,5994.974965329397,4044.888540445906,0.28531032700266146,11548.0,11802.0,200.0,15.456576933564127,15.752819567800548,68.79060349863533,70.56979434104461,70.65224412858713,77.05395233739486,105.98336200061078,-1.8457180118159062,4022.0
fibra5,ELETTROMAGNETElento,campione_1785937191950.wav,0.5,-24.56432755917507,-0.11554138472944459,24.448786174445626,0.0,5994.982852982681,4072.1592460370107,0.24985303670792744,11418.0,11800.0,202.0,13.78519456560811,17.105911815275004,69.1088936191169,70.50420984996782,71.44154313651813,77.50542025136102,103.76393265635069,-0.2224574589356347,4094.0
fibra5,ELETTROMAGNETElento,campione_1785937192788.wav,0.5,-24.369794555604617,-0.03745583153408348,24.332338724070535,0.0,5996.170523966057,4071.2499682306584,0.27936187280991553,11426.0,11814.0,198.0,14.110807312515204,17.084308609684918,68.8048840777999,70.5934906757434,71.42394613988165,77.4741647358981,114.3841641184819,1.2783317133813816,4112.0
fibra5,ELETTROMAGNETElento,campione_1785937193826.wav,0.5,-24.735899561899664,-0.01618447151840135,24.719715090381264,0.0,5996.050730495299,4068.47185234443,0.26579884512365193,11566.0,11852.0,114.0,15.76256548845117,15.583407653917124,68.65402685763169,71.04170571862811,70.99206099658863,77.43209683504722,123.72964401889456,-1.6190401994803594,4048.0
fibra5,ELETTROMAGNETElento,campione_1785937194647.wav,0.5,-24.36714864480965,-0.17808631477496678,24.189062330034684,0.0,5995.328761449693,4066.1044663483053,0.2734207646377536,11360.0,11800.0,200.0,13.580285334179273,16.688686223452155,69.73102844236858,70.53456330274797,71.4296958455123,77.63973505844692,104.89108603629919,0.9398777404538062,4034.0
fibra5,ELETTROMAGNETElento,campione_1785937195520.wav,0.5,-24.161490790089438,-0.004772603947657844,24.15671818614178,0.0,5995.267765184118,4034.043014221597,0.28925714492777116,11434.0,11804.0,200.0,14.262928187913516,15.674193089458077,70.06287872262841,70.53370581638654,70.943470785583,77.44649863555586,104.18163849624828,-0.38106462128062846,4156.0
fibra5,ELETTROMAGNETElento,campione_1785937196536.wav,0.5,-24.136764530731504,-0.0433145995954789,24.093449931136025,0.0,5994.9227824664595,4043.2193294552744,0.27938303714307844,11572.0,11804.0,206.0,16.08980145676164,15.268617531602638,68.64158101163571,70.72491194607571,70.4974022599228,77.02527787534827,110.16034521113939,-0.3467298873911349,4210.0
fibra5,ELETTROMAGNETElento,campione_1785937197383.wav,0.5,-24.889090083559353,-0.1632180728784259,24.725872010680927,0.0,5994.929015009006,4005.56382203296,0.2936818781603374,11276.0,11802.0,788.0,13.215545148376508,16.439854716992816,70.34460013463067,69.07367597151897,70.02180489687363,76.33513279718142,125.23724107566059,-1.4160441694909958,4100.0
fibra5,MOTORE,campione_1785925450389.wav,5.0,-20.393291227278752,-10.938405781096638,9.454885446182114,0.0,5999.600211148064,4835.247519550921,0.000545112281753011,11901.2,11901.400000000001,98.80000000000001,49.90090079280442,0.06742897515300726,50.03167023204258,110.47481721109513,81.78219894613886,110.48618337083603,0.49970113999758015,-0.12045677698808563,213.4
fibra5,MOTORE,campione_1785925455486.wav,5.0,-21.130660972405543,-11.75338167863572,9.377279293769824,0.0,5999.650761733129,4762.461706956601,0.0006665985461513257,11901.2,11901.400000000001,98.80000000000001,49.903518758321134,0.05283436803260684,50.04364687364625,109.62438105689557,79.87223453416483,109.63655887239143,0.5144702166861492,-0.0962946124852323,216.6
fibra5,MOTORE,campione_1785925501325.wav,5.0,-19.56362720980208,-10.105544605655792,9.458082604146286,0.0,5999.667489549014,4850.356750385749,0.0004895758374321641,11901.2,11901.2,98.80000000000001,49.91607078853159,0.05656555593571835,50.027363655532675,111.34203544504672,81.8851521236715,111.35170769580753,0.7922387222645026,-0.27080691447101557,210.2
fibra5,MOTORE,campione_1785925506438.wav,5.0,-20.143285321721617,-10.102999538603273,10.040285783118344,0.0,5999.675452336704,4837.6640086498865,0.0005966986011234295,11901.2,11901.400000000001,98.80000000000001,49.89823903113228,0.06673786273335564,50.035023106134354,110.60308781845201,81.8659585707391,110.61497667403684,0.9318988667558434,-0.2701276816285616,219.0
fibra5,MOTORE,campione_1785925511317.wav,5.0,-20.731099446116012,-10.592388872620663,10.138710573495349,0.0,5999.66518697325,4801.094701066369,0.0007589134737115534,11901.2,11901.400000000001,98.80000000000001,49.88188418820958,0.07248117127503989,50.0456346405154,110.20921808761857,81.83204161842143,110.22345160053581,1.1821012811368412,-0.37557269539067306,224.6
fibra5,MOTORE,campione_1785925516436.wav,5.0,-20.867378074932475,-10.47916089196616,10.388217182966315,0.0,5999.745152262888,4840.26904683386,0.0006220981013100025,11901.2,11901.2,99.0,49.90887177259314,0.05385927669647393,50.03726895071039,109.92213744312787,80.25296508641492,109.93329589631487,1.2669817075609924,-0.4136982260773147,213.8
fibra5,MOTORE,campione_1785925521308.wav,5.0,-20.53065484894734,-10.365641241629541,10.165013607317798,0.0,5999.682341434259,4877.129847933081,0.0005420481008377211,11901.2,11901.2,98.80000000000001,49.91781113218898,0.05123673040406353,50.030952137406956,110.25392769566201,80.36718644140768,110.26376004048024,1.0642980690118335,-0.37542827771971476,205.0
fibra5,MOTORE,campione_1785925526412.wav,5.0,-20.54065593306758,-10.138698518655945,10.401957414411635,0.0,5999.635763939993,4869.557914371304,0.0005587458837589109,11901.2,11901.2,99.0,49.904163664803924,0.0631452879937003,50.03269104720236,110.2856146754621,81.30765634151054,110.29678548204492,1.2005296351392776,-0.41322492014730394,205.4
fibra5,MOTORE,campione_1785925531327.wav,5.0,-20.46600995810712,-9.954979247386827,10.511030710720291,0.0,5999.66868107721,4884.649793103225,0.0005543109725909975,11901.2,11901.2,99.0,49.897272995510725,0.07011224459136911,50.03261475989789,110.37689202307678,81.85406262210037,110.3886559144818,1.2578741385179777,-0.4462179999068079,207.8
fibra5,MOTORE,campione_1785925536380.wav,5.0,-20.40149018863394,-9.740827370225231,10.660662818408708,0.0,5999.64960145964,4848.281816139236,0.0006856259584989142,11901.2,11901.2,98.80000000000001,49.869380227366726,0.08971076895546802,50.04090900367782,110.39940818966747,82.9495142733655,110.4143203823562,1.2337823221462205,-0.45317851867841896,207.0
fibra5,MOTORE,campione_1785925541459.wav,5.0,-20.33074831921658,-9.639719351295064,10.691028967921515,0.0,5999.85090964909,4861.695663217904,0.0006615486575507563,11901.2,11901.2,98.80000000000001,49.86598204560325,0.09436914320448526,50.03964881119229,110.47464686221231,83.24490321919937,110.4897456295805,1.2708806313288443,-0.49696598904547357,208.6
fibra5,MOTORE,campione_1785925546394.wav,5.0,-20.339493375900865,-9.29135446059853,11.048138915302335,0.0,5999.669583495383,4890.199179495326,0.0005932227624285638,11901.2,11901.2,99.0,49.88032427434293,0.08598195302772975,50.03369377262935,110.49502368650363,82.85980406093597,110.50835666628268,1.2772691764342499,-0.5073241918039758,208.2
fibra5,MOTORE,campione_1785925551476.wav,5.0,-20.173579755593853,-9.570834214646943,10.60274554094691,0.0,5999.639755788073,4904.846538909956,0.0004940782964767582,11901.2,11901.2,99.0,49.902442390580276,0.06952919709463476,50.0280284123251,110.59500112908185,82.03545525249359,110.60591698778312,1.2405927768232354,-0.5003544358900169,203.2
fibra5,MOTORE,campione_1785925556395.wav,5.0,-20.210143549786554,-9.498534144356107,10.711609405430448,0.0,5999.823583702929,4934.859325687676,0.0004798241927667048,11901.2,11901.2,99.0,49.90153286449718,0.07189720084355856,50.02656993465924,110.62108164312583,82.20706260349624,110.63195004479141,1.2620487378399172,-0.5112328540760158,204.2
fibra5,MOTORE,campione_1785925561453.wav,5.0,-20.22701510003461,-9.397845290835884,10.829169809198726,0.0,5999.727809487682,4914.5529692464825,0.0005024562455923827,11901.2,11901.2,99.0,49.90568095407523,0.06609483288808582,50.028224213036715,110.59289408133733,81.81306931165194,110.60354509867676,1.2763204526340335,-0.5286180853290943,206.6
fibra5,MOTORE,campione_1785925566355.wav,5.0,-19.996835313688614,-9.37051518904665,10.626320124641964,0.0,5999.673228225451,4893.664605661488,0.00047036048339022614,11901.2,11901.2,98.80000000000001,49.920698964900545,0.05220068382667766,50.02710035127277,110.78399878513785,80.9779541329889,110.79324552248296,1.1193267134107234,-0.4756937956417781,201.8
fibra5,MOTORE,campione_1785925571463.wav,5.0,-20.029552305558816,-9.555688806080818,10.473863499477998,0.0,5999.762362769917,4889.070689042576,0.0004548143571148204,11901.2,11901.2,98.80000000000001,49.923326720769225,0.0508505211839775,50.02582275804679,110.78005053536532,80.85996944500872,110.78895776053778,1.095190604478642,-0.4635988458583884,205.2
fibra5,MOTORE,campione_1785925576343.wav,5.0,-19.930656349366608,-9.468520128380117,10.46213622098649,0.0,5999.662275867619,4904.262559492601,0.00046168598221128196,11901.2,11901.2,98.80000000000001,49.917855257104925,0.05665891481238542,50.02548582808269,110.90904116173435,81.45916450980476,110.91839513782168,1.0390423768277257,-0.4383912812374326,210.2
fibra5,MOTORE,campione_1785925581465.wav,5.0,-19.861083789455407,-9.774248787656898,10.086835001798509,0.0,5999.723978596029,4873.395574900401,0.0005164797430630956,11901.2,11901.2,98.80000000000001,49.90165126224964,0.06951573265370953,50.028833005096644,110.98115770815836,82.42083958329107,110.99221226460217,1.0051436645874459,-0.42725134858586394,212.2
fibra5,MOTORE,campione_1785925586507.wav,5.0,-19.800818496609743,-9.36350132598438,10.437317170625363,0.0,5999.675378182401,4861.367207209057,0.0005514531788308264,11901.2,11901.2,98.80000000000001,49.89972127414797,0.06846772852466164,50.031810997327355,111.0034822842607,82.37736028659272,111.01496331932503,1.0765300240389024,-0.44139706229440734,215.0
fibra5,MOTOREa5M,campione_1785925182496.wav,5.0,-39.90841682725872,-24.825841562527554,15.082575264731165,0.0,5996.908855889805,4220.739048432511,0.039031905147537335,11950.400000000001,11950.6,49.400000000000006,44.32304382668777,2.263145181869694,53.41381099144253,90.19916568926787,77.27999406632142,91.00940556883575,3.4041825311866223,-0.8765712918210848,1583.6
fibra5,MOTOREa5M,campione_1785925187548.wav,5.0,-39.370532656336906,-24.52167952261025,14.848853133726656,0.0,5997.422044429391,4191.5336380878025,0.03191409758875481,11913.800000000001,11950.6,98.80000000000001,45.320733498686856,1.802858619702062,52.87640788161109,91.13793630631092,77.13458371147601,91.80758644508975,3.9281175258097143,-1.0138156257810123,1587.6
fibra5,MOTOREa5M,campione_1785925192479.wav,5.0,-38.6351468802816,-23.640053077185463,14.99509380309614,0.0,5997.279671742514,4218.924181872497,0.02847681344290534,11912.2,11950.6,98.80000000000001,45.911308093303525,1.6095345273596868,52.4791573793368,91.70273231751102,77.15053862506576,92.28340418265638,4.024795293981861,-0.9356560517024642,1600.0
fibra5,MOTOREa5M,campione_1785925197542.wav,5.0,-38.415037033591666,-22.770163436771682,15.644873596819984,0.0,5997.1141690472705,4224.834892905303,0.027370689372372855,11901.400000000001,11950.6,98.80000000000001,46.00935722462049,1.5537583443610217,52.4368844310185,91.84412562451843,77.12949870478383,92.4120327638846,4.061305148844398,-0.9438987113831322,1605.0
fibra5,MOTOREa5M,campione_1785925202458.wav,5.0,-38.36931896610488,-23.839831227058173,14.529487739046704,0.0,5997.255715477508,4214.2576910628295,0.02630295781240642,11901.2,11950.6,99.0,46.2039204350772,1.4689859966153502,52.32709356830746,92.1558799442621,77.17926822931364,92.6963578027432,3.971259076124772,-0.959305605549984,1568.6
fibra5,MOTOREa5M,campione_1785925207561.wav,5.0,-38.14155846519913,-23.138880344720697,15.002678120478436,0.0,5997.47726401353,4260.987012965872,0.025922271637641305,11901.2,11950.6,99.0,46.2348691548523,1.528191881694328,52.23693896345339,92.33112840446331,77.52321095762252,92.86120927293275,3.9727123974842113,-0.9211572906796109,1564.2
fibra5,MOTOREa5M,campione_1785925212462.wav,5.0,-38.17350426230165,-23.737329571348972,14.436174690952676,0.0,5997.426846572794,4203.829792022054,0.025407964370061854,11901.2,11950.6,99.0,46.31682301705975,1.420953698741981,52.26222328419829,92.20631509653654,77.07472674052545,92.73080628302387,3.9770647879747916,-0.9478463158207909,1571.8
fibra5,MOTOREa5M,campione_1785925217542.wav,5.0,-38.30974371417402,-23.500116272428873,14.809627441745146,0.0,5997.174150412953,4237.035312099076,0.029510028209933738,11901.2,11950.6,98.80000000000001,45.56585549270166,1.953898693533997,52.480245813764355,92.00474727670782,78.32737241669949,92.61831059742299,3.872556189178491,-0.9520869948789153,1629.6
fibra5,MOTOREa5M,campione_1785925222624.wav,5.0,-37.96412614047871,-22.381524034205206,15.582602106273505,0.0,5997.510488622532,4224.807731718173,0.0318431609956214,11901.2,11950.6,98.80000000000001,45.07757411269228,2.2973619859099035,52.6250639013978,92.29873372872179,79.37142267377385,92.97105472987376,4.073954258181622,-0.9496622404719302,1663.6
fibra5,MOTOREa5M,campione_1785925227518.wav,5.0,-37.93064367549855,-22.430478452572803,15.500165222925748,0.0,5997.595542260778,4252.4022925911195,0.027552300504549102,11901.2,11950.6,98.80000000000001,45.768413528462894,1.9191093943402207,52.31247707719688,92.59041416555058,78.815752892079,93.1708084286004,3.964408060012995,-0.9441592965153224,1654.8
fibra5,MOTOREa5M,campione_1785925232615.wav,5.0,-37.78220541452474,-23.184655889471944,14.597549525052795,0.0,5997.49667219864,4257.450535389409,0.031253308285481333,11901.2,11950.6,99.0,45.00362032998863,2.4764273328963244,52.51995233711506,92.52744118941862,79.9332225558399,93.19820990095764,3.8778306261041937,-0.9134035024868169,1681.4
fibra5,MOTOREa5M,campione_1785925237508.wav,5.0,-37.793273312925976,-23.54385396365005,14.249419349275925,0.0,5997.188105844546,4269.143229542149,0.02697541202865597,11901.2,11950.6,99.0,45.89986868321804,1.8585539589055735,52.24157735787639,92.75385840572031,78.82749571895178,93.3159067887403,3.5784571871033934,-0.9058190736172109,1720.0
fibra5,MOTOREa5M,campione_1785925242607.wav,5.0,-37.898256515277325,-23.71697359881528,14.181282916462045,0.0,5997.318333456372,4230.820593354703,0.029054123021460206,11901.2,11950.6,99.0,45.518966494293636,2.0275360522300927,52.453497453476274,92.52475079897665,79.01251272304785,93.14057138076215,3.377968804868612,-0.870738311147671,1798.2
fibra5,MOTOREa5M,campione_1785925247680.wav,5.0,-37.722535988703065,-23.33511476636596,14.387421222337103,0.0,5997.350998183656,4264.216668347479,0.028798997715813537,11901.2,11950.6,98.80000000000001,45.47685013369592,2.170300242054247,52.352849624249835,92.64539871900311,79.43269314259919,93.25689821205879,3.235906300860033,-0.7364273111272893,1681.2
fibra5,MOTOREa5M,campione_1785925252575.wav,5.0,-37.454970923888126,-23.097130303818226,14.3578406200699,0.0,5997.428665295893,4218.26341396839,0.025019414078198052,11901.2,11950.6,99.0,46.278464639350354,1.645857988021318,52.075677372628355,93.07791962873326,78.58805380380294,93.59047948482656,3.339184606570905,-0.7617008818800982,1716.2
fibra5,MOTOREa5M,campione_1785925257663.wav,5.0,-37.429448658542526,-22.89503672646509,14.534411932077436,0.0,5997.051846329693,4194.193224280342,0.02235606565889118,11901.2,11950.6,98.80000000000001,46.75068157713138,1.3255178811784412,51.92380054169017,93.01192697785018,77.5379034168314,93.46771223926478,3.2549227457824585,-0.7779718784748435,1690.2
fibra5,MOTOREa5M,campione_1785925262567.wav,5.0,-37.14373945361351,-23.440826694038197,13.702912759575316,0.0,5997.133464254205,4192.082804271313,0.019499240273260887,11901.2,11950.6,99.0,47.12167371344627,1.1576542000370746,51.72067208651664,93.46889472645037,77.37247616652861,93.87332924601654,3.0684197687980435,-0.7870388588782393,1717.4
fibra5,MOTOREa5M,campione_1785925267649.wav,5.0,-37.0662028944045,-23.093344777711664,13.972858116692834,0.0,5997.3152823679275,4253.811113376127,0.01985728174123385,11901.2,11950.6,99.0,47.16479555765824,1.159596192286915,51.675608250054836,93.55047705194382,77.45736529537506,93.94715346137177,3.314425795673394,-0.7773291592016682,1578.2
fibra5,MOTOREa5M,campione_1785925272559.wav,5.0,-37.082119572693564,-23.607868178827122,13.474251393866442,0.0,5997.226635870172,4198.15996581567,0.01935953268162017,11901.2,11950.6,99.0,47.194732907956556,1.0978498750640127,51.70741721697942,93.40373188323102,77.07022612510626,93.80032501044938,3.1541114501908902,-0.778082405873902,1697.4
fibra5,MOTOREa5M,campione_1785925277647.wav,5.0,-36.802612111213165,-23.36630291301769,13.436309198195474,0.0,5997.329652034596,4229.45030638738,0.018037170728528507,11901.2,11950.6,98.80000000000001,47.38506301788462,1.0568123951784338,51.55812458693696,93.82778028250092,77.31134464120916,94.19433677338611,3.2883681102168856,-0.8031098030525752,1551.0
fibra5,MOTOREa5M,campione_1785925282728.wav,5.0,-36.71464868688111,-22.90614163679951,13.808507050081602,0.0,5997.65550407584,4252.866950582617,0.017783936997248243,11901.2,11950.6,98.80000000000001,47.434299799484066,1.0069132620702648,51.55878693844566,93.94552142086567,77.21451708946142,94.30762338787724,3.253168774162618,-0.7696205548242927,1484.2
fibra5,PASSI_LENTI,campione_1785937279319.wav,5.0,-30.95606592766042,-3.5530271408736365,27.40303878678678,0.0,5998.0710846808815,4563.284744121111,0.03264785914178416,11997.800000000001,11999.2,3.0,44.725276183519846,2.962676005874915,52.312047810605215,95.42856679633962,83.63987808806505,96.10905369848288,98.93667130946078,2.3386067251312244,2213.0
fibra5,RUMORE_AMBIENTALE,campione_1785924085538.wav,5.0,-47.44893465649465,-30.754526293818216,16.694408362676434,0.0,5993.393461010924,3942.395348437424,0.21894746286148425,11613.400000000001,11989.400000000001,11.600000000000001,16.112161283202635,13.069063926715994,70.81877479008138,78.25429237813745,77.34519919581773,84.68423846197945,3.223592506107238,0.006966599080870727,4216.8
fibra5,RUMORE_AMBIENTALE,campione_1785924090609.wav,5.0,-48.51784351458793,-31.195243377731302,17.32260013685663,0.0,5992.981126449217,3904.1920591049407,0.2628838141098476,11004.400000000001,11875.2,10.600000000000001,9.702247798274389,15.557190761433619,74.74056144029198,75.14938138446783,77.19996953045337,84.01622131888982,3.2058637277492847,0.030357564720187878,4679.6
fibra5,RUMORE_AMBIENTALE,campione_1785924104334.wav,1.5,-48.40170342687947,-29.125306098208096,19.276397328671376,0.0,5993.054587759393,3935.8817704228363,0.24751166843884628,11234.0,11982.666666666666,11.333333333333332,12.045499330521945,15.106972097135165,72.8475285723429,71.0916005871783,72.07512677957283,78.90750073363934,3.424077560404614,0.09510702363612814,4574.666666666667
fibra5,RUMORE_AMBIENTALE,campione_1785924105857.wav,1.5,-48.071243773317704,-32.86587286218927,15.205370911128433,0.0,5992.8656889718795,3911.572952054791,0.24799116817612354,11096.0,11982.666666666666,11.333333333333332,11.366670863186474,14.75211256755842,73.88121656925512,70.93730704040831,72.06951637080819,79.06631457590422,3.1161872627048197,0.06025692676468857,4464.666666666667
fibra5,RUMORE_AMBIENTALE,campione_1785924107377.wav,1.5,-48.017681963965416,-32.064557220174905,15.95312474379051,0.0,5992.944412513884,3911.2652425777646,0.23733479098541735,11262.0,11987.333333333332,11.333333333333332,12.982536300100072,14.01287006940839,73.00459363049154,71.58856947795074,71.9202449735448,79.08847590076361,3.2427100670926885,-0.0276696618749666,4451.333333333333
fibra5,RUMORE_AMBIENTALE,campione_1785924108900.wav,1.5,-48.534614072006505,-33.138254353592124,15.39635971841438,0.0,5992.869048465398,3889.000800988211,0.25832233620494743,10931.333333333332,11902.666666666666,5.333333333333333,9.565651133247787,15.09715378473033,75.33719508202189,69.87173907413465,71.85354448589307,78.83468816373266,3.131148733888108,0.04474793190460107,4778.666666666667
fibra5,RUMORE_AMBIENTALE,campione_1785924110430.wav,1.5,-48.58378305389696,-33.332904275014904,15.250878778882054,0.0,5992.728387206417,3873.9625531183874,0.2734292458332766,10859.333333333332,11716.0,283.3333333333333,7.388470178184926,16.95651746878915,75.65501235302594,68.70931189748762,72.31713326650302,78.81214371532879,3.003298261787992,-0.027008953356926657,4772.666666666667
fibra5,RUMORE_AMBIENTALE,campione_1785924111956.wav,1.5,-48.684544465050166,-31.823412639124314,16.861131825925852,0.0,5992.537474362177,3909.384779969496,0.2682425967386505,10918.666666666666,11759.333333333332,2.6666666666666665,8.052824659001372,17.137803738118958,74.80937160287966,69.03868348005548,72.31875270062321,78.71876111767531,3.0828214952390534,0.03881774809238152,4771.333333333333
fibra5,RUMORE_AMBIENTALE,campione_1785924113480.wav,1.5,-48.919081468363565,-33.787502220373014,15.131579247990551,0.0,5993.0846711720005,3865.3964923796552,0.2729446813125699,10822.0,11717.333333333332,283.3333333333333,7.936750253268179,15.933046579976796,76.13020316675501,68.6318772149537,71.65843832767348,78.4510199576014,3.071804794599589,-0.04625469909452607,4831.333333333333
fibra5,RUMORE_AMBIENTALE,campione_1785924114852.wav,1.5,-48.728959637021596,-32.647131155142304,16.081828481879292,0.0,5993.272227245047,3878.095921273316,0.268989842114582,10833.333333333332,11718.0,9.333333333333332,7.609559084570444,16.1250531892566,76.26538772617295,68.64376642064255,71.90518304440792,78.6534463110517,3.085297210090152,0.026714485479354646,4829.333333333333
fibra5,RUMORE_AMBIENTALE,campione_1785924116365.wav,1.5,-48.767061682734095,-31.40948020788958,17.357581474844515,0.0,5993.061216510204,3865.991053291894,0.2780698313229726,10797.333333333332,11716.0,2.6666666666666665,7.25466508826307,16.737464378111614,76.00787053362531,68.42032844517263,72.05105142216826,78.62274041830828,3.173093261398531,-0.04093876271139491,4832.666666666667
fibra5,RUMORE_AMBIENTALE,campione_1785924117877.wav,1.5,-48.59742744849213,-32.61309104913361,15.984336399358519,0.0,5993.255965454727,3887.4819707623205,0.26722723404173937,10855.333333333332,11742.0,8.0,7.843374701615413,16.74692835687985,75.40969694150473,68.891683796174,72.18600578975595,78.7209261199474,3.0606942936380204,-0.013058574018644346,4692.0
fibra5,RUMORE_AMBIENTALE,campione_1785924119399.wav,1.5,-48.759719902044765,-33.2472077029716,15.512512199073164,0.0,5992.365342225178,3881.245337616229,0.27295424687878495,10868.666666666666,11738.666666666666,10.666666666666666,7.8380496769115915,16.328059943512,75.83389037957639,68.65593716257871,71.84320290675704,78.51249041027918,3.1016035366950545,-0.01927877933984125,4786.0
fibra5,RUMORE_AMBIENTALE,campione_1785924120924.wav,1.5,-48.62941631791875,-30.239787774643887,18.389628543274867,0.0,5992.569903859824,3868.108702846199,0.267042977231588,10822.0,11686.666666666666,10.666666666666666,7.21639458297757,16.06430444993039,76.71930096709205,68.47118717643474,71.94660372079683,78.73703082886666,3.2679166670060633,0.11463401881412645,4765.333333333333
fibra5,RUMORE_AMBIENTALE,campione_1785924122445.wav,1.5,-48.62797397719902,-32.61309104913361,16.01488292806541,0.0,5992.569554683406,3888.6825989408535,0.26876293881956415,10892.666666666666,11808.666666666666,11.333333333333332,8.953579285301934,15.678172340902732,75.36824837379534,69.55115744019052,71.98414494391527,78.80307482304028,2.867143285045832,-0.01443454753991758,4760.666666666667
fibra5,RUMORE_AMBIENTALE,campione_1785924123972.wav,1.5,-48.40567713537497,-33.98417226482553,14.421504870549441,0.0,5993.669310838968,3911.569437552283,0.24393434952599116,11212.666666666666,11988.666666666666,11.333333333333332,12.338607904519181,14.219729302911233,73.44166279256957,71.27554115938601,71.8917928139977,79.022304536375,2.906443619162272,0.005396683200157448,4608.0
fibra5,RUMORE_AMBIENTALE,campione_1785924125492.wav,1.5,-48.50503079969813,-31.498668674144817,17.006362125553316,0.0,5992.6129761543625,3884.7723563137283,0.2600091762898431,10998.0,11918.0,2.0,9.753699241513578,15.184099207339811,75.06220155114663,69.90034689095853,71.82254361858833,78.76286627231998,3.3101927719937283,0.011885348684036888,4728.0
fibra5,RUMORE_AMBIENTALE,campione_1785924126862.wav,1.5,-48.567532149659066,-33.114226982130944,15.453305167528121,0.0,5993.4108682541155,3891.3140054125724,0.2579040019750735,11049.333333333332,11945.333333333332,12.0,9.862083179376432,15.834475238264917,74.30344158235864,70.07985175668226,72.13620189734067,78.8502544435722,3.0963651276248374,0.042595521430013855,4668.0
fibra5,RUMORE_AMBIENTALE,campione_1785924128377.wav,1.5,-48.18082749687388,-30.33509524748559,17.84573224938829,0.0,5993.246934762556,3899.6813396496905,0.2459172141767876,11089.333333333332,11984.0,12.0,11.223220103935859,15.267712437188214,73.50906745887593,70.76261703743558,72.09918195132437,78.92485136880082,3.1777372876747805,-0.03812020086945099,4520.666666666667
fibra5,RUMORE_AMBIENTALE,campione_1785924129911.wav,1.5,-48.08729537423842,-29.449616973523483,18.63767840071494,0.0,5992.984421939518,3881.67318615079,0.2519003821792154,11027.333333333332,11984.0,10.666666666666666,10.942613342092262,14.453595425300612,74.60379123260712,70.85022820432539,72.05877660853038,79.18662664871503,3.1236567238993453,0.06020461942183692,4554.0
fibra5,RUMORE_AMBIENTALE,campione_1785924131427.wav,1.5,-47.753908676632555,-31.85448919928229,15.899419477350264,0.0,5993.088565608076,3923.8950354365766,0.23013836673258986,11287.333333333332,11988.666666666666,11.333333333333332,13.26762057456586,14.493395597006895,72.23898382842724,71.84321915300774,72.22699018593632,79.2030050037794,3.1608526947876365,-0.020795809499944362,4280.666666666667
fibra5,RUMORE_AMBIENTALE,campione_1785924132949.wav,1.5,-47.955494568625,-33.17442049568243,14.781074072942566,0.0,5993.833130544219,3934.7372219682948,0.23486809900576638,11377.333333333332,11990.0,8.666666666666666,13.814673246250141,14.280209116538757,71.90511763721112,72.118163624731,72.26210312526834,79.28235546445269,3.039368831289976,-0.04988452394009534,4403.333333333333
fibra5,RUMORE_AMBIENTALE,campione_1785924134475.wav,1.5,-48.236503172804184,-29.072412306449355,19.16409086635483,0.0,5993.726337718613,3928.4492430620817,0.23779336730848152,11296.0,11988.0,10.0,12.837986308417912,14.335172275348995,72.8268414162331,71.59337865203148,72.07243873546298,79.13132431537477,3.4167337689726276,0.03351427800587176,4505.333333333333
fibra5,RUMORE_AMBIENTALE,campione_1785924135991.wav,1.5,-48.40771197649991,-32.09651025175526,16.31120172474465,0.0,5992.816439565188,3891.9468141932944,0.26167487583170007,10943.333333333332,11873.333333333332,11.333333333333332,9.229564397227307,15.688743087689634,75.08169251508306,69.8221509897368,72.1262204586504,78.92567948688706,3.2765514826497286,-0.05597879962529186,4609.333333333333
fibra5,RUMORE_AMBIENTALE,campione_1785924137518.wav,1.5,-48.70422304177087,-32.83096636139815,15.87325668037272,0.0,5993.246845381244,3859.7336544235027,0.27164932241118706,10844.0,11739.333333333332,12.0,7.332363902732955,15.998989586906747,76.66864651036032,68.43151065581114,71.81999610606232,78.62524851263005,3.0085312458492055,0.048895610581566565,4788.0
fibra5,RUMORE_AMBIENTALE,campione_1785924138881.wav,1.5,-47.237806983950286,-31.518613319673456,15.71919366427683,0.0,5993.951544339947,3956.6777298985335,0.21071237861022357,11815.333333333332,11990.0,10.0,17.706849038661595,12.699368953299695,69.59378200803872,73.4973872871791,72.05379584915516,79.4416788248893,3.2190025534147146,-0.19978927680439648,4003.3333333333335
fibra5,RUMORE_AMBIENTALE,campione_1785924140407.wav,1.5,-48.362339521087705,-30.11148574673099,18.250853774356713,0.0,5993.219820056018,3890.5757323745943,0.258401364207358,11024.666666666666,11944.666666666666,1.3333333333333333,10.032731176958293,15.32707654514302,74.64019227789868,69.94127580431075,71.78167731099495,78.65681154286881,3.3174592989513476,0.05468892494382387,4602.0
fibra5,RUMORE_AMBIENTALE,campione_1785924141923.wav,1.5,-48.54329558738111,-32.807773051868054,15.735522535513056,0.0,5992.607405006257,3875.261650632199,0.2627301296124586,10925.333333333332,11876.0,10.0,9.122207769044188,14.996200860296993,75.88159137065882,69.55808160842761,71.71689450019005,78.75844631488549,3.07913477186423,0.0456026281848894,4707.333333333333
fibra5,RUMORE_AMBIENTALE,campione_1785924143445.wav,1.5,-48.68900960747881,-33.2716062842907,15.417403323188111,0.0,5992.473746779106,3877.7560763153238,0.262964917746404,10871.333333333332,11799.333333333332,10.0,8.443524158212613,15.840211778526584,75.7162640632608,69.14737897598957,71.87975130967982,78.67403324476906,3.043890859903768,0.02059442827701554,4727.333333333333
fibra5,RUMORE_AMBIENTALE,campione_1785924144977.wav,1.5,-48.635853278542136,-33.51943733981571,15.116415938726426,0.0,5993.386766502199,3893.645978887072,0.2531248513702413,11024.666666666666,11943.333333333332,11.333333333333332,10.162135783793925,15.409966887904163,74.42789732830191,70.14655589595807,71.95472301584903,78.79406345912021,3.066021266133509,0.12455267340735723,4704.0
fibra5,RUMORE_AMBIENTALE,campione_1785924146492.wav,1.5,-48.43627454367742,-31.099582836767716,17.336691706909704,0.0,5992.758895042543,3892.137967626548,0.26377683294034976,10928.0,11828.0,10.666666666666666,8.629668714939044,15.997158670204549,75.3731726148564,69.4849553490423,72.16544263477039,78.89718207057322,3.4341644496082733,-0.08318652205023153,4705.333333333333
fibra5,RUMORE_AMBIENTALE,campione_1785924148015.wav,1.5,-48.69949364590155,-33.54461384795153,15.154879797950016,0.0,5993.274506049644,3866.9079811225047,0.2685408883791833,10827.333333333332,11753.333333333332,9.333333333333332,8.111913816053868,15.436681330180344,76.4514048537658,68.96511227120901,71.75941838027579,78.70773369529986,3.1306902986700065,0.04505680465107643,4764.0
fibra5,RUMORE_AMBIENTALE,campione_1785924149538.wav,1.5,-48.52064515745824,-31.937907744860507,16.582737412597734,0.0,5992.74044171358,3878.3752461375816,0.27071513220168447,10836.0,11686.0,112.66666666666666,7.444840450265771,16.882072969878084,75.67308657985615,68.73495415623705,72.2906579386487,78.80581469244792,3.199629049735103,0.0057712665009357275,4793.333333333333
fibra5,RUMORE_AMBIENTALE,campione_1785924150909.wav,1.5,-48.50484318387001,-31.679840952136473,16.825002231733535,0.0,5993.405172505665,3865.6984280370198,0.2699280598836649,10808.666666666666,11713.333333333332,15.333333333333332,7.350507410333419,16.303792605908082,76.34569998375851,68.64654607831098,72.10625930289304,78.81121869408064,3.241277225855674,-0.03092722941089422,4784.0
fibra5,RUMORE_AMBIENTALE,campione_1785924152422.wav,1.5,-48.42285147110253,-30.6998405559535,17.723010915149032,0.0,5992.758392120885,3875.1793310658304,0.2602055028416506,10875.333333333332,11796.666666666666,10.666666666666666,8.175259410232655,15.83305242766588,75.99168816210147,69.21094398976247,72.08157506610038,78.89358949277761,3.255307841571784,0.04478231959862625,4781.333333333333
fibra5,RUMORE_AMBIENTALE,campione_1785924153968.wav,1.5,-48.61280355605299,-31.83375914338409,16.7790444126689,0.0,5993.283358141957,3865.5836837801357,0.2730793399182666,10806.0,11695.333333333332,8.666666666666666,7.224554392493449,16.45299878404191,76.32244682346465,68.49454152140581,72.0688815259803,78.73295371966927,3.175126060845149,-0.009380184080802682,4792.666666666667
fibra5,RUMORE_AMBIENTALE,campione_1785924155481.wav,1.5,-48.63482343796406,-31.639252610496207,16.99557082746785,0.0,5992.709114719241,3889.0135476004316,0.2676253535608559,10877.333333333332,11733.333333333332,11.333333333333332,7.556815955188851,17.419902889506684,75.02328115530447,68.72737566245002,72.35444450680603,78.69594775226989,3.0872908308335756,-0.05197368883671972,4716.666666666667
fibra5,RUMORE_AMBIENTALE,campione_1785924157000.wav,1.5,-48.75378587169042,-30.15404285959289,18.599743012097527,0.0,5993.258167463716,3861.551518375023,0.2743282112748952,10791.333333333332,11713.333333333332,2.6666666666666665,7.377104322085319,16.032958484073287,76.5899371938414,68.53080781924085,71.9020852492294,78.69366570308513,3.1555880436283053,0.06193806844966134,4816.666666666667
fibra5,RUMORE_AMBIENTALE,campione_1785924158523.wav,1.5,-48.79698651164791,-33.59518685384333,15.201799657804578,0.0,5992.607966576133,3889.936477101946,0.2705998395341116,10906.0,11689.333333333332,0.0,7.213755290054149,17.302326645274125,75.48391806467171,68.59484826980211,72.3942792785277,78.79177855729489,2.907651495661174,-0.050827796997767676,4771.333333333333
fibra5,RUMORE_AMBIENTALE,campione_1785924160043.wav,1.5,-48.49464847627588,-33.60787624868206,14.886772227593816,0.0,5993.452743283513,3883.355755028017,0.2579554827529469,10992.0,11949.333333333332,8.666666666666666,9.909970539264009,14.856986610256493,75.23304285047949,70.16410834917436,71.92269203468959,78.96747099021061,3.0712312893402274,0.002497754621390802,4707.333333333333
fibra5,RUMORE_AMBIENTALE,campione_1785924161560.wav,1.5,-48.37215131014613,-29.394717264194085,18.977434045952045,0.0,5992.762665880447,3886.373859960671,0.25772095151332997,11004.666666666666,11938.0,10.666666666666666,9.784024388784653,15.706899145871882,74.50907646534345,70.02345212412321,72.079181409484,78.84036866192365,3.5932151876426985,0.027025484785000897,4582.0
fibra5,RUMORE_AMBIENTALE,campione_1785924162931.wav,1.5,-48.5248706340679,-30.484476894916682,18.04039373915122,0.0,5993.370339388027,3879.1361991498165,0.26357016755185403,10884.0,11824.0,10.666666666666666,8.508933647319697,15.92381902528877,75.56724732739151,69.39762554279818,72.11934650408467,78.8822101978895,3.2709185306233577,0.09756702712305164,4769.333333333333
fibra5,RUMORE_AMBIENTALE,campione_1785924164444.wav,1.5,-48.68006388672604,-33.73580034620425,14.944263540521789,0.0,5993.0332180595415,3879.814895759391,0.2679504776846121,10922.0,11847.333333333332,13.333333333333332,8.8744347259041,15.808998928138767,75.31656634595714,69.35214665078347,71.85978335699278,78.63964478161226,3.012703059741394,-0.06962077288802351,4740.0
fibra5,RUMORE_AMBIENTALE,campione_1785924165967.wav,1.5,-48.49634725772419,-29.600403673181525,18.895943584542664,0.0,5992.918917983307,3857.2681427706634,0.271645562049427,10748.666666666666,11728.666666666666,32.666666666666664,7.784240658091874,15.315598517067055,76.90016082484108,69.06823818577003,72.00741537666666,79.0153481249502,3.3592173386466833,0.07077439096475577,4900.666666666667
fibra5,RUMORE_AMBIENTALE,campione_1785924167510.wav,1.5,-48.53725832204995,-31.311444299018902,17.22581402303105,0.0,5992.9642824224165,3862.8439437081884,0.2638814247437693,10832.0,11777.333333333332,2.0,8.130265674326786,15.605020283011953,76.26471404266125,69.11695691700822,71.94855291833476,78.83914600543255,3.1379384570087483,-0.07438327486016653,4799.333333333333
fibra5,RUMORE_AMBIENTALE,campione_1785924169017.wav,1.5,-48.23883966871844,-31.033241842914528,17.205597825803913,0.0,5993.415384617921,3904.6808395326602,0.25150587084009873,11051.333333333332,11962.666666666666,2.6666666666666665,10.467219592252624,15.345675100816619,74.18710530693076,70.43549442341616,72.09704106059257,78.94046532750282,3.062521413728123,0.10283075570838165,4551.333333333333
fibra5,RUMORE_AMBIENTALE,campione_1785924170536.wav,1.5,-48.05260309697286,-31.558640530187812,16.493962566785047,0.0,5992.830933036677,3889.994373727819,0.25920151280700027,11030.666666666666,11944.666666666666,10.0,10.12902338325909,15.069050086834562,74.80192652990637,70.27232237619666,71.99750540297883,78.95577447198278,3.1399414765465075,0.004832509000960904,4521.333333333333
fibra5,RUMORE_AMBIENTALE,campione_1785924172059.wav,1.5,-48.48356668075567,-32.22551097862427,16.2580557021314,0.0,5992.685551157785,3895.6464379060485,0.26096812379594814,10964.666666666666,11888.666666666666,0.0,9.64389490925563,15.632980674797867,74.72312441594651,69.94735510882647,72.04524832733358,78.83938064574592,3.143455800460681,-0.006892886952473377,4714.0
fibra5,RUMORE_AMBIENTALE,campione_1785924173593.wav,1.5,-48.57527886370259,-33.34521595565117,15.230062908051423,0.0,5993.207985716879,3874.047167355125,0.26243097346133315,10900.0,11888.666666666666,10.666666666666666,8.942207103216521,15.443323180508017,75.61446971627547,69.5487360782492,71.92169643801242,78.82033794634143,3.1377080167625717,0.03154146326759856,4700.0
fibra5,RUMORE_AMBIENTALE,campione_1785924174946.wav,1.5,-48.545094801379385,-30.179677573796692,18.365417227582693,0.0,5992.844645689894,3882.8807263390136,0.26456512318029995,10910.0,11876.666666666666,6.0,9.15876152219324,15.40512046273958,75.4361180150672,69.72428845376811,71.98257193164204,78.88171425731338,3.3723672675534306,-0.034802360083759816,4871.333333333333
fibra5,RUMORE_AMBIENTALE,campione_1785924176466.wav,1.5,-48.66845155186447,-32.90092021002995,15.76753134183452,0.0,5993.089177389245,3867.121143256214,0.26449285485466545,10787.333333333332,11682.0,10.666666666666666,6.892897081908236,16.822912860376853,76.28419005771491,68.32026435845792,72.19525837135275,78.76059181268965,3.0814051165145635,0.10652953970630084,4804.0
fibra5,RUMORE_AMBIENTALE,campione_1785924177990.wav,1.5,-47.93640871289362,-31.927436508758152,16.00897220413547,0.0,5993.350642257447,3920.516764537199,0.23930951593825317,11224.666666666666,11985.333333333332,12.0,12.475035060601675,14.829632494553149,72.69533244484516,71.34188139561144,72.09276753245489,78.99652891669108,3.1122762329551517,0.10528929417477459,4302.0
fibra5,RUMORE_AMBIENTALE,campione_1785924179526.wav,1.5,-47.60350240303715,-29.58440755562925,18.019094847407896,0.0,5993.368146961483,3944.0506594406525,0.2045440713531219,11948.666666666666,11992.666666666666,10.0,19.0573607471021,11.722932696849806,69.2197065560481,74.0763635057437,71.96609867170034,79.67803349379953,3.2097126109785643,-0.09704052122867912,4176.666666666667
fibra5,RUMORE_AMBIENTALE,campione_1785924181036.wav,1.5,-47.11165468806609,-31.195243377731302,15.916411310334787,0.0,5993.85817839393,3996.192545819072,0.17180069492099592,11986.666666666666,11990.0,10.666666666666666,23.477337181509114,10.513464494843255,66.00919832364762,75.56751613207925,72.07848628249216,80.05707234181423,3.267090721514272,0.02386755577217177,3884.0
fibra5,RUMORE_AMBIENTALE,campione_1785924182559.wav,1.5,-46.82194917832306,-31.243471648900357,15.578477529422702,0.0,5993.904431597137,3972.9286467195266,0.17156126323421292,11988.0,11995.333333333332,10.666666666666666,24.085360377741058,9.841690874714804,66.07294874754415,75.72838800515127,71.84155371496007,80.11109340899296,2.959073318634327,0.19130857522224518,3785.3333333333335
fibra5,RUMORE_AMBIENTALE,campione_1785924184093.wav,1.5,-46.308850983488874,-30.145514739753537,16.163336243735337,0.0,5994.299775589294,4007.5404821376696,0.14622367149084853,11988.666666666666,11991.333333333332,11.333333333333332,27.557103301495577,8.894122034936967,63.54877466356746,76.77150091899424,71.86019611702848,80.40023708638513,3.194281282190894,0.168582728143842,3488.0
fibra5,RUMORE_AMBIENTALE,campione_1785924185605.wav,1.5,-47.33605150674251,-32.268940515514075,15.067110991228432,0.0,5994.114267570612,3962.095663067255,0.19283951585108278,11976.666666666666,11990.666666666666,10.0,20.133949308211367,11.566617168925648,68.29943352286297,74.27000156666288,71.86277547396426,79.57488287472142,2.8466647846293904,0.0037012334578188396,3882.0
fibra5,RUMORE_AMBIENTALE,campione_1785924186973.wav,1.5,-47.74716449911979,-31.64938192861928,16.09778257050051,0.0,5994.156264184349,3953.7477304463523,0.21270755616202308,11772.666666666666,11991.333333333332,9.333333333333332,17.568464306108304,12.110595799279595,70.32093989461211,73.42568624581098,71.81000333408187,79.44919490749885,3.0398548054363363,-0.027578502050736114,4140.0
fibra5,RUMORE_AMBIENTALE,campione_1785924188489.wav,1.5,-48.15175770877652,-30.51110713349932,17.640650575277203,0.0,5993.235404000102,3933.0643576817706,0.22823513770395348,11404.666666666666,11988.666666666666,9.333333333333332,14.061862552147044,14.209871797310097,71.72826565054287,72.20557726841358,72.25105037941012,79.28205208202213,3.2014890383812027,0.012092743598753975,4456.666666666667
fibra5,RUMORE_AMBIENTALE,campione_1785924190015.wav,1.5,-48.695069279958226,-32.04332031646557,16.651748963492658,0.0,5992.715583908242,3898.7732168393704,0.2659336571784542,10967.333333333332,11858.0,1.3333333333333333,9.259146080433029,15.61431159610136,75.12654232346559,69.68507064333538,71.95458970179997,78.77729529397118,3.1035280017888436,-0.030125713012589574,4716.0
fibra5,RUMORE_AMBIENTALE,campione_1785924191540.wav,1.5,-48.45578566656769,-28.945281221006827,19.510504445560866,0.0,5993.45625331254,3919.3936629315117,0.2647712518166847,10978.0,11836.666666666666,10.666666666666666,8.848628258918641,16.876190694900952,74.27518104618044,69.61100691394465,72.41499165230528,78.8506846019339,3.4577908499652246,-0.04911060191257637,4721.333333333333
fibra5,RUMORE_AMBIENTALE,campione_1785924193061.wav,1.5,-47.91359959417446,-31.458916250924954,16.454683343249503,0.0,5993.810627974801,3928.9417620022696,0.23920431981472765,11301.333333333332,11988.666666666666,11.333333333333332,13.003756010886798,14.850150622159171,72.14609336695403,71.65485991141591,72.23148037535515,79.09629998385353,3.140442958439956,0.021709110835627345,4326.0
fibra5,RUMORE_AMBIENTALE,campione_1785924194586.wav,1.5,-47.44654000200798,-31.88567734516953,15.560862656838449,0.0,5992.985130600391,3940.8578050579094,0.2364952915668576,11343.333333333332,11988.666666666666,11.333333333333332,13.529120057279021,14.872594252810163,71.59828568991081,71.92030704871891,72.33147884030903,79.15663778073203,3.2199388268872795,0.051736970072052774,4033.3333333333335
fibra5,RUMORE_AMBIENTALE,campione_1785924196118.wav,1.5,-48.477485927010065,-31.014379969424127,17.463105957585938,0.0,5993.267177214778,3908.893138266662,0.26017184261973625,11006.0,11843.333333333332,7.333333333333333,9.319100980565864,15.740641330113252,74.94025768932089,69.66163235940388,71.93811641319289,78.71504400346764,3.150548866410669,-0.06574001503831119,4701.333333333333
fibra5,RUMORE_AMBIENTALE,campione_1785924197635.wav,1.5,-48.62783096707139,-29.255119608596484,19.372711358474906,0.0,5993.4076032900175,3877.882819166238,0.27083668702932584,10814.0,11689.333333333332,26.0,7.55665521379573,15.848743633909146,76.59460115229511,68.83685898385139,72.05351131597938,78.89554450221624,3.478771887102943,0.022288919606933865,4808.0
fibra5,RUMORE_AMBIENTALE,campione_1785924198990.wav,1.5,-48.696726218285384,-31.023805786224564,17.67292043206082,0.0,5992.579354408975,3905.461387603921,0.2629922596445456,10924.666666666666,11799.333333333332,12.0,8.610802974164637,16.06554953650698,75.32364748932838,69.2772118592157,71.98573119345615,78.6960887600035,3.1905021842075545,0.007059576888750812,4714.666666666667
fibra5,RUMORE_AMBIENTALE,campione_1785924200515.wav,1.5,-48.7233291114411,-33.51943733981571,15.203891771625393,0.0,5993.215722416852,3880.312046670573,0.259647905593856,10902.0,11854.0,10.0,8.483418926599409,16.223125258067835,75.29345581533276,69.21129920338304,72.02693527925105,78.69316237383495,3.012492851896722,0.005380053358919049,4704.666666666667
fibra5,RUMORE_AMBIENTALE,campione_1785924202043.wav,1.5,-48.55458772282688,-32.47824918037821,16.076338542448674,0.0,5993.330759552763,3873.2120561789075,0.25860869075200205,10889.333333333332,11857.333333333332,10.0,8.992106665821455,15.186074317528682,75.82181901664985,69.58932910708506,71.86516981676779,78.84865660015035,2.982100936363315,0.06927514895758734,4717.333333333333
fibra5,RUMORE_AMBIENTALE,campione_1785924203558.wav,1.5,-48.635985219306164,-32.773098797199964,15.8628864221062,0.0,5992.668891282363,3840.707052260721,0.2724050453087146,10774.666666666666,11747.333333333332,10.666666666666666,7.650604580082597,15.624030282299737,76.72536513761767,68.7650780666271,71.86605122564028,78.77751014464593,2.9968199262606463,0.030605010776596026,4858.0
fibra5,RUMORE_AMBIENTALE,campione_1785924205103.wav,1.5,-48.38089324808227,-32.411605201717045,15.969288046365229,0.0,5993.7445374959,3893.097299031479,0.2350098775877624,11329.333333333332,11988.666666666666,11.333333333333332,13.634144169340862,13.590510914252793,72.77534491640637,71.80352997570483,71.78960899262586,79.07709388033834,3.0107698591251015,0.08894799267512073,4550.666666666667
fibra5,RUMORE_AMBIENTALE,campione_1785924206624.wav,1.5,-47.91825841820113,-30.82798034119326,17.090278077007866,0.0,5992.95693351641,3900.919388506389,0.2390140216679351,11225.333333333332,11990.0,8.666666666666666,12.653668008345859,14.001756339558442,73.3445756520957,71.43973845282122,71.87939925234326,79.07125409734928,3.103463333374025,-0.015481359263614143,4368.666666666667
fibra5,RUMORE_AMBIENTALE,campione_1785924208130.wav,1.5,-47.9369155002958,-32.258062756695224,15.678852743600572,0.0,5993.702557186694,3893.9430584392826,0.233310200618595,11327.333333333332,11989.333333333332,10.666666666666666,13.580375970373458,13.577572538021544,72.842051491605,72.07763094248493,72.07673432453548,79.37233469344045,2.949849897360995,0.06447448252821827,4502.666666666667
fibra5,RUMORE_AMBIENTALE,campione_1785924209662.wav,1.5,-47.32524637376443,-31.578723520196093,15.746522853568337,0.0,5994.565309270212,3947.0793796940416,0.18904612526091943,11978.666666666666,11989.333333333332,11.333333333333332,20.075144650375762,11.682197282086458,68.2426580675378,74.62622024164685,72.27487876992886,79.94019275277991,3.099614287461839,-0.002529104356441666,4044.6666666666665
fibra5,RUMORE_AMBIENTALE,campione_1785924211014.wav,1.5,-45.97257857666979,-30.300316865273093,15.672261711396697,0.0,5994.436963862289,3951.9004941384947,0.17922867307366877,11984.666666666666,11991.333333333332,8.666666666666666,22.002674785813426,10.599681036881087,67.3976441773055,75.2637676548527,72.09194082613561,80.12546002276233,3.392501444973324,0.029062139124483088,3588.0
fibra5,RUMORE_AMBIENTALE,campione_1785924212541.wav,1.5,-47.4575405942138,-30.636472661148915,16.82106793306489,0.0,5993.916776678182,3926.5207413240078,0.22423561635943048,11570.666666666666,11990.666666666666,12000.0,15.478341506601659,12.536267756497045,71.9853907369013,72.77821904675923,71.86265739644074,79.45341846530391,3.2557317516227933,0.1774603084331105,4222.666666666667
fibra5,RUMORE_AMBIENTALE,campione_1785924214066.wav,1.5,-46.81818467701418,-31.771864183373026,15.046320493641154,0.0,5994.422129202302,3986.0077576912545,0.16937256909072007,11988.666666666666,11996.666666666666,11.333333333333332,24.0677472169929,9.956386857254731,65.97586592575239,75.65539698991165,71.82206020389656,80.03489356528036,2.935315786210092,0.03333770289690755,3681.3333333333335
fibra5,RUMORE_AMBIENTALE,campione_1785924215604.wav,1.5,-46.57000891216249,-30.56461380791456,16.00539510424793,0.0,5993.679772438294,3958.7432402146937,0.17621857245941847,11988.0,11991.333333333332,10.0,22.94290454589874,10.048836077708657,67.0082593763926,75.34540174715205,71.76007538302665,80.00020113215064,3.044514401815385,0.13585098578410265,3672.0
fibra5,RUMORE_AMBIENTALE,campione_1785924217124.wav,1.5,-47.731891824250226,-28.84930356604469,18.882588258205537,0.0,5993.820333758263,3928.9131001508886,0.22459245417719945,11513.333333333332,11989.333333333332,11.333333333333332,15.204475385800466,13.021082518634527,71.77444209556499,72.4226538763718,71.74941038935908,79.162637731666,3.3461265073791573,0.03581554571460048,4190.666666666667
fibra5,RUMORE_AMBIENTALE,campione_1785924218636.wav,1.5,-47.46027759089486,-31.014379969424127,16.445897621470735,0.0,5993.726648182892,3985.475533943936,0.18092320041725043,11987.333333333332,11990.0,10.666666666666666,22.7990845956809,10.629081410580499,66.5718339937386,75.20604294854851,71.89182618256156,79.85977406365355,3.406854847211811,-0.07962067105968273,4050.0
fibra5,RUMORE_AMBIENTALE,campione_1785924220156.wav,1.5,-48.1730963716866,-29.576420530352582,18.596675841334015,0.0,5993.74307800694,3914.2723968571863,0.23418806549861199,11356.0,11989.333333333332,10.666666666666666,13.798997606292202,13.586196397695566,72.61480599601224,71.84753186624816,71.78003535637185,79.05930828714898,3.3304250009972316,0.011381851717179843,4429.333333333333
fibra5,RUMORE_AMBIENTALE,campione_1785924221686.wav,1.5,-48.177587203919494,-32.601773927966164,15.57581327595333,0.0,5993.135711587027,3920.7684799099093,0.2274248180518249,11496.666666666666,11988.666666666666,10.666666666666666,15.113176943002843,13.088105381908285,71.79871767508885,72.41815536200218,71.7933655232555,79.18576456974981,3.191119736154241,0.014809040969889083,4414.666666666667
fibra5,RUMORE_AMBIENTALE,campione_1785924223042.wav,1.5,-48.074935948210786,-32.193080738272734,15.881855209938053,0.0,5993.088356443844,3940.4952091225546,0.23022588468754435,11400.666666666666,11988.0,12.0,14.152003344246117,14.10904226848297,71.73895438727091,72.09000925989378,72.07680538005997,79.13938045898244,3.2250790224642127,-0.005963784819247589,4348.0
fibra5,RUMORE_AMBIENTALE,campione_1785924224562.wav,1.5,-47.585256543763634,-30.72714038777177,16.858116155991866,0.0,5993.284140289845,3951.2667152459785,0.22677231341199822,11489.333333333332,11988.0,10.0,15.043012123822399,13.862382610725316,71.09460526545229,72.6858767342038,72.33090749382666,79.4308951514868,3.1978316109114804,0.013965301294101123,4159.333333333333
fibra5,RUMORE_AMBIENTALE,campione_1785924226080.wav,1.5,-46.307355412002586,-30.502221312420627,15.80513409958196,0.0,5994.839323535872,4007.216914716367,0.14194302081835933,11988.0,11990.0,10.666666666666666,28.11239271628292,8.515469607043745,63.37213767667333,77.21854508936076,72.03165301085774,80.74855054909159,3.0410354744749633,-0.11206622377370243,3559.3333333333335
fibra5,RUMORE_AMBIENTALE,campione_1785924227618.wav,1.5,-47.010184707281084,-30.484476894916682,16.525707812364402,0.0,5994.215722205507,3975.680494539338,0.18995590971656712,11978.0,11992.666666666666,7.333333333333333,20.359600794301677,11.915817682585871,67.72458152311245,74.51295227438992,72.18649818914103,79.73272299387718,3.421027274097545,-0.22665311364290885,3858.0
fibra5,RUMORE_AMBIENTALE,campione_1785924229137.wav,1.5,-45.62570175681759,-31.080576506806132,14.54512525001146,0.0,5995.2145609089985,4054.0004579581255,0.1095957994670164,11989.333333333332,11990.0,10.666666666666666,33.63180460680293,6.546837279006394,59.82135811419068,79.13456906883012,72.02738282390202,81.63563004201993,2.7431236271514035,-7.593923822178486e-05,3097.3333333333335
fibra5,RUMORE_AMBIENTALE,campione_1785924230656.wav,1.5,-46.35227553380361,-28.28781137550176,18.064464158301853,0.0,5994.811300836938,4018.6354227388697,0.14442620309722085,11988.0,11990.666666666666,11.333333333333332,28.303712414900716,8.429413936767402,63.266873648331895,77.13964541924727,71.87918519992533,80.63297513262381,3.764463534927261,0.2911300528651769,3676.0
fibra5,RUMORE_AMBIENTALE,campione_1785924232184.wav,1.5,-44.66040197577908,-29.79469075291191,14.86571122286717,0.0,5995.335106708745,4047.6811751521836,0.12227436641503346,11989.333333333332,11995.333333333332,7.333333333333333,31.563422011070923,7.2121032059377495,61.22447478299134,78.4221906177392,72.01096912678825,81.29960047982634,2.720243515413662,0.04979677947238077,2836.0
fibra5,RUMORE_AMBIENTALE,campione_1785924233695.wav,1.5,-43.137411425987516,-28.44056476641802,14.696846659569495,0.0,5995.902469214557,4116.197183801546,0.08476813490418321,11993.333333333332,11997.333333333332,5.333333333333333,37.23704254285281,5.030826603236779,57.73213085391041,80.89423186001096,72.20087353873309,82.7986559236397,2.9946594085889764,-0.2943375865348206,2411.3333333333335
fibra5,RUMORE_AMBIENTALE,campione_1785924235062.wav,1.5,-41.415273612594625,-26.319380222149874,15.09589339044475,0.0,5996.129240634141,4185.3698674012885,0.057177486611011644,11992.666666666666,11996.666666666666,11.333333333333332,41.39181796908809,3.44323880478294,55.164943226128955,82.94443841198417,72.14496483852056,84.19192515294652,2.7325960185247995,0.42349413158072413,1800.6666666666667
fibra5,RUMORE_AMBIENTALE,campione_1785924236582.wav,1.5,-42.91679434544542,-28.056898448889264,14.859895896556154,0.0,5996.258376751066,4144.45542194786,0.06207240163412235,11996.666666666666,11998.666666666666,10.0,40.631249980354404,3.6085867902382724,55.76016322940733,82.36726910620371,71.85203882436915,83.74190763869736,3.2278848886724427,-0.3151497930941777,2248.6666666666665
fibra5,RUMORE_AMBIENTALE,campione_1785924238127.wav,1.5,-42.09527682096333,-27.74101311306797,14.354263707895356,0.0,5996.361655359283,4191.490934912926,0.05420593386785697,11993.333333333332,11995.333333333332,5.333333333333333,41.764883171406396,3.165795945173029,55.06932088342057,83.06366672278614,71.8603831988816,84.26465122164961,2.53345402472803,0.3020142066845078,2100.6666666666665
fibra5,RUMORE_AMBIENTALE,campione_1785924239626.wav,1.5,-41.30276952751216,-27.663804698677282,13.63896482883488,0.0,5996.454957753723,4203.298526390944,0.05214036577686503,11989.333333333332,11994.666666666666,11.333333333333332,42.36443059112625,2.8486307634581043,54.78693864541566,83.29375737209345,71.57010523752783,84.4105139750531,2.409136969893237,-0.05914609250713836,1797.3333333333333
fibra5,RUMORE_AMBIENTALE,campione_1785924241159.wav,1.5,-43.88947501819626,-28.546276692841104,15.343198325355154,0.0,5995.366270317438,4108.4309594480565,0.08498938221379057,11988.666666666666,11992.0,11.333333333333332,36.98295768847486,5.2151536380871,57.80188867343803,80.45663317398328,71.94928784000011,82.39603705961764,3.52312685554274,-0.02123242365369184,2767.3333333333335
fibra5,RUMORE_AMBIENTALE,campione_1785924242681.wav,1.5,-46.677252496103605,-30.883481420351885,15.793771075751721,0.0,5994.323655429421,3969.7937604240715,0.18518636198722782,11986.666666666666,11992.0,11.333333333333332,22.064706696405985,11.040102606263437,66.89519069733056,75.05022705012351,72.04297655944228,79.8671944233036,3.116717585808,0.1343439068067784,3648.6666666666665
fibra5,RUMORE_AMBIENTALE,campione_1785924244196.wav,1.5,-46.37173547628754,-29.178523967727163,17.193211508560378,0.0,5994.019269200601,4001.333351502903,0.15682920194231373,11986.0,11990.0,14.0,25.99883478622503,9.378855856305574,64.6223093574694,76.45687065070165,72.02883042075999,80.41115654844647,3.0750482384466675,-0.03386162625556355,3476.0
fibra5,RUMORE_AMBIENTALE,campione_1785924245730.wav,1.5,-45.6171623568452,-29.520716055745382,16.096446301099817,0.0,5995.023015499294,3970.6931251786377,0.1603018242414206,11988.666666666666,11991.333333333332,11.333333333333332,24.726684857917004,9.987474925492366,65.28584021659064,76.66840716778954,72.73130524984202,80.8849382077228,3.3764725092658523,0.11234560057904805,3530.6666666666665
fibra5,RUMORE_AMBIENTALE,campione_1785924247080.wav,1.5,-43.285912171433424,-28.39166940138034,14.894242770053083,0.0,5995.5599838624685,4116.613136944465,0.08452786947333256,11995.333333333332,11996.666666666666,4.0,37.62253612514651,4.806370292757065,57.57109358209641,80.98168537805444,72.04537696635232,82.82924949030685,3.1905129597506505,0.04447807017310715,2645.3333333333335
fibra5,RUMORE_AMBIENTALE,campione_1785924248630.wav,1.5,-45.40939944126539,-28.9601415999859,16.449257841279493,0.0,5994.025629773837,3953.6151246946947,0.19561568895387932,11964.0,11989.333333333332,11.333333333333332,19.28475247834545,11.890176375941506,68.82507114571305,74.23795285680866,72.13769513538136,79.76327885658128,3.8796739009533168,0.028861628444555264,3347.3333333333335
fibra5,RUMORE_AMBIENTALE,campione_1785924250137.wav,1.5,-44.93240063498505,-29.616429303881645,15.315971331103405,0.0,5994.662788825934,4020.0663602658988,0.1266575193308489,11990.666666666666,11998.666666666666,1.3333333333333333,30.322969424154003,7.474902853545642,62.202127722300375,78.09735450971792,72.01569275753667,81.21768963639185,3.2235718698527016,-0.024165556370862297,3052.6666666666665
fibra5,RUMORE_AMBIENTALE,campione_1785924251657.wav,1.5,-47.37732408661488,-30.00180331628109,17.375520770333786,0.0,5993.483555838699,3974.263778321356,0.20625111974746324,11834.666666666666,11988.666666666666,11.333333333333332,18.0943159747851,13.222453669233968,68.68323035598094,73.74086420605497,72.37856304573384,79.53394963624203,3.1372192503746597,-0.12358131692853276,4088.6666666666665
fibra5,RUMORE_AMBIENTALE,campione_1785924253173.wav,1.5,-47.903440953332996,-30.67262625899357,17.230814694339426,0.0,5993.808285743918,3907.0189583442775,0.24844143329354892,11020.666666666666,11967.333333333332,11.333333333333332,9.909279019089766,16.370308502925774,73.72041247798447,70.69294729215802,72.8730953593549,79.40840428552326,3.107546476901356,0.11789114546024411,4461.333333333333
fibra5,RUMORE_AMBIENTALE,campione_1785924254695.wav,1.5,-47.771478692487165,-32.75005928963149,15.021419402855678,0.0,5993.793056675129,3908.171438281354,0.22834322662179482,11418.666666666666,11988.666666666666,11.333333333333332,14.338399534310561,13.25932938959349,72.40227107609594,72.257484779874,71.91769359841817,79.28999989440433,2.977053364456631,-0.001711393054122271,4268.0
fibra5,RUMORE_AMBIENTALE,campione_1785924256231.wav,1.5,-47.7109683102495,-31.937907744860507,15.773060565388992,0.0,5993.386202038544,3929.760987891447,0.2159250620382416,11644.666666666666,11988.666666666666,10.666666666666666,16.575197477266993,12.93145346352774,70.49334905920526,73.08678716475126,72.00867346427745,79.37368149070655,3.029750098235148,0.009048433274934738,4182.0
fibra5,RUMORE_AMBIENTALE,campione_1785924257741.wav,1.5,-48.599284022785824,-33.0425411068959,15.556742915889927,0.0,5993.372024966138,3903.7989561369714,0.2539259445001592,11072.0,11950.666666666666,14.0,10.618887454568119,14.826719089732672,74.55439345569921,70.32753265503116,71.77719306993913,78.79147488909739,3.0665912540209046,-0.03570307198889903,4614.666666666667
fibra5,RUMORE_AMBIENTALE,campione_1785924259117.wav,1.5,-48.75884692758646,-30.818764542624642,17.94008238496182,0.0,5992.960900419328,3908.9013086213836,0.25872666909341907,10966.0,11786.0,11.333333333333332,8.327878027060274,16.889886529538597,74.78223544340113,69.16090445845859,72.23182822004178,78.69354533371428,3.392420428558535,0.05243685968603373,4786.0
fibra5,RUMORE_AMBIENTALE,campione_1785924260634.wav,1.5,-47.8086212911407,-31.243471648900357,16.565149642240346,0.0,5993.244410287981,3918.060181925478,0.2203377083433813,11594.0,11988.666666666666,12.666666666666666,15.947745174508308,12.703507423599891,71.34874740189183,72.74118693624891,71.75343051787286,79.2480575912125,3.0814525817955394,-0.0876969344330608,4298.0
fibra5,RUMORE_AMBIENTALE,campione_1785924262170.wav,1.5,-48.14850973353132,-30.47561826146366,17.67289147206766,0.0,5992.976765383447,3942.7004045850986,0.23516582075329093,11331.333333333332,11989.333333333332,10.666666666666666,13.408908648241372,14.73973215277504,71.8513591989836,71.8354146424211,72.24637623891495,79.1258302021917,3.42241534421868,0.05624235550477191,4416.666666666667
fibra5,RUMORE_AMBIENTALE,campione_1785924263672.wav,1.5,-47.836133890879395,-30.781998818580604,17.05413507229879,0.0,5993.400429202261,3929.1447877760565,0.21716753370007702,11534.666666666666,11989.333333333332,10.666666666666666,15.382598834669812,13.540412265648786,71.0769888996814,72.75944611936856,72.20546785321716,79.40643918887761,3.171019553471548,0.05382455982215542,4335.333333333333
fibra5,RUMORE_AMBIENTALE,campione_1785924265196.wav,1.5,-48.252414054571574,-31.09007447311814,17.162339581453434,0.0,5993.46992996152,3900.871855171855,0.2537218196600593,10991.333333333332,11953.333333333332,12.666666666666666,9.666498187124226,16.08773175677388,74.24577005610188,70.02198790882613,72.23424433372679,78.8760133303987,3.222663230701583,0.012374768632288348,4579.333333333333
fibra5,RUMORE_AMBIENTALE,campione_1785924266717.wav,1.5,-48.16871344964468,-32.0221352101317,16.146578239512976,0.0,5993.525196064166,3919.3670285457592,0.2497198264543956,11175.333333333332,11984.0,7.333333333333333,11.685784308015045,14.873203866934192,73.44101182505077,70.92031831197784,71.96778496052691,78.90312616876629,3.111070048622291,0.08722214654210737,4438.0
fibra5,RUMORE_AMBIENTALE,campione_1785924268242.wav,1.5,-47.40745134900904,-30.440273800288594,16.967177548720443,0.0,5993.228865007318,3944.9833070532063,0.2188507950133847,11607.333333333332,11988.666666666666,12.0,16.117187797016598,13.235734252181862,70.64707795080155,72.85108250689194,71.99567023146761,79.26913187967759,3.04996975627863,0.05756341019812235,3989.3333333333335
fibra5,RUMORE_AMBIENTALE,campione_1785924269763.wav,1.5,-46.826366367060324,-31.720619850062356,15.105746516997968,0.0,5993.590420507243,3939.519474729437,0.20067565242977867,11934.0,11990.666666666666,10.0,18.662408660992263,11.916024821824598,69.42156651718315,73.9998571493498,72.05149418960931,79.70512429177586,3.0070318163296808,0.1261353328890875,3780.0
fibra5,RUMORE_AMBIENTALE,campione_1785924271148.wav,1.5,-47.20246281603608,-31.700206469800236,15.502256346235846,0.0,5994.073541647905,3950.490630970588,0.19751934297691542,11970.0,11989.333333333332,12.666666666666666,19.4123580268126,11.430931437001847,69.15671053618556,74.23243450301459,71.93246777636335,79.74999485506109,3.2633238555405013,-0.034404860482199186,3964.6666666666665
fibra5,RUMORE_AMBIENTALE,campione_1785924272649.wav,1.5,-46.76457734187305,-31.568676220858507,15.195901121014543,0.0,5994.095557081447,4001.622798918918,0.15786748159366243,11986.0,11998.666666666666,1.3333333333333333,25.697705330822295,9.319283133462285,64.9830115357154,76.45815040703427,72.05303202277173,80.48720530012899,2.9644485955439652,-0.04526114769120319,3718.6666666666665
fibra5,RUMORE_AMBIENTALE,campione_1785924274174.wav,1.5,-44.72544762106432,-28.137698002871602,16.587749618192717,0.0,5995.721121739929,4048.1695994671168,0.10824870657499175,11988.666666666666,11989.333333333332,11.333333333333332,33.15404737362605,6.719638364794619,60.126314261579324,79.29925062621236,72.36734409893538,81.88453091366324,3.0449409702378167,0.004553792636910337,3019.3333333333335
fibra5,RUMORE_AMBIENTALE,campione_1785924275697.wav,1.5,-44.12116629967409,-28.84930356604469,15.271862733629398,0.0,5995.173080828637,4090.220665078372,0.09324220051399969,11990.0,11991.333333333332,9.333333333333332,35.74119190381303,5.677610613050987,58.58119748313596,80.2616757231502,72.271641450121,82.40756786006241,3.2815576828520214,0.11818887567792881,2827.3333333333335
fibra5,RUMORE_AMBIENTALE,campione_1785924277217.wav,1.5,-44.59980826892803,-27.910690278086715,16.689117990841314,0.0,5995.179153662013,4126.94648246482,0.08169227157891863,11991.333333333332,11996.666666666666,12.0,37.66400993634262,4.87464724404921,57.461342819608184,80.9811561586221,72.10132253389423,82.81564830969062,4.71741334514535,0.5657401717999624,3088.6666666666665
fibra5,RUMORE_AMBIENTALE,campione_1785924278760.wav,1.5,-44.32237708658201,-28.76891192495279,15.55346516162922,0.0,5995.394194025203,4017.0822618948796,0.11837764443328233,11988.0,11994.666666666666,12.0,32.08665929299233,6.524254642800544,61.389086064207135,78.5592688030258,71.64133280772604,81.37693545312408,2.5836037371729645,0.22161409683695174,2730.0
fibra5,RUMORE_AMBIENTALE,campione_1785924280263.wav,1.5,-46.129680099806876,-31.771864183373026,14.35781591643385,0.0,5994.2473722902705,4006.5947758557054,0.14582853503256077,11988.666666666666,11991.333333333332,9.333333333333332,27.226449933401277,8.95713236173662,63.816417704862104,76.94972990134997,72.12150964854888,80.64914394606758,2.835071342985726,-0.08072176717103711,3465.3333333333335
fibra5,RUMORE_AMBIENTALE,campione_1785924281786.wav,1.5,-47.21127048579266,-31.700206469800236,15.511064015992424,0.0,5993.969237518236,3950.7862848967948,0.20762694182129784,11783.333333333332,11991.333333333332,13.333333333333332,17.341691225636033,12.466233518166128,70.19207525619784,73.43707087008974,72.00350895665144,79.5090372049354,3.3818057544899025,0.012103605383342899,4108.0
fibra5,RUMORE_AMBIENTALE,campione_1785924283147.wav,1.5,-44.9619785329716,-30.573563720447577,14.388414812524022,0.0,5995.192181777011,4094.9384101659475,0.10568963501217181,11989.333333333332,11992.666666666666,10.666666666666666,34.10987950888314,6.34688552125261,59.543234969864265,79.41677427416606,72.1135790714274,81.83629668193986,2.9271760105149625,-0.13748443357161574,2968.0
fibra5,RUMORE_AMBIENTALE,campione_1785924284671.wav,1.5,-46.464028382750016,-30.72714038777177,15.736887994978247,0.0,5994.541189912467,3996.177323968922,0.16472327094055936,11986.666666666666,11990.666666666666,12.666666666666666,23.782704204517575,10.502984487576892,65.71431130790552,75.97320469080346,72.42371958731829,80.387191954907,2.9596746967072365,0.10308721419748175,3636.0
fibra5,RUMORE_AMBIENTALE,campione_1785924286195.wav,1.5,-45.185894928645645,-28.967581334397302,16.218313594248343,0.0,5995.379391977039,4049.9988848317394,0.12579437627997198,11988.666666666666,11992.666666666666,11.333333333333332,30.84408204980026,7.4753969295708895,61.68052102062885,78.43964689041141,72.28427097131485,81.44940872880457,3.50441443145046,0.31305164513303113,3211.3333333333335
fibra5,RUMORE_AMBIENTALE,campione_1785924287722.wav,1.5,-40.80312570331795,-24.848973106122685,15.954152597195268,0.0,5996.351025115573,4083.5647397051794,0.07886454099007205,11987.333333333332,11995.333333333332,13.333333333333332,37.67513312921047,4.732749638266673,57.59211723252283,80.91337007365512,71.90395742712846,82.75645256340718,6.072426062058799,0.6093171014723229,2115.3333333333335
fibra5,RUMORE_AMBIENTALE,campione_1785924289242.wav,1.5,-41.87300977992778,-25.271369448782536,16.60164033114524,0.0,5995.6447177724585,4124.775406990081,0.07991604555754903,11990.0,11993.333333333332,10.0,37.65150954252896,4.8029841322112805,57.54550632525974,81.00729566457241,72.06458325474352,82.84958589267262,6.3301975322819075,-1.1628144399547309,2585.3333333333335
fibra5,RUMORE_AMBIENTALE,campione_1785924290767.wav,1.5,-44.90458628555791,-30.291643984518693,14.612942301039219,0.0,5994.654231395537,4019.2127744266363,0.1319984162386399,11986.666666666666,11991.333333333332,13.333333333333332,30.07760348725672,7.440084389236337,62.482312123506944,77.8137314580671,71.74707777635645,80.98887008066475,3.4679436306274667,-0.15642079662670805,3077.3333333333335
fibra5,RUMORE_AMBIENTALE,campione_1785924292285.wav,1.5,-44.44023456663834,-29.885212446729668,14.55502211990867,0.0,5995.275046986001,4069.1611218368243,0.11076687937138001,11988.666666666666,11995.333333333332,12.0,33.511051662298364,6.259548613796743,60.22939972390489,78.92780328928106,71.64135288270168,81.47400806407867,3.077618029664009,0.10207148383378944,2888.6666666666665
fibra5,RUMORE_AMBIENTALE,campione_1785924293836.wav,1.5,-46.786723441214875,-31.85448919928229,14.932234241932584,0.0,5994.095665504914,3994.2918245205874,0.18382823135112003,11977.333333333332,11990.666666666666,10.0,21.256648322989722,11.63289192014127,67.11045975686899,74.87391977185314,72.25584882829152,79.8668740376581,2.89166685867211,0.13800748570375054,3765.3333333333335
fibra5,RUMORE_AMBIENTALE,campione_1785924295170.wav,1.5,-47.19857792284454,-31.195243377731302,16.00333454511324,0.0,5994.506407528223,3971.1602961295443,0.1715818038285797,11985.333333333332,11990.666666666666,10.0,23.1930286253077,10.077981515430826,66.72898985926147,75.57727943413062,71.95744036864977,80.16685029975719,3.036484479413568,0.0595399926270527,3971.3333333333335
fibra5,RUMORE_AMBIENTALE,campione_1785924296695.wav,1.5,-47.283443130180146,-25.689807416996636,21.59363571318351,0.0,5994.246001263287,3925.38921315883,0.21698151079633562,11638.666666666666,11991.333333333332,8.666666666666666,16.32352249664127,11.988209052008527,71.68826845135021,73.2495487928847,71.90895304813374,79.67589087810995,3.971040174385596,0.11842337447321778,4012.0
fibra5,RUMORE_AMBIENTALE,campione_1785924298220.wav,1.5,-47.64836908466043,-31.99045411984036,15.657914964820069,0.0,5993.290408785117,3926.835344103252,0.21403052455020763,11558.0,11990.0,12.666666666666666,15.67130109316857,12.942498417533404,71.38620048929802,72.76671371778572,71.93584437527046,79.35180584344407,2.987547079672111,-0.03500854864511055,4186.0
fibra5,RUMORE_AMBIENTALE,campione_1785924299741.wav,1.5,-47.2706143251126,-30.582522864454358,16.68809146065824,0.0,5993.628338199574,3970.9055608450635,0.18891224927556557,11978.0,11989.333333333332,11.333333333333332,21.012891605481418,11.269973148986715,67.71713524553185,74.81209823598444,72.10646884701782,79.89422580491609,3.0560239851282143,-0.04986382721205224,3970.0
fibra5,RUMORE_AMBIENTALE,campione_1785924301283.wav,1.5,-48.213824655051226,-28.33612395606499,19.877700698986235,0.0,5993.500283284659,3884.85452935169,0.2599146093913724,10935.333333333332,11860.0,12.0,8.981297240527821,15.834187045630541,75.18451571384163,69.72865762463562,72.19122463498653,78.95655099292496,3.4117047458472154,0.05728785920376079,4570.0
fibra5,RUMORE_AMBIENTALE,campione_1785924302788.wav,1.5,-48.097515660885186,-29.664684368964323,18.432831291920863,0.0,5993.054229352202,3908.8294841847014,0.24313296238778265,11097.333333333332,11978.666666666666,11.333333333333332,10.840039074270518,15.095599569432853,74.06436135629663,70.87465769406501,72.31285288812002,79.22044204077632,3.1099384537323127,-0.04478133779399488,4580.666666666667
fibra5,RUMORE_AMBIENTALE,campione_1785924304309.wav,1.5,-48.353639058141695,-32.87753960572407,15.476099452417628,0.0,5992.780318670289,3908.9914484357546,0.2550556258676493,11010.666666666666,11896.0,13.333333333333332,9.428583893722571,16.199523958615778,74.37189214766167,69.99674069634514,72.34729852437512,78.96636430762948,3.1029624178226394,-0.02503323958300319,4632.0
fibra5,RUMORE_AMBIENTALE,campione_1785924305851.wav,1.5,-48.36948570959174,-33.138254353592124,15.231231355999618,0.0,5993.472186850576,3871.1279063546604,0.26409916671831735,10830.0,11767.333333333332,11.333333333333332,7.682967480923571,16.211802362648644,76.1052301564278,69.01637149599102,72.25939455247814,78.97522658293185,3.0400835802092194,0.08651584148595474,4738.0
fibra5,RUMORE_AMBIENTALE,campione_1785924307214.wav,1.5,-48.50714639241485,-31.823412639124314,16.68373375329054,0.0,5992.719035997083,3893.4311318941936,0.2663752425165045,10931.333333333332,11801.333333333332,12.666666666666666,8.551427425860618,16.337231553075593,75.11134102106378,69.42406310043903,72.23546160225172,78.86073211578884,3.19898395242014,-0.03632654775459049,4714.0
fibra5,RUMORE_AMBIENTALE,campione_1785924308716.wav,1.5,-48.64808517595335,-29.737573378846204,18.910511797107144,0.0,5993.118820823994,3864.520755320295,0.27794039094799966,10762.666666666666,11694.666666666666,1.3333333333333333,7.0142814439871035,16.54054203373505,76.44517652227785,68.33246137549857,72.05812687124222,78.70613037680415,3.369357990370731,0.1613935142273396,4830.0
fibra5,RUMORE_AMBIENTALE,campione_1785924310239.wav,1.5,-48.7041480103586,-33.72292282091575,14.981225189442853,0.0,5993.03625784344,3874.996759316344,0.2727590126347301,10802.0,11654.666666666666,14.666666666666666,6.583903303032847,17.22347041213056,76.19262628483659,68.08865822825938,72.26503042322645,78.72295322538163,2.9516345452138992,0.017284033465737234,4729.333333333333
fibra5,RUMORE_AMBIENTALE,campione_1785924311774.wav,1.5,-48.52414379382087,-33.07831009051536,15.44583370330551,0.0,5992.674213819482,3881.3052982403024,0.2622647481889927,10912.0,11854.0,12.666666666666666,8.955777883278458,15.335511387901528,75.70871072882001,69.52925345909287,71.86520294848376,78.7996788251162,3.127485093318323,0.014211687158732665,4710.666666666667
fibra5,RUMORE_AMBIENTALE,campione_1785924313297.wav,1.5,-48.55968222710584,-33.03065077068116,15.529031456424676,0.0,5992.731867361819,3900.820513728833,0.2655852550185817,10921.333333333332,11842.0,1.3333333333333333,8.95054290323069,15.759737140817288,75.28971995595204,69.64095826095793,72.09795417005138,78.8898212922114,3.0003196430179706,-0.007952618487267145,4718.0
fibra5,RUMORE_AMBIENTALE,campione_1785924314808.wav,1.5,-48.57360305237379,-32.117877763854565,16.455725288519226,0.0,5992.711953505587,3886.756998062746,0.25896743705191966,10971.333333333332,11892.0,10.666666666666666,9.56405168173518,15.346017515183796,75.08993080308103,69.80590661492391,71.85944436771113,78.75530451340674,3.321929274009009,0.04744148654069323,4731.333333333333
fibra5,RUMORE_AMBIENTALE,campione_1785924316343.wav,1.5,-48.884987861263056,-34.131280910042804,14.753706951220252,0.0,5993.240888226829,3888.536750500126,0.2658451164075937,10856.0,11758.666666666666,6.666666666666666,8.039104171278463,16.501076852351243,75.4598189763703,68.8705153837011,71.9935616904089,78.59559641072349,3.0578413791685426,0.05327515482428578,4808.0
fibra5,RUMORE_AMBIENTALE,campione_1785924317865.wav,1.5,-48.83867037786921,-32.98325153027342,15.855418847595786,0.0,5992.462588513126,3881.4077309303257,0.26420125049489723,10906.666666666666,11848.666666666666,4.0,9.23454034720201,15.08913205686403,75.67632759593396,69.43358413756236,71.56607390024324,78.56903179175539,3.0563368153916777,-0.09014725311384088,4817.333333333333
fibra5,RUMORE_AMBIENTALE,campione_1785924319218.wav,1.5,-48.64708492305848,-30.883481420351885,17.763603502706594,0.0,5993.292909507261,3869.5574865866415,0.27624195546454633,10841.333333333332,11767.333333333332,3.333333333333333,8.139995291084588,15.970493465251817,75.88951124366359,69.00467700789778,71.93161882555971,78.70025302955432,3.1396243043764294,0.059495531587748354,4799.333333333333
fibra5,RUMORE_AMBIENTALE,campione_1785924320739.wav,1.5,-48.5517279572123,-28.253466176885258,20.298261780327042,0.0,5993.36692799434,3871.170415344454,0.2711236472785572,10845.333333333332,11698.666666666666,8.666666666666666,7.333026169267831,16.95396157473864,75.71301225599353,68.57051421548924,72.21039381206737,78.70938711703005,3.382589844709294,0.07367933193343491,4804.666666666667
fibra5,RUMORE_AMBIENTALE,campione_1785924322278.wav,1.5,-48.5102736389856,-31.214502563720504,17.295771075265097,0.0,5993.504019952698,3888.2838980579936,0.27228557543870086,10878.666666666666,11720.0,5.333333333333333,7.6923800077309865,16.986796549796868,75.32082344247215,68.95316336350069,72.393670911607,78.8617066515248,3.354101363868746,0.002294989914109703,4791.333333333333
fibra5,RUMORE_AMBIENTALE,campione_1785924323793.wav,1.5,-48.64294549984692,-33.332904275014904,15.310041224832013,0.0,5993.216837798514,3870.6110379495717,0.27444070395790254,10792.666666666666,11670.0,11.333333333333332,6.798414279193726,17.04615541615321,76.15543030465308,68.25514891268307,72.24733709091589,78.7480814172428,3.0550277017254244,0.07106192670186402,4776.0
fibra5,RUMORE_AMBIENTALE,campione_1785924325313.wav,1.5,-48.7767761599804,-32.61309104913361,16.163685110846792,0.0,5993.2507085203315,3883.5701323954513,0.2719126496371761,10838.666666666666,11766.666666666666,12.0,7.952901379397685,16.287161715254616,75.7599369053477,68.88483227013877,71.99803038539234,78.67397234336619,3.1159174380206744,0.05521996794429206,4856.0
fibra5,RUMORE_AMBIENTALE,campione_1785924326858.wav,1.5,-48.79246476599068,-31.004964370312926,17.787500395677753,0.0,5992.476276582044,3869.75391857291,0.27154997991692537,10828.0,11745.333333333332,23.333333333333332,7.928272182247871,15.725720838707172,76.34600697904494,68.67787630598886,71.6521964113077,78.5139540695584,3.2945312694451223,-0.010795569031976737,4793.333333333333
fibra5,RUMORE_AMBIENTALE,campione_1785924328354.wav,1.5,-48.68188333533253,-28.871358311869116,19.810525023463413,0.0,5993.552237468403,3864.464581185091,0.26579759790522955,10776.666666666666,11682.666666666666,11999.333333333332,7.215588099135993,16.184727333008123,76.59968456785587,68.59392441626953,72.10226095190362,78.85347689268818,3.451110464704061,0.060279432567085046,4849.333333333333
fibra5,RUMORE_AMBIENTALE,campione_1785924329907.wav,1.5,-48.83028256920031,-33.87872770180897,14.951554867391337,0.0,5993.354863012382,3851.639799421512,0.27240016690050994,10769.333333333332,11682.666666666666,11999.333333333332,7.134153448469821,16.070683040631167,76.79516351089902,68.31700964204396,71.84392853524055,78.63692387287658,3.0441115430919634,0.03391034890239354,4878.666666666667
fibra5,RUMORE_AMBIENTALE,campione_1785924331238.wav,1.5,-48.802767513002664,-31.243471648900357,17.559295864102307,0.0,5992.590862447039,3864.1457166655587,0.27508332957451054,10790.0,11686.666666666666,6.666666666666666,6.852280995194162,16.871760741190208,76.27595826361562,68.22948116558378,72.1427336058645,78.69500624991069,3.143006852145848,-0.015234433245630875,4718.666666666667
fibra5,RUMORE_AMBIENTALE,campione_1785924332779.wav,1.5,-48.78190152348148,-32.99507711310834,15.786824410373143,0.0,5993.4156060183095,3862.0032179817417,0.27639325189415204,10791.333333333332,11646.666666666666,2690.6666666666665,6.6218400664676,16.44529550977318,76.93286442375923,68.08054082899977,72.03117077463364,78.73187298350551,3.131850348490735,0.07088254031332403,4902.666666666667
fibra5,RUMORE_AMBIENTALE,campione_1785924334290.wav,1.5,-48.815734775455404,-33.87872770180897,14.937007073646434,0.0,5992.651565218858,3874.7820032089426,0.27116419232562844,10825.333333333332,11738.0,3.333333333333333,7.427595189487497,16.217955588557597,76.3544492219549,68.55945080291579,71.9509296081937,78.67931202755939,3.030284102250267,0.009889502971778803,4852.0
fibra5,RUMORE_AMBIENTALE,campione_1785924335817.wav,1.5,-48.795699375448855,-30.6998405559535,18.095858819495355,0.0,5993.356329981288,3875.2049701557967,0.27281086695182816,10800.666666666666,11688.666666666666,21.333333333333332,7.349263740362324,16.328078063318728,76.32265819631895,68.57561499257045,72.04252734271562,78.73971153971988,3.3647336537467973,-0.00048279378851543597,4856.666666666667
fibra5,RUMORE_AMBIENTALE,campione_1785924337367.wav,1.5,-49.0313646331679,-33.73580034620425,15.295564286963646,0.0,5993.249331011557,3866.0886483516574,0.2753436770682658,10824.0,11734.0,4.0,7.447058747893595,16.05830979977371,76.49463145233268,68.36791900596478,71.70506952851161,78.48438077263923,3.1235632225580687,0.08190166941277349,4848.0
fibra5,RUMORE_AMBIENTALE,campione_1785924338853.wav,1.5,-49.07228971311427,-32.99507711310834,16.077212600005936,0.0,5992.283892436596,3877.457129099476,0.2724296816562382,10822.666666666666,11766.0,8.666666666666666,8.05454851700557,15.892147314364642,76.05330416862982,68.59302837619386,71.54444217917467,78.3437972267539,3.0585744225510254,-0.0073003362603358025,4754.0
fibra5,RUMORE_AMBIENTALE,campione_1785924340376.wav,1.5,-49.0367910489411,-33.43188983896721,15.604901209973889,0.0,5992.35070015225,3867.407762457707,0.2715574124988572,10788.0,11677.333333333332,8.0,7.125928731309974,16.444452872113445,76.42961839657657,68.21272940683994,71.84450894693776,78.51693157378088,3.1294315967589874,-0.029102350745024624,4785.333333333333
fibra5,RUMORE_AMBIENTALE,campione_1785924341899.wav,1.5,-48.6818782261567,-32.45597765721912,16.225900568937575,0.0,5993.4755922048225,3887.4894348370535,0.2631863690439899,10868.0,11748.0,14.666666666666666,7.768686231732026,16.756312055960805,75.47500171230718,68.97189570614302,72.31020429177265,78.84645121012704,3.1106852222273265,0.014651575741939175,4803.333333333333
fibra5,RUMORE_AMBIENTALE,campione_1785924343283.wav,1.5,-48.66387296407292,-33.01877668920244,15.645096274870482,0.0,5992.832400058071,3879.539586923949,0.2723000681609273,10808.0,11664.666666666666,4.0,6.986127153085122,17.777332018844124,75.23654082807074,68.47793084917373,72.5342318264421,78.79985418693826,3.2576892229326466,-0.017210684556094105,4756.666666666667
fibra5,RUMORE_AMBIENTALE,campione_1785924344793.wav,1.5,-48.92394304725669,-32.312588292189936,16.611354755066756,0.0,5992.398844672814,3841.32507843609,0.27780375183584244,10698.666666666666,11646.666666666666,1173.3333333333333,6.631605313699502,16.134914187462304,77.23348049883819,67.80340977922354,71.66488967038211,78.46527913663313,3.1452653384586897,0.011735158097409427,4896.0
fibra5,RUMORE_AMBIENTALE,campione_1785924346312.wav,1.5,-48.748278873804594,-33.59518685384333,15.153092019961264,0.0,5992.6694528855605,3853.078623088572,0.2731994899054956,10751.333333333332,11726.666666666666,11.333333333333332,7.244893929770342,15.829452201477187,76.92565386875248,68.33493433819723,71.7292728813998,78.59532598778078,3.137527712253971,-0.027636346253321977,4786.0
fibra5,RUMORE_AMBIENTALE,campione_1785924347841.wav,1.5,-48.3138607111396,-32.400547416295225,15.913313294844372,0.0,5992.820601384084,3902.64168844115,0.24615817779810611,11150.666666666666,11982.0,12.666666666666666,11.97611999741372,14.397239989519157,73.62664001306712,71.06422400868493,71.86385506026201,78.95141243693483,2.9922912916973354,-0.010597964699890014,4560.0
fibra5,RUMORE_AMBIENTALE,campione_1785924349354.wav,1.5,-48.71494574407308,-28.610326966398173,20.104618777674904,0.0,5993.475186328165,3895.9992947030123,0.2645203438377161,10928.0,11822.0,12.0,8.167507213958483,16.632288026995738,75.20020475904577,69.198628407381,72.28725311213414,78.83992337112396,3.4244069762135867,0.05147966177256699,4702.0
fibra5,RUMORE_AMBIENTALE,campione_1785924350881.wav,1.5,-48.24693848795895,-32.84258628187002,15.40435220608893,0.0,5992.846011970745,3905.6181742956646,0.2608477269756269,11005.333333333332,11919.333333333332,12.0,9.920136497035529,15.418584723737226,74.66127877922726,70.00421149008194,71.91948012628598,78.76998925236266,3.1606633723390463,0.07870623976887861,4545.333333333333
fibra5,RUMORE_AMBIENTALE,campione_1785924352413.wav,1.5,-47.25643237238317,-32.367458274271826,14.888974098111348,0.0,5994.045013984556,3962.682253753531,0.1742229653624187,11987.333333333332,11988.666666666666,12.0,22.814453695824437,10.724986756216103,66.46055954795946,75.45441234877148,72.17627925622496,80.09795154446525,2.9255365728207963,-0.0389328270153207,3915.3333333333335
fibra5,RUMORE_AMBIENTALE,campione_1785924353923.wav,1.5,-47.891382953853466,-33.06637072197314,14.825012231880322,0.0,5993.1859778197995,3935.001705379453,0.22047175041628864,11534.0,11988.0,12.0,15.51810735696271,13.287570237521736,71.19432240551555,72.66917428938739,71.99524250070874,79.28524037836104,2.8915866318362484,0.015544757315171017,4268.0
fibra5,RUMORE_AMBIENTALE,campione_1785924355288.wav,1.5,-48.45307091143145,-33.50687639875974,14.94619451267171,0.0,5992.833636384329,3888.332237206902,0.25056085176010967,11148.0,11988.0,11.333333333333332,11.566821549201423,14.703025090355064,73.73015336044351,70.91218202377954,71.95410865305688,78.95649304206499,2.9676913107846508,0.0014133194162588758,4611.333333333333
fibra5,RUMORE_AMBIENTALE,campione_1785924356809.wav,1.5,-48.36600091150665,-33.997443297511424,14.368557613995229,0.0,5992.780252789373,3891.9345829495583,0.250525084245667,11034.0,11976.0,11.333333333333332,10.776323156505116,14.748740859717294,74.4749359837776,70.59112255886704,71.95396594500579,78.98651788091581,2.8723408089846547,0.05502075794301355,4664.666666666667
fibra5,RUMORE_AMBIENTALE,campione_1785924358349.wav,1.5,-48.307613036429814,-31.50863527226816,16.798977764161652,0.0,5993.340464612216,3908.0025817453825,0.2562807032328015,11084.0,11975.333333333332,10.0,10.715478064937276,15.275718972253529,74.00880296280918,70.4144057086472,71.95430679303625,78.80712399131096,2.9235859663080443,-0.05302249915379006,4522.666666666667
fibra5,RUMORE_AMBIENTALE,campione_1785924359852.wav,1.5,-48.06131056134953,-32.33449470803678,15.72681585331275,0.0,5993.292395441993,3892.2141486618425,0.2625715107459176,10875.333333333332,11792.666666666666,8.666666666666666,8.165887206767446,16.68907520977501,75.14503758345755,69.74062155441595,72.84491050432484,79.37959084604633,3.018778598400946,-0.0033052421130693706,4712.0
fibra5,RUMORE_AMBIENTALE,campione_1785924361376.wav,1.5,-47.96215017092217,-31.224148194164275,16.738001976757896,0.0,5993.401440456398,3934.0824313316707,0.21581590589385558,11606.666666666666,11989.333333333332,11.333333333333332,16.092248134754104,13.539588200530924,70.36816366471497,73.22212505167515,72.47201240315141,79.62972002382921,3.1815417406947635,0.017804775059287587,4464.666666666667
fibra5,RUMORE_AMBIENTALE,campione_1785924362913.wav,1.5,-48.42863097404674,-33.150293010049566,15.278337963997174,0.0,5992.732364113169,3886.47499139068,0.2669914584881006,10887.333333333332,11810.666666666666,7.333333333333333,8.285810137538181,16.11531880961305,75.59887105284876,69.26699405589665,72.1560332959906,78.86879738073281,3.005887736141865,-0.022059054139940377,4717.333333333333
fibra5,RUMORE_AMBIENTALE,campione_1785924364438.wav,1.5,-48.551458871421175,-31.518613319673456,17.03284555174772,0.0,5993.330422525653,3886.0031077979247,0.27014838812400993,10940.666666666666,11824.0,8.0,8.537558272051921,15.942831295569361,75.51961043237873,69.31482630333792,72.02714399899311,78.78208690399987,3.13716560670088,0.12481914124499106,4721.333333333333
fibra5,RUMORE_AMBIENTALE,campione_1785924365945.wav,1.5,-48.02429658454684,-29.721322879490888,18.30297370505595,0.0,5993.175934902973,3939.63064051507,0.21929932199105273,11575.333333333332,11993.333333333332,0.6666666666666666,15.877944709763137,13.37190524711144,70.75015004312542,72.92561527771431,72.17960532997023,79.41494607688017,3.35204418178776,-0.07958306407703092,4466.0
fibra5,RUMORE_AMBIENTALE,campione_1785924367313.wav,1.5,-48.63125452538499,-32.411605201717045,16.219649323667944,0.0,5993.4656747025,3882.4184673966774,0.2684867865335985,10818.666666666666,11656.0,21.333333333333332,7.245458144085007,16.87754033724691,75.8770015186681,68.65572487074331,72.32815789757619,78.8561679538891,3.18989548482085,0.0654260368931032,4849.333333333333
fibra5,RUMORE_AMBIENTALE,campione_1785924368839.wav,1.5,-48.658202063952906,-33.17442049568243,15.483781568270473,0.0,5992.734272476699,3870.970864433141,0.26857291040806525,10790.666666666666,11691.333333333332,5.333333333333333,7.218321045173185,16.78849996074218,75.99317899408464,68.42820899198843,72.09396599177668,78.65159317744309,3.002174494870479,-0.006437203958522607,4846.0
fibra5,RUMORE_AMBIENTALE,campione_1785924370377.wav,1.5,-48.540221588247306,-31.195243377731302,17.344978210516004,0.0,5992.737304942609,3845.3516192084676,0.2695965753616299,10688.666666666666,11591.333333333332,4.666666666666666,5.773923442224916,17.1015458335981,77.12453072417698,67.68427827232208,72.39992174735752,78.94149340578619,3.176284626107699,0.0327352023518553,4870.666666666667
fibra5,RUMORE_AMBIENTALE,campione_1785924371875.wav,1.5,-48.76900016314802,-33.65882002651195,15.110180136636075,0.0,5992.733559192676,3873.9291641207947,0.2660993740659242,10826.666666666666,11729.333333333332,2.6666666666666665,7.635935945842714,16.667587463027875,75.69647659112941,68.65636484413211,72.04646950522036,78.61849872827966,3.0949523571013033,0.06729271749517433,4774.666666666667
fibra5,RUMORE_AMBIENTALE,campione_1785924373398.wav,1.5,-48.84953090827756,-32.1392979702396,16.710232938037954,0.0,5992.725324279735,3850.007421502396,0.27518543460959793,10738.0,11698.666666666666,13.333333333333332,7.083369733701798,15.902293912975841,77.01433635332238,68.39538638494007,71.90758503059448,78.75870304422777,3.0773136168170323,-0.014221288357684964,4886.0
fibra5,RUMORE_AMBIENTALE,campione_1785924374942.wav,1.5,-48.79800657934629,-32.647131155142304,16.15087542420399,0.0,5993.365511484711,3877.474740308544,0.2688210150006616,10802.666666666666,11734.666666666666,11.333333333333332,7.155123335343914,16.97543279704453,75.86944386761157,68.40117831668326,72.15321563069354,78.65567608066891,3.1009351188846654,0.10227495919909073,4849.333333333333
fibra5,RUMORE_AMBIENTALE,campione_1785924376445.wav,1.5,-48.97976984994713,-33.07831009051536,15.901459759431773,0.0,5992.293235476955,3863.732548779988,0.2795881568675526,10800.666666666666,11707.333333333332,15.333333333333332,7.154507407668256,16.509135759792546,76.33635683253921,68.0912980892752,71.72274410135456,78.3728150056958,2.9806915414380697,-0.022856048138417087,4787.333333333333
fibra5,RUMORE_AMBIENTALE,campione_1785924377969.wav,1.5,-48.6962019646605,-33.51943733981571,15.176764624844793,0.0,5992.524738573223,3867.111675819349,0.273263416736845,10750.666666666666,11674.0,18.666666666666664,7.108341408035485,16.887143276353104,76.00451531561141,68.34580669497834,72.10368579141756,78.63651784880688,3.0468458461864145,0.015438955988346562,4804.666666666667
fibra5,RUMORE_AMBIENTALE,campione_1785924379328.wav,1.5,-48.42640932557123,-30.145514739753537,18.28089458581769,0.0,5993.58180628329,3850.4289084623215,0.27163341847212225,10746.666666666666,11666.0,6.666666666666666,6.79961760555009,16.38932716222188,76.81105523222804,68.36467648285942,72.18544283256637,78.89406890090422,3.2864611781954665,0.08171916693381631,4896.666666666667
fibra5,RUMORE_AMBIENTALE,campione_1785924380873.wav,1.5,-48.59425941475355,-32.647131155142304,15.947128259611247,0.0,5993.454576378931,3874.7010744962186,0.2727647060787915,10780.666666666666,11654.0,4.0,6.586985558926499,17.746960119710405,75.66605432136309,68.2141107816606,72.51848340229651,78.81625454712977,3.0813249617481766,0.0901410747404122,4770.666666666667
fibra5,RUMORE_AMBIENTALE,campione_1785924382375.wav,1.5,-48.592268927875864,-29.705102726556323,18.88716620131954,0.0,5992.696482119445,3860.646338362643,0.2668340508529973,10776.666666666666,11695.333333333332,10.666666666666666,6.85011447688596,17.11836021328592,76.03152530982811,68.4376514775579,72.41529479197895,78.89061021606761,3.132606394169734,0.0002775077479291879,4809.333333333333
fibra5,RUMORE_AMBIENTALE,campione_1785924383897.wav,1.5,-48.700693401023614,-33.8656366831906,14.835056717833012,0.0,5992.625449783472,3874.433566594816,0.2744548253875981,10789.333333333332,11646.0,2458.6666666666665,6.5881652225025595,17.40051953163233,76.0113152458651,68.10821864470319,72.32619597617057,78.72935629623692,2.9831211610469914,0.004281846796162196,4803.333333333333
fibra5,RUMORE_AMBIENTALE,campione_1785924385443.wav,1.5,-48.31201822541595,-31.761591101984543,16.550427123431405,0.0,5992.974007386786,3865.7028745865355,0.2725022497956755,10792.666666666666,11675.333333333332,4.0,6.993223513633844,16.521448934900672,76.48532755146547,68.79476081393597,72.52846804627131,79.18376803156379,3.2278207379969226,0.03649903603908296,4788.0
fibra5,RUMORE_AMBIENTALE,campione_1785924386944.wav,1.5,-47.84210223244997,-27.25100657116524,20.591095661284726,0.0,5993.176224627855,3876.0799794883083,0.2699352032456095,10814.0,11682.0,6.0,7.061091281568819,17.138160981160535,75.80074773727064,69.1070363335761,72.9579602543017,79.4150529728264,4.070842650654494,-0.013751525922567434,4723.333333333333
fibra5,RUMORE_AMBIENTALE,campione_1785924388467.wav,1.5,-48.54295449301162,-32.33449470803678,16.208459784974842,0.0,5993.332344703804,3882.394636184727,0.27481844602760785,10798.0,11679.333333333332,7.333333333333333,7.178195048116463,16.844724299627813,75.97708065225572,68.54229820603828,72.24678472869591,78.78897167846458,3.108904020142882,0.02806790184648161,4769.333333333333
fibra5,RUMORE_AMBIENTALE,campione_1785924389992.wav,1.5,-48.41938522298386,-31.629135091231646,16.790250131752217,0.0,5993.49089416587,3904.9417522909434,0.2707602593936004,10866.666666666666,11721.333333333332,7.333333333333333,7.857468881586552,17.25925862695917,74.88327249145425,69.23490350473833,72.652298173642,79.02592496093526,3.2227768968117223,0.05198896234082213,4730.0
fibra5,RUMORE_AMBIENTALE,campione_1785924391351.wav,1.5,-48.40375342053764,-31.720619850062356,16.683133570475285,0.0,5993.050420914917,3857.5779601189797,0.27321852246100214,10777.333333333332,11669.333333333332,6.0,6.895906404103572,16.36252326197526,76.74157033392117,68.5550202176018,72.3076094042053,79.01941345199414,3.112069462824514,0.0017768524878020028,4807.333333333333
fibra5,RUMORE_AMBIENTALE,campione_1785924392887.wav,1.5,-48.62733562058976,-31.629135091231646,16.998200529358115,0.0,5992.867297382846,3880.9886496871127,0.27211444330934864,10798.0,11657.333333333332,19.333333333333332,6.810561314729061,17.150811318811375,76.03862736645955,68.31485487510778,72.32587249477105,78.79336848790162,3.39295732350471,0.06769263045236268,4811.333333333333
fibra5,RUMORE_AMBIENTALE,campione_1785924394397.wav,1.5,-48.44412855142296,-31.498668674144817,16.945459877278147,0.0,5992.920300530006,3899.1194800036196,0.267938600449601,10848.666666666666,11685.333333333332,3.333333333333333,7.171941768568321,17.729966965579063,75.09809126585262,68.75340928831645,72.68412100537125,78.95333072990063,3.1279863403429875,0.05720812375473182,4756.666666666667
fibra5,RUMORE_AMBIENTALE,campione_1785924395920.wav,1.5,-48.74624167360836,-29.786508096282315,18.959733577326045,0.0,5992.740594651204,3892.589155453566,0.2719210292568837,10836.666666666666,11717.333333333332,19.333333333333332,7.3860047033496805,17.024160098106414,75.5898351985439,68.58974012330604,72.21630127273818,78.69027830951062,3.3776872130776514,-0.04203594082943987,4780.0
fibra5,RUMORE_AMBIENTALE,campione_1785924397448.wav,1.5,-48.74436979080154,-33.60787624868206,15.136493542119482,0.0,5992.719926364498,3880.962833057502,0.26922715944658104,10815.333333333332,11714.0,0.6666666666666666,7.376761154733094,16.72441274985177,75.89882609541515,68.67149661634241,72.22634816737758,78.79518998407808,3.0236095251585464,0.023487052564813028,4886.0
fibra5,RUMORE_AMBIENTALE,campione_1785924398967.wav,1.5,-48.682175688072334,-33.56986354371045,15.112312144361887,0.0,5993.085102873267,3883.357537536918,0.27107869787286387,10834.666666666666,11753.333333333332,16.0,7.731139005595717,16.219908500033174,76.04895249437114,68.63907279089301,71.85712197083834,78.56757033565687,3.101704414574594,-0.015210323013046055,4789.333333333333
fibra5,RUMORE_AMBIENTALE,campione_1785924400490.wav,1.5,-48.81566707321009,-32.85422176821387,15.961445304996225,0.0,5993.159212810014,3874.015912782693,0.27047608471388496,10797.333333333332,11672.0,9.333333333333332,7.12476479874344,16.633831987437397,76.24140321381915,68.27952887352974,71.96174665786796,78.57373236116393,3.153919454929551,-0.016948841192267743,4798.0
fibra5,RUMORE_AMBIENTALE,campione_1785924402015.wav,1.5,-48.991315389547665,-33.38225605115776,15.609059338389905,0.0,5992.421458905881,3861.7775861830696,0.2686310506733607,10778.666666666666,11700.666666666666,16.666666666666664,7.292544671088059,16.411559531404396,76.29589579750754,68.35675277774423,71.87946032120371,78.55297356146868,3.115655535492955,0.0034632321439297944,4842.0
fibra5,RUMORE_AMBIENTALE,campione_1785924403384.wav,1.5,-48.8397946306242,-31.330963159633477,17.50883147099072,0.0,5993.2323458926,3873.8030992546355,0.2744659702266255,10808.666666666666,11710.0,5.333333333333333,7.525989118102847,16.455794560899367,76.01821632099778,68.52135392713836,71.918906635372,78.56489481851837,3.1850225877081844,0.017758063244673748,4770.666666666667
fibra5,RUMORE_AMBIENTALE,campione_1785924404897.wav,1.5,-48.94465848423121,-33.5825159701625,15.362142514068715,0.0,5992.377526007704,3872.5472061341525,0.26917734970521573,10766.666666666666,11701.333333333332,2.6666666666666665,7.454252730921772,16.17133229207588,76.37441497700233,68.35366271927913,71.71707960011675,78.45910055423671,3.078842809477772,-0.015477838136007359,4864.0
fibra5,RUMORE_AMBIENTALE,campione_1785924406424.wav,1.5,-48.833594075009366,-32.22551097862427,16.608083096385094,0.0,5992.4891895489745,3886.0978701069425,0.2712883659248751,10834.0,11680.666666666666,39.33333333333333,7.235203407687923,17.13237885106389,75.63241774124819,68.4926215470385,72.23629078946232,78.68519393199692,3.1507688497582746,0.057044407685508,4790.0
fibra5,RUMORE_AMBIENTALE,campione_1785924407962.wav,1.5,-48.741535317233264,-33.62058420884449,15.120951108388773,0.0,5993.163817873512,3887.5287593916028,0.26988889098949487,10854.666666666666,11748.0,6.666666666666666,8.07348466513405,16.458278049907793,75.46823728495816,68.98716568083815,72.08039938495358,78.69419749648999,3.088283189010406,-0.018173950849845195,4744.666666666667
fibra5,RUMORE_AMBIENTALE,campione_1785924409467.wav,1.5,-48.4239163689612,-28.93044622270375,19.49347014625745,0.0,5993.430857950955,3885.9316722868275,0.2703969860365013,10816.666666666666,11666.666666666666,24.666666666666664,7.055258135540597,16.832567466742425,76.11217439771698,68.59432684455453,72.37070140088532,78.92373905432733,3.8939817909473433,-0.025123132717717656,4784.666666666667
fibra5,RUMORE_AMBIENTALE,campione_1785924410990.wav,1.5,-48.84941754085808,-30.51110713349932,18.338310407358758,0.0,5993.232240104878,3888.7540414226614,0.2708103314864395,10882.666666666666,11746.0,2.6666666666666665,7.66240122449817,17.046176430130906,75.29142234537092,68.68022307669527,72.15284397702001,78.60402920130481,3.242691559231904,0.11761157048010096,4800.666666666667
fibra5,RUMORE_AMBIENTALE,campione_1785924412533.wav,1.5,-48.66117840550145,-32.43376309453712,16.227415310964332,0.0,5993.277224551078,3886.3013688037836,0.2661121876859183,10846.666666666666,11755.333333333332,8.666666666666666,7.778217531693798,16.982099395895467,75.23968307241073,68.97394627953133,72.36505921623237,78.82961500683565,3.0095910505353034,0.03692930592160477,4764.0
fibra5,RUMORE_AMBIENTALE,campione_1785924414042.wav,1.5,-48.637170912813836,-33.53201647195762,15.105154440856218,0.0,5992.692299391234,3881.353897752792,0.27154672208074127,10814.0,11685.333333333332,0.6666666666666666,7.155275774451892,17.149782258217197,75.69494196733092,68.55801612850382,72.35433846512964,78.80242096466057,3.238059703924529,-0.05333801731818706,4837.333333333333
fibra5,RUMORE_AMBIENTALE,campione_1785924415402.wav,1.5,-48.66846099451224,-27.82543737586222,20.84302361865002,0.0,5992.6289274783,3870.6154172480947,0.2714965736805158,10800.0,11705.333333333332,7.333333333333333,7.281732760248127,16.687468969331974,76.03079827041991,68.3006281395196,71.9021854880907,78.48817627978801,3.7094312261099045,0.007547750529487719,4807.333333333333
fibra5,RUMORE_AMBIENTALE,campione_1785924416920.wav,1.5,-48.85204297430513,-34.144778798067264,14.707264176237864,0.0,5993.2082941737535,3861.4113580609906,0.27066697008474144,10820.0,11718.0,5.333333333333333,7.4685398639952485,16.132228750609226,76.39923138539552,68.50012527294152,71.84471195428124,78.59865813248685,2.981298530653971,0.03026275671299743,4882.666666666667
fibra5,RUMORE_AMBIENTALE,campione_1785924418463.wav,1.5,-48.91438266963191,-30.15404285959289,18.76033981003902,0.0,5993.0499865579795,3874.3711190430336,0.27096837976672866,10809.333333333332,11728.666666666666,2.6666666666666665,7.411309437352506,16.46906912722513,76.11962143542237,68.47690796043155,71.94464902171974,78.5929246946357,3.189724231190345,-0.04475699260002165,4856.666666666667
fibra5,RUMORE_AMBIENTALE,campione_1785924419968.wav,1.5,-48.88785461602542,-33.50687639875974,15.380978217265678,0.0,5993.007031227909,3855.0434097724556,0.27505429455161506,10732.666666666666,11677.333333333332,16.0,6.9193224311525,16.094638001735333,76.98603956711219,68.11049047323495,71.77666691750575,78.57397457274216,3.1871811538317028,0.004037584083063574,4803.333333333333
fibra5,RUMORE_AMBIENTALE,campione_1785924421489.wav,1.5,-48.883446155701165,-33.8004759183981,15.082970237303066,0.0,5992.641472075814,3867.2370306205116,0.2668835561267639,10796.0,11696.666666666666,4.0,7.278780292102484,16.34988334146517,76.37133636643235,68.4159586548236,71.93051913219014,78.6246764503117,2.9965592570235327,-0.016169741305309574,4898.0
fibra5,RUMORE_AMBIENTALE,campione_1785924423041.wav,1.5,-48.83817150842,-33.5825159701625,15.2556555382575,0.0,5993.214558907003,3861.1502628035964,0.27498201298477437,10780.0,11708.0,3.333333333333333,7.286264523077038,16.13953919916175,76.57419627776122,68.36989916915198,71.82376113943744,78.58567430096063,2.903865164321961,0.006581809230204727,4871.333333333333
fibra5,RUMORE_AMBIENTALE,campione_1785924424537.wav,1.5,-48.62561144882449,-33.32061002068321,15.305001428141281,0.0,5993.545139563792,3884.349948598314,0.26594338352715613,10868.666666666666,11744.0,13.333333333333332,7.7358617448469555,16.489926877508424,75.77421137764463,69.07910245976592,72.36620276358765,78.98922971664295,2.976311474356004,-0.006656251539225548,4804.0
fibra5,RUMORE_AMBIENTALE,campione_1785924426060.wav,1.5,-48.57383798899643,-33.35754511206345,15.216292876932982,0.0,5992.500851341722,3873.2895813388923,0.27265984758215356,10814.666666666666,11672.666666666666,3.333333333333333,6.934192567941112,17.030958331408034,76.03484910065085,68.20902568767858,72.11145756968132,78.60919358958947,3.0358049715997097,0.03704121459161319,4848.666666666667
fibra5,RUMORE_AMBIENTALE,campione_1785924427419.wav,1.5,-48.27050056955403,-31.64938192861928,16.62111864093475,0.0,5992.793182807155,3881.0505985586465,0.26571945403430763,10849.333333333332,11734.666666666666,4.0,7.646642566182559,16.1523864110915,76.20097102272594,68.822956091001,72.07061514671035,78.8078532460396,3.4922637259987717,-0.025161103518972387,4747.333333333333
fibra5,RUMORE_AMBIENTALE,campione_1785924428960.wav,1.5,-48.33948084552783,-32.18229750996696,16.157183335560873,0.0,5993.525608075921,3891.9463266783987,0.27073286846487815,10846.666666666666,11676.0,11.333333333333332,7.153974034956266,17.517862659238073,75.32816330580563,68.97232412042284,72.86166169613028,79.1964243082597,3.270002338733721,0.0035886822420687814,4774.0
fibra5,RUMORE_AMBIENTALE,campione_1785924430466.wav,1.5,-48.24213419614548,-33.25939842671113,14.982735769434349,0.0,5993.637800807338,3875.157403978541,0.2738585163937678,10776.666666666666,11624.0,5.333333333333333,6.722020304689011,17.196017572532867,76.08196212277814,68.61225489886633,72.69153550160071,79.15007374262676,3.06516086954446,0.02223270970726443,4756.0
fibra5,RUMORE_AMBIENTALE,campione_1785924431988.wav,1.5,-47.95819053907355,-26.862779137350277,21.095411401723272,0.0,5993.91633664404,3890.029024371534,0.26334591810831515,10898.666666666666,11771.333333333332,10.0,7.926544406110411,17.050958019293386,75.0224975745962,69.68106073144753,73.00770961307501,79.44213694328906,4.507691798144827,0.027919663097969085,4712.666666666667
fibra5,RUMORE_AMBIENTALE,campione_1785924433535.wav,1.5,-47.91241533522613,-31.27253767486581,16.63987766036032,0.0,5993.9785013011315,3944.1343336766067,0.25190396938611026,11007.333333333332,11802.666666666666,8.0,8.803537893136935,17.786475260853415,73.40998684600964,70.3820273862898,73.4363539335404,79.59300646970843,3.6598657238748817,0.09383947461029515,4649.333333333333
fibra5,RUMORE_AMBIENTALE,campione_1785924435040.wav,1.5,-47.534253366064306,-25.568182706709482,21.966070659354823,0.0,5993.567618642378,3910.4379334904856,0.25103513124921967,10995.333333333332,11874.666666666666,12.666666666666666,9.431333585581115,16.342966144168084,74.2257002702508,70.52731043067563,72.91488818008064,79.4871224054596,6.097955041853316,0.06776355685229685,4670.0
fibra5,RUMORE_AMBIENTALE,campione_1785924436565.wav,1.5,-47.830761277206406,-30.39629451974919,17.434466757457216,0.0,5993.816069126607,3900.968459795698,0.2576299058152372,10910.666666666666,11799.333333333332,20.666666666666664,8.154113859429227,17.13067961976631,74.71520652080446,69.68915499681955,72.91313321209338,79.30947729507241,3.6060090290296145,0.0685297458957562,4668.666666666667
fibra5,RUMORE_AMBIENTALE,campione_1785924438094.wav,1.5,-47.47266844964501,-27.95694464829181,19.515723801353204,0.0,5993.605511406494,3930.733926639008,0.22249725720556865,11460.0,11990.666666666666,9.333333333333332,14.801272148312899,14.147309937692798,71.05141791399433,73.03445925206302,72.83820749322432,79.84719630416814,3.68444566470101,0.10544698167863241,4358.666666666667
fibra5,RUMORE_AMBIENTALE,campione_1785924439444.wav,1.5,-47.98254910729605,-32.85422176821387,15.128327339082183,0.0,5993.8394098519275,3914.361675735596,0.22973641612391146,11468.666666666666,11990.0,10.666666666666666,14.853165119240064,13.150298412839868,71.99653646792007,72.36696226136996,71.83812825261565,79.22188821467691,3.02310833886194,0.018624509510841773,4396.666666666667
fibra5,RUMORE_AMBIENTALE,campione_1785924440974.wav,1.5,-48.30642704155718,-32.85422176821387,15.45220527334331,0.0,5992.907681220305,3872.607670011642,0.26007507602319,10865.333333333332,11819.333333333332,12.0,8.227579988465683,15.985495226495495,75.78692478503883,69.31877754026088,72.20331735978245,78.96199925836834,3.2033524698860667,-0.03633971716725949,4628.666666666667
fibra5,RUMORE_AMBIENTALE,campione_1785924442488.wav,1.5,-48.26547488425311,-30.874206577682948,17.39126830657016,0.0,5992.823787971887,3918.2001952573755,0.25886889548263614,11050.666666666666,11902.666666666666,2.0,10.008897241036086,15.857142554515365,74.13396020444854,70.08899293123375,72.08737993132631,78.78530263215485,3.3665533067487,0.05999089126338968,4577.333333333333
fibra5,RUMORE_AMBIENTALE,campione_1785924444038.wav,1.5,-48.038298406614445,-32.24719860358145,15.791099803032992,0.0,5993.038721414106,3928.2484013396365,0.2498177914444089,11170.0,11985.333333333332,11.333333333333332,11.795871908798105,15.147823302436649,73.05630478876525,71.28517208689345,72.37137391266137,79.20444862459244,3.033892856927528,-0.022242574177106653,4538.666666666667
fibra5,RUMORE_AMBIENTALE,campione_1785924445540.wav,1.5,-46.91098642841622,-30.995558966762758,15.915427461653465,0.0,5994.595010862577,3983.3086768925687,0.16618465634864843,11988.0,11989.333333333332,11.333333333333332,24.129140758314534,10.212252919951466,65.658606321734,75.91159051134042,72.17738756372793,80.2590885432911,3.0809074160004117,0.07281678355891605,3799.3333333333335
fibra5,RUMORE_AMBIENTALE,campione_1785924447064.wav,1.5,-46.55393797537417,-31.34073906310519,15.213198912268979,0.0,5993.709778748095,3959.1421889454664,0.18240343001803633,11978.0,11989.333333333332,12.666666666666666,21.645271607131992,10.769603437392034,67.58512495547598,74.9723205717254,71.94068729245382,79.9172013849697,2.9961531695931063,-0.19439560009003615,3628.6666666666665
fibra5,RUMORE_AMBIENTALE,campione_1785924448596.wav,1.5,-47.128499350405384,-32.24719860358145,14.881300746823932,0.0,5994.168099316349,4004.084523473835,0.17667619135787854,11986.0,11990.666666666666,12.0,22.605625741463687,10.835062954148734,66.55931130438759,75.19360645585509,71.99975551448298,79.88352932055705,2.847824234752026,0.13794074276366694,3826.6666666666665
fibra5,RUMORE_AMBIENTALE,campione_1785924450103.wav,1.5,-47.128577164615734,-31.700206469800236,15.428370694815499,0.0,5993.525699506164,3985.2013447344953,0.2045133387890369,11880.666666666666,11992.666666666666,10.666666666666666,18.844461937816085,12.450573298577083,68.70496476360685,74.19790756149628,72.39796363908886,79.8159513572694,3.01422513314499,0.019773948437908667,3870.6666666666665
fibra5,RUMORE_AMBIENTALE,campione_1785924451465.wav,1.5,-47.37638580933708,-29.41820323446958,17.9581825748675,0.0,5994.129412883504,3954.9890711020985,0.2334285398566866,11160.0,11986.0,9.333333333333332,11.35349321101018,16.81824101819942,71.8282657707904,71.78591485956987,73.49242553315953,79.79757362265018,3.3641339910368586,0.17921890226719864,4290.666666666667
fibra5,RUMORE_AMBIENTALE,campione_1785924452987.wav,1.5,-47.89598390653103,-32.624422934976714,15.271560971554315,0.0,5993.20348952321,3945.489987618083,0.2486651483543227,11164.0,11971.333333333332,12.666666666666666,11.775184712916799,15.144638585020884,73.08017670206232,71.333206434542,72.42611828678494,79.2615250375612,3.0026153675555287,-0.10247567825205794,4386.0
fibra5,RUMORE_AMBIENTALE,campione_1785924454535.wav,1.5,-47.62677343679441,-30.636472661148915,16.990300775645494,0.0,5993.265627150602,3985.500922431312,0.24333981979712999,11302.0,11972.666666666666,11.333333333333332,12.307351163957238,16.334415756652067,71.3582330793907,72.04411779696711,73.27350792662519,79.67691275075309,3.32545048124359,-0.030813764203857837,4315.333333333333
fibra5,RUMORE_AMBIENTALE,campione_1785924456037.wav,1.5,-47.09031769118351,-30.80955851172956,16.28075917945395,0.0,5994.34821391127,3965.746136396686,0.23161225700927549,11385.333333333332,11986.0,11.333333333333332,14.130160201985483,14.685637000420943,71.18420279759356,73.17957015676335,73.34702719059752,80.20193555619281,3.162474234156173,0.06956019844970185,4170.666666666667
fibra5,RUMORE_AMBIENTALE,campione_1785924457588.wav,1.5,-45.4991399817696,-30.537819269405183,14.961320712364419,0.0,5993.9578502058075,3985.38049337995,0.18011134843916024,11986.666666666666,11989.333333333332,11.333333333333332,22.22142592643312,10.989431105038276,66.78914296852861,75.32220232204244,72.26423519149567,80.10154179145428,3.3568647804321516,-0.008707825445127507,3406.0
fibra5,RUMORE_AMBIENTALE,campione_1785924459094.wav,1.5,-46.57326236335968,-30.248409005481257,16.324853357878425,0.0,5994.8910011288335,4018.4924814102524,0.14273520698986497,11988.666666666666,11990.0,11.333333333333332,28.336680192698683,8.365243867264843,63.29807594003648,77.33023475538926,72.03153113004495,80.8206501582653,3.331647726127679,0.2032625672444664,3696.0
fibra5,RUMORE_AMBIENTALE,campione_1785924460606.wav,1.5,-46.80378636726761,-31.782149429454684,15.021636937812929,0.0,5994.271335756663,3967.8104001981615,0.18752178230590996,11976.0,11989.333333333332,10.666666666666666,21.237219077818892,10.325286711754064,68.43749421042706,74.7535248563147,71.62156958438126,79.83548938267452,3.156418460078468,0.21132010713870372,3824.6666666666665
fibra5,RUMORE_AMBIENTALE,campione_1785924462146.wav,1.5,-44.3799887107242,-30.387525322284787,13.992463388439411,0.0,5995.491237638731,4107.9310534962,0.09356992133886298,11988.666666666666,11990.0,11.333333333333332,35.78683186125436,5.741370662037939,58.47179747670773,80.4040581889983,72.45698151815436,82.53629010708784,2.9041052184986285,-0.018693681989226434,2798.0
fibra5,RUMORE_AMBIENTALE,campione_1785924463490.wav,1.5,-46.526872329272024,-31.09007447311814,15.436797856153884,0.0,5994.31174614654,4017.621178434011,0.19352648557057509,11934.666666666666,11987.333333333332,14.0,20.60288642415725,11.841603308739916,67.55551026710283,74.76408649952995,72.35891089726921,79.92141360199898,3.177296694143285,0.034885569802929124,3730.6666666666665
fibra5,RUMORE_AMBIENTALE,campione_1785924465031.wav,1.5,-44.45821263661144,-29.239746349032533,15.21846628757891,0.0,5995.492320376653,4139.7592133637545,0.10096092814017345,11988.0,11990.666666666666,12.666666666666666,34.920924899763364,5.892283523861031,59.186791576375605,80.18865312053153,72.46063210319589,82.48004372524488,3.023049656590718,-0.27673412283505494,2926.0
fibra5,RUMORE_AMBIENTALE,campione_1785924466544.wav,1.5,-45.72431696609796,-30.352536798230375,15.371780167867584,0.0,5994.018927803806,4064.434026572393,0.1673676650053,11978.0,11990.666666666666,14.0,24.614083067387426,10.247695552074752,65.13822138053781,76.50155164912141,72.69597717505215,80.72807398839561,2.9466276216743807,-0.006234719295077714,3528.6666666666665
fibra5,RUMORE_AMBIENTALE,campione_1785924468056.wav,1.5,-43.781657334502256,-28.60318690072352,15.178470433778735,0.0,5995.183919015903,4073.8239158716224,0.13421444890323703,11988.666666666666,11990.0,11.333333333333332,29.623453282743334,8.230702761322835,62.14584395593383,78.70091848314301,73.13893082464915,81.91868254564952,3.516942349058848,0.1904534901455364,3006.0
fibra5,RUMORE_AMBIENTALE,campione_1785924469593.wav,1.5,-43.42386577314538,-28.219256249189204,15.204609523956176,0.0,5995.569595829742,4126.930106139178,0.12263209917288881,11988.0,11991.333333333332,12.0,32.18442974428442,6.971980454183892,60.843589801531664,79.1879248001456,72.54502822376064,81.95361491196374,3.307849286211507,0.016884999342318487,2658.0
fibra5,RUMORE_AMBIENTALE,campione_1785924471104.wav,1.5,-43.14473608051468,-26.933158099948535,16.211577980566148,0.0,5995.214690315963,4152.4238951947555,0.11339835913025988,11987.333333333332,11992.666666666666,13.333333333333332,32.607673822407754,7.132375741424008,60.259950436168225,79.77571907706862,73.17486303865371,82.44280859776984,3.6559593739070975,0.013982735494942269,2661.3333333333335
fibra5,RUMORE_AMBIENTALE,campione_1785924472628.wav,1.5,-40.81362360772438,-26.297459984753203,14.516163622971177,0.0,5997.244089077087,4348.386501157928,0.03694869658906921,11989.333333333332,11996.0,11.333333333333332,44.637529341462,2.240077264873025,53.12239339366497,85.78037153780895,72.78600003408984,86.53614638752603,2.531952292230466,0.06490289540572908,1783.3333333333333
fibra5,RUMORE_AMBIENTALE,campione_1785924474157.wav,1.5,-42.73503754389522,-27.561916264331284,15.173121279563933,0.0,5994.746859195144,4183.417718906335,0.10957683650364144,11986.666666666666,11996.0,10.0,34.04852597299041,6.3570039903585664,59.59447003665104,79.29444808536046,72.00598977376102,81.72552455356579,3.794573220240614,0.21242208722967176,2487.3333333333335
fibra5,RUMORE_AMBIENTALE,campione_1785924475519.wav,1.5,-45.63627459885187,-27.599984503924475,18.036290094927395,0.0,5994.0842554326855,4107.0478443183,0.15131201183414833,11984.666666666666,11991.333333333332,14.666666666666666,27.021394466207617,9.422004796977903,63.556600736814495,77.19666308547599,72.62101872092661,80.91119212417298,3.275327736416993,0.11433326170648621,3345.3333333333335
fibra5,RUMORE_AMBIENTALE,campione_1785924477043.wav,1.5,-43.930909649171696,-27.715200644066478,16.215709005105218,0.0,5995.319319289663,4200.204499412991,0.12080532241008717,11982.666666666666,11991.333333333332,12.666666666666666,32.57754805800589,7.081785137138667,60.340666804855445,79.29640720868152,72.66865072779746,81.97332431855267,3.4558798639951442,-0.2726247863773329,2725.3333333333335
fibra5,SCAVO MANUALE,campione_1785936528517.wav,1.5,-30.01339083431028,-6.855772676038596,23.15761815827168,0.0,5997.040846827005,4523.994673627761,0.06574744284011007,11853.333333333332,11888.666666666666,118.66666666666666,40.71299530008826,4.297339116013059,54.989665583898685,86.22625330599875,76.46091902045644,87.53173354075805,31.24556787547548,-0.7486180156797154,2756.0
fibra5,SCAVO MANUALE,campione_1785936530899.wav,1.5,-31.496787271419997,-11.077729420857237,20.41905785056276,0.0,5997.900356323412,4767.086900147697,0.02565149559211489,11881.333333333332,11891.333333333332,119.33333333333333,46.48361731628438,1.74174683547301,51.77463584824261,92.13847277725438,77.87532390745011,92.60664413603297,18.42591231621478,-0.6333201013949866,2428.6666666666665
fibra5,SCAVO MANUALE,campione_1785936532585.wav,1.5,-27.87856562695902,-7.147782800683294,20.730782826275725,0.0,5998.455852200014,4832.897167003239,0.018052793632116294,11890.0,11892.666666666666,108.66666666666666,47.50386286344847,1.2708674807021367,51.22526965584939,94.7507781493787,79.02449155424836,95.0783314168387,17.458899272651877,-0.9481596265943998,2586.0
fibra5,SCAVO MANUALE,campione_1785936534284.wav,1.5,-28.105079279906185,-6.485569566296129,21.619509713610057,0.0,5998.397147991295,4990.891161733367,0.01068299208024755,11888.0,11894.666666666666,108.0,48.6114883383283,0.6850522765126729,50.70345938515903,96.37219140716616,77.86203936519749,96.55517813939339,26.602485879352667,-0.23946564360604017,2639.3333333333335
fibra5,SCAVO MANUALE,campione_1785936536297.wav,1.5,-29.1973910361763,-3.654171677593998,25.543219358582302,0.0,5996.581959475806,4191.128523566814,0.18094041567390656,11824.666666666666,11885.333333333332,118.0,21.168644425349864,14.402960667437016,64.42839490721312,79.49791930571027,77.82550657229515,84.33176194521658,105.69082626366634,-0.9751474361476644,3552.6666666666665
fibra5,SCAVO MANUALE,campione_1785936553943.wav,1.5,-22.83725302592415,-0.008486449858655895,22.828766576065494,0.0,5999.927275276995,4728.890145161658,0.11365466687378181,11883.333333333332,11933.333333333332,108.66666666666666,38.450670343778945,8.647603766970208,52.90172588925084,102.24125071766045,95.76116938168171,103.62690997012562,97.52980791255892,1.3350227506865657,3548.0
fibra5,SCAVO MANUALE,campione_1785936555429.wav,1.5,-24.440647035047142,-0.024686765432109136,24.415960269615034,0.0,5998.812334803952,5206.464946462573,0.005038905273024104,11878.666666666666,11890.0,119.33333333333333,49.362798109613195,0.32287742442574635,50.31432446596108,99.22284466953742,77.37922377658373,99.30576343536455,105.27240012191635,-0.13759110140219458,3309.3333333333335
fibra5,SCAVO MANUALE,campione_1785936557123.wav,1.5,-29.50444372900819,-4.068838528544148,25.435605200464042,0.0,5998.319692280786,5028.3234273956905,0.009652673371271561,11892.666666666666,11898.666666666666,107.33333333333333,48.79031104321012,0.5858053692704336,50.62388358751946,95.93870964059258,76.73290725209311,96.09892836064554,97.23877227883229,-1.9332700112792491,3566.0
fibra5,SCAVO MANUALE,campione_1785936560331.wav,1.5,-27.890969863094895,-2.6215719354284635,25.269397927666432,0.0,5998.862205944071,5203.440124545299,0.00525446000984309,11876.666666666666,11888.666666666666,121.33333333333333,49.36213006358947,0.31460954242607253,50.323260393984455,98.92512345357277,76.96890344427997,99.0088722420569,93.06092176929705,-2.413120538789423,3022.6666666666665
fibra5,SCAVO MANUALE,campione_1785936561890.wav,1.5,-25.324531446531516,-0.9942055053779247,24.330325941153593,0.0,5998.863588115945,5264.997987448258,0.004621017987298906,11880.0,11895.333333333332,121.33333333333333,49.44256353148418,0.29169579818562974,50.26574067033018,99.59501295212975,77.30330488203796,99.66672401261717,74.35685168012942,0.9623893014833087,3256.0
fibra5,SCAVO MANUALE,campione_1785936563590.wav,1.5,-26.141310773966104,-0.1238726583924277,26.017438115573675,0.0,5998.184516894585,5016.244258072006,0.010562904811494717,11886.666666666666,11894.0,117.33333333333333,48.62338657574685,0.6281423487685686,50.74847107548458,95.18219897619292,76.29432767951242,95.36797656408835,99.36641963137902,1.1256759285133235,2914.6666666666665
fibra5,SCAVO MANUALE,campione_1785936566082.wav,1.5,-34.56913138585402,-10.443802041552528,24.12532934430149,0.0,5995.204071890696,4103.435404296902,0.19372570937880998,11832.0,11890.0,111.33333333333333,19.753108654112207,13.604516577075826,66.64237476881199,77.18017461663814,75.56065123207487,82.46132473587093,49.536312681986246,0.13760748636488287,3357.3333333333335
fibra5,SCAVO MANUALE,campione_1785936567480.wav,1.5,-29.940159512072345,-9.762822131756117,20.177337380316228,0.0,5997.650931637898,4868.609885205357,0.015627907480550023,11884.0,11896.0,119.33333333333333,47.95308317169739,0.994365994530652,51.052550833771974,93.11714113893716,76.28443842093314,93.38915024699963,25.280465857975347,-0.22969992699892,2919.3333333333335
fibra5,SCAVO MANUALE,campione_1785936569686.wav,1.5,-28.681240780893297,-4.9374392462024055,23.743801534690892,0.0,5996.331589735191,4240.816383518835,0.14980932761927265,11862.0,11890.0,110.66666666666666,26.517599588712482,11.273930404542698,62.20847000674482,80.72358146904257,77.00899287889382,84.42673458523215,61.32013949940816,-0.9138131741716193,2940.0
fibra5,SCAVO MANUALE,campione_1785936572686.wav,1.5,-28.362932043172773,-6.349611322828496,22.013320720344275,0.0,5995.595528864116,4090.980904085332,0.2099021122652939,11523.333333333332,11888.666666666666,119.33333333333333,15.408075146073356,16.793035679917757,67.79888917400888,76.93272563323059,77.30653386180349,83.36746753845105,41.72357212945922,-0.565523074686897,3284.6666666666665
fibra5,SCAVO MANUALE,campione_1785936574074.wav,1.5,-28.519388999630415,-8.241135277291628,20.27825372233879,0.0,5998.546831956282,5176.32905479781,0.00403689923945477,11892.0,11895.333333333332,106.66666666666666,49.49421095551446,0.26301426346996065,50.242774781015605,100.0192534710319,77.27350243309539,100.08444558424651,32.61642474510946,0.01934741074352724,3154.6666666666665
fibra5,SCAVO MANUALE,campione_1785936575745.wav,1.5,-29.34637150878327,-8.848569587942505,20.497801920840764,0.0,5996.971658268437,4494.887083407385,0.05084756590664901,11890.0,11897.333333333332,109.33333333333333,42.283833480376494,3.7305776832697846,53.98558883635373,87.74083067724564,77.19684801781256,88.80186556587927,20.485245997095024,-0.4203033008416029,2854.0
fibra5,SCAVO MANUALE,campione_1785936577939.wav,1.5,-28.129237802784793,-4.22134263529144,23.907895167493354,0.0,5996.922891912602,4416.9292065780655,0.09110601549813375,11877.333333333332,11891.333333333332,114.0,35.868537214251944,7.171902781514727,56.95956000423332,85.35955851789052,78.36876579955637,87.36808811934972,47.84822269869082,-0.5803131793911969,2571.3333333333335
fibra5,SCAVO MANUALE,campione_1785936590330.wav,1.5,-24.9366438439149,-0.12010915813827117,24.81653468577663,0.0,5998.224548085173,4952.02729576493,0.021623168736642703,11886.0,11899.333333333332,106.0,47.07239731487274,1.554190771684428,51.37341191344285,92.73903715538725,77.92641724732741,93.11875808723505,106.77664269635027,2.494831698810254,3015.3333333333335
fibra5,SCAVO MANUALE,campione_1785936592702.wav,1.5,-28.022776637377035,-3.3323912388769616,24.690385398500073,0.0,5995.925588319496,4118.45281567308,0.20280369135535783,11606.0,11888.0,112.0,16.3604593917787,16.49103442556879,67.14850618265248,77.38148681676368,77.41601085734301,83.51389543036422,82.56204427118735,-0.5393616611187693,3354.6666666666665
fibra5,SCAVO MANUALE,campione_1785936595230.wav,1.5,-33.96954512670102,-12.655093414274425,21.314451712426596,0.0,5995.821038762762,4193.330148221774,0.15233688606263796,11880.666666666666,11890.0,118.0,25.483309268627195,12.148782903920566,62.367907827452235,80.06887858040761,76.85164804514015,83.9559320873113,40.67007023513269,0.2995180881732142,3346.0
fibra5,SCAVO MANUALE,campione_1785936596927.wav,1.5,-33.72336815675097,-4.916872067105962,28.80649608964501,0.0,5995.29808153378,3994.816821285939,0.2418270446976871,10983.333333333332,11688.666666666666,108.66666666666666,7.552067025658795,20.637209846497477,71.81072312784372,72.98854884947302,77.35440029468111,82.76978349272974,249.1691494311421,-7.015060023768369,4109.333333333333
fibra5,SCAVO MANUALE,campione_1785936639418.wav,1.5,-30.476399091532386,-6.57608646875524,23.900312622777147,0.0,5995.142658887632,4027.3412349153477,0.24363894209374284,11128.666666666666,11731.333333333332,107.33333333333333,8.818525279292666,20.466680646002967,70.71479407470436,73.33116544369062,76.98767993225958,82.37230861191613,90.18834742153237,-2.871707907189604,3858.6666666666665
fibra5,SCAVO MANUALE,campione_1785936641619.wav,1.5,-34.79323301720862,-11.28710753050668,23.50612548670194,0.0,5994.92792781884,3957.861457007156,0.25425770392396224,10976.0,11781.333333333332,46.0,8.626845200724258,17.699460929287092,73.67369386998864,72.4012325846443,75.52231292594398,81.71583698460338,77.82171167486152,2.708019904855163,4039.3333333333335
fibra5,SCAVO MANUALE,campione_1785936643646.wav,1.5,-34.13269371750576,-10.599571003972429,23.53312271353333,0.0,5995.392846085511,3991.7106585999177,0.23905133816747404,10990.0,11749.333333333332,3.333333333333333,8.150661358335071,19.452053092487,72.39728554917794,73.30397242138048,77.08169838847833,82.78926675728621,84.40808429444769,-0.3520162445589516,4015.3333333333335
fibra5,SCAVO MANUALE,campione_1785936646190.wav,1.5,-35.46141322969049,-11.88047184478249,23.580941384908,0.0,5995.404622578725,3978.9060466886945,0.251532505984075,10974.666666666666,11796.666666666666,114.0,8.309788756586475,19.37153963465598,72.31867160875755,72.78581897200235,76.46156052963102,82.18242353658134,76.75178979302432,-2.4567821376391206,4036.6666666666665
fibra5,SCAVO MANUALE,campione_1785936648556.wav,1.5,-32.976626821406626,-8.654727072241581,24.321899749165045,0.0,5995.145908299456,3996.729689566228,0.22802166686593867,11164.0,11882.666666666666,108.66666666666666,11.223231135328986,17.08860808183498,71.68816078283604,74.0116160832524,75.83750390874518,82.0649113965209,97.78551142310737,2.220733126403568,3960.6666666666665
fibra5,SCAVO MANUALE,campione_1785936651440.wav,1.5,-32.51954830231378,-9.554096087709807,22.96545221460397,0.0,5995.771655144759,4084.8940006043117,0.18575444476036612,11843.333333333332,11874.0,156.66666666666666,21.111052413109373,12.468801523363178,66.42014606352745,77.77425210321925,75.48740038290828,82.75215152649999,64.49297415321485,0.31474760365764287,3615.3333333333335
fibra5,SCAVO MANUALE,campione_1785936719861.wav,1.5,-31.06933005775236,-10.289910702665757,20.779419355086603,0.0,5998.354236033402,4642.429897818444,0.0251933341984737,11885.333333333332,11889.333333333332,114.0,45.85800246564903,2.0508836291704653,52.091113905180514,94.6148463720089,81.12010522298209,95.16833148273366,25.643483702231254,0.23053019106705785,3157.3333333333335
fibra5,SCAVO MANUALE,campione_1785936726466.wav,1.5,-35.73494192428802,-13.583782600528888,22.151159323759135,0.0,5996.389428136211,4081.137853545419,0.197803941988296,11534.666666666666,11892.666666666666,106.66666666666666,15.45781635277574,16.970602292174153,67.5715813550501,78.3145926893214,78.72008381436169,84.72075208285064,23.333506582528315,0.17431635620710825,3294.0
fibra5,SCAVO MANUALE,campione_1785936727975.wav,1.5,-32.45582646290737,-13.964304047330362,18.491522415577005,0.0,5997.9849741103035,4835.9675460583485,0.02203623281178037,11886.0,11899.333333333332,101.33333333333333,46.86737699263554,1.6443629686361505,51.488260038728335,92.92067878671956,78.37194918278554,93.32905446259406,10.129970080187686,-0.016358584444743477,2431.3333333333335
fibra5,SCAVO MANUALE,campione_1785936729998.wav,1.5,-32.18653894259687,-9.793053846168018,22.39348509642885,0.0,5997.253638579105,4497.275892979253,0.058120041628598795,11888.666666666666,11894.0,112.66666666666666,41.03941324160135,4.586030969848471,54.374555788550175,87.62258480979229,78.10494321359363,88.84453060149059,30.24178416647225,-0.11997203489174688,2731.3333333333335
fibra5,SCAVO MANUALE,campione_1785936735605.wav,1.5,-33.369695652243294,-11.759538245653857,21.610157406589437,0.0,5996.676391703553,4271.383345008204,0.10678742743947069,11890.0,11892.666666666666,110.0,31.675913325232955,9.59821469300264,58.72587198176442,83.39581439440664,78.21042753515253,86.07681767555081,30.18619400180716,0.20897512604900928,3046.6666666666665
fibra5,SCAVO MANUALE,campione_1785936737320.wav,1.5,-23.038071694040653,-0.07774803576281544,22.960323658277837,0.0,5999.4593370982775,5171.874787772762,0.00940824398490464,11890.0,11894.666666666666,111.33333333333333,49.00504797713105,0.7316816129223449,50.26327040994659,103.01576028815525,84.75657351497799,103.12585952907162,62.954177403405566,-0.9294496402918125,2985.3333333333335
fibra5,SCAVO MANUALE,campione_1785936738809.wav,1.5,-26.502249271834803,-2.6726232548643525,23.82962601697045,0.0,5998.229510437913,4961.503603750217,0.007838867799465864,11890.0,11894.666666666666,110.0,48.84409900082724,0.6343247155405156,50.52157628363226,97.19520603702557,78.33020134251869,97.3418539304388,58.282908124876094,0.38007629936683957,3320.6666666666665
fibra5,SCAVO MANUALE,campione_1785936740678.wav,1.5,-23.955518804138606,-2.1340265644045533,21.821492239734052,0.0,5998.930314500069,5238.777363991334,0.00282059195181441,11889.333333333332,11894.666666666666,112.0,49.63121794881881,0.19520127772453807,50.173580773456656,102.23996376890611,78.18724100078472,102.28716540722576,36.53469551106898,0.94364673360135,2481.3333333333335
fibra5,SCAVO MANUALE,campione_1785936742552.wav,1.5,-35.762720616982946,-11.682893037421403,24.079827579561545,0.0,5995.484556411389,4051.2529105259046,0.2219928595278199,11519.333333333332,11888.666666666666,111.33333333333333,15.348810178917105,15.11089978182238,69.54029003926053,75.42400694554954,75.35616304685169,81.98562477126876,53.91910871900224,0.7364217511865148,3593.3333333333335
fibra5,SCAVO MANUALE,campione_1785936744064.wav,1.5,-30.80943632348305,-12.254802404188256,18.554633919294794,0.0,5998.374995102547,4865.4777078854195,0.012852597451978465,11889.333333333332,11896.0,118.0,48.346243640719756,0.7521412070263828,50.901615152253854,93.81917579920213,75.73854226292576,94.04286406674174,7.765991673344335,0.15852861824246217,1659.3333333333333
fibra5,SCAVO MANUALE,campione_1785936746629.wav,1.5,-28.911276656208944,-11.112912337805657,17.798364318403287,0.0,5996.928274057281,4438.039087760938,0.057280581277419654,11889.333333333332,11893.333333333332,110.66666666666666,41.26630549630506,4.244779900733472,54.48891460296148,86.42098356401917,76.54357943681563,87.6281092446738,14.034735461291248,0.08177413035357567,2516.0
fibra5,SCAVO MANUALE,campione_1785936748797.wav,1.5,-30.81033857045697,-8.861794595830858,21.948543974626112,0.0,5996.444140631557,4269.8097604517225,0.13199329357452036,11878.0,11892.666666666666,108.0,27.57638945139821,12.113322895959833,60.31028765264197,81.53296875977088,77.96022766194844,84.93150872012664,26.102546471612136,0.29656315299238606,2830.6666666666665
fibra5,SCAVO MANUALE,campione_1785936751192.wav,1.5,-37.266262300900266,-14.427606973832397,22.83865532706787,0.0,5995.599792516039,4059.843472452366,0.2370358162953553,11188.0,11754.666666666666,103.33333333333333,9.362253729128426,20.86451455745688,69.77323171341469,73.70432202487014,77.18460080284335,82.42740634424904,39.12616274393865,-0.23401411473034917,3772.6666666666665
fibra5,SWEEP,campione_1785924679384.wav,14.0,-48.174471127488815,-29.132888717100478,19.041582410388337,0.0,5993.125107897745,3970.161565492546,0.25497621918789865,11178.5,11821.785714285714,3.2857142857142856,11.381685696954307,15.622875631606526,72.99543867143917,80.64959658002596,82.02514045030338,88.72048792359367,3.2471806951446096,0.011117205248127095,4543.285714285715
fibra5,SWEEP,campione_1785924705801.wav,14.0,-47.89528984008921,-29.9599838355742,17.935306004515013,0.0,5993.490550280358,4003.124567115983,0.22225804941543634,11592.642857142857,11988.357142857141,11.5,16.288419317869547,13.673348973970498,70.03823170815994,82.83477617002544,82.07473574116064,89.16933848713443,3.134335784357317,0.04066670010199633,4312.0
fibra5,SWEEP,campione_1785924728162.wav,14.0,-48.37438625465174,-29.17090142279892,19.20348483185282,0.0,5992.9912341498475,3959.0751383966435,0.2606311919763723,11100.571428571428,11757.071428571428,49.0,10.02056202896737,16.53869636495899,73.44074160607363,80.09217978880338,82.26827172174588,88.74262951873791,3.2814659196121143,0.024974061958240663,4639.642857142857
fibra5,SWEEP,campione_1785924744580.wav,14.0,-47.31539313389723,-29.26281645392588,18.052576679971352,0.0,5993.761539511015,4044.7745385671883,0.19377998025551435,11860.714285714284,11988.285714285714,11.785714285714285,20.853361462129666,11.859283036810876,67.28735550105944,84.54348646770825,82.09231009799001,89.63106035806359,3.5047037242991204,-0.027127400686948997,4095.8571428571427
fibra5,SWEEP,campione_1785924765235.wav,14.0,-47.039494189834706,-29.520716055745382,17.518778134089324,0.0,5993.816429900855,4012.9583037542884,0.17040619067304644,11986.142857142857,11991.571428571428,12.071428571428571,23.714819603929193,10.508274752198615,65.77690564387218,85.3523845517573,81.8175004925015,89.78292068831492,3.5783035566166665,0.017479338658012697,3957.0
fibra5,SWEEP,campione_1785924801307.wav,14.0,-45.62485894286623,-26.787173328334582,18.83768561453165,0.0,5994.907398011992,4114.084938478771,0.1282079844339767,11988.785714285714,11995.714285714284,12.571428571428571,30.643008308268417,8.121708365741515,61.235283325990046,88.31429685854941,82.54745677709751,91.32100018514973,3.7839892676488267,0.03750171680722563,3472.5714285714284
fibra5,SWEEP,campione_1785924818068.wav,14.0,-47.30937144857424,-30.546741601310128,16.76262984726411,0.0,5993.960569189309,4038.441921830606,0.18988294824482488,11953.714285714284,11989.785714285714,12.714285714285714,21.198350820054923,11.620835990404547,67.18081318954054,84.9104632672595,82.29981623388156,89.91989507984556,3.372720794264442,0.05248920823277269,4153.357142857143
fibra5,SWEEP,campione_1785924846688.wav,14.0,-46.539232213352705,-28.124179106108965,18.41505310724374,0.0,5993.497362296829,4007.1612893559904,0.21045456222493172,11714.142857142857,11988.92857142857,12.642857142857142,18.07244810385692,12.695819555597337,69.23173234054572,83.45463706687903,81.92107461577339,89.28751919185697,4.929713200249745,0.020077194672689976,3946.4285714285716
fibra5,SWEEP,campione_1785924862941.wav,14.0,-46.606790146559725,-27.990134942481227,18.616655204078498,0.0,5993.893210092579,3968.277198088341,0.2318825483585536,11429.785714285714,11987.642857142857,11.928571428571427,14.233561824035622,14.177244634478466,71.58919354148591,82.81376946250596,82.79655187543653,89.82910824260414,4.235013295070655,-0.20724510023836784,4144.714285714285
fibra5,SWEEP,campione_1785924880730.wav,14.0,-46.9205031082997,-28.790763230563808,18.12973987773589,0.0,5994.152370989088,4031.751559625301,0.18301610447071945,11978.5,11989.214285714284,11.642857142857142,22.05958431687777,11.31439684665742,66.6260188364648,85.38011482434464,82.48045565274516,90.18058021207582,3.6591673014697683,0.07037503969945139,4004.785714285714
fibra5,SWEEP,campione_1785924897323.wav,14.0,-47.14882090888948,-30.018587648775508,17.130233260113975,0.0,5993.915052140828,4027.927055406104,0.20064589301668737,11801.214285714284,11989.642857142857,11.357142857142856,19.39510912958782,12.501499994639818,68.10339087577236,84.42264252593728,82.51534150058562,89.87740761049572,3.3065406657755023,0.04081278273726691,4140.0
fibra5,SWEEP,campione_1785924914249.wav,14.0,-45.64682934323301,-27.49255489120972,18.154274452023287,0.0,5994.393745351681,4069.9197503428436,0.14723142541073525,11988.0,11993.214285714284,11.928571428571427,27.814200199712026,8.919152788055912,63.26664701223205,87.07116092675852,82.13173120000872,90.64024334857108,3.5364839389128715,-0.0819454522533296,3368.0714285714284
fibra5,SWEEP,campione_1785924931182.wav,14.0,-45.129423407688016,-28.35691189437449,16.772511513313525,0.0,5994.912316459456,4119.909533036328,0.12177080384266188,11988.0,11990.42857142857,11.357142857142856,31.951013175739583,7.259186559223023,60.78980026503739,88.58287411189976,82.14690734678265,91.37633493315624,3.7497074263105388,-0.09214363293869889,3299.1428571428573
fibra5,SWEEP,campione_1785924950317.wav,14.0,-47.072521451034035,-30.196809511022092,16.875711940011943,0.0,5993.981901297437,4061.8165436522936,0.1909362842092802,11884.357142857141,11988.285714285714,11.642857142857142,21.167031361447545,11.826041070391298,67.00692756816116,84.99384416662231,82.46563846318955,89.99844168327884,3.300645255850621,0.018602529325563503,4076.4285714285716
fibra5,SWEEP,campione_1785924966743.wav,14.0,-48.492344077009804,-30.11148574673099,18.380858330278812,0.0,5993.039066979568,3965.936675446218,0.25978836991375365,11150.357142857143,11786.357142857141,49.0,10.887642213811311,15.72950676972173,73.38285101646693,80.34437836796633,81.9421910067314,88.63098576649102,3.474498557023731,0.02083804182104073,4636.928571428572
fibra5orizzontale,ELETTROMAGNETE,campione_1785941521571.wav,1.5,-17.75417893167831,8.685890352395823e-09,17.754178940364202,0.002777777777777778,5999.948485947777,3848.0911460034977,0.3254132428240116,11790.666666666666,11814.666666666666,190.66666666666666,26.123290916191273,7.591526309950952,66.28518277385777,104.92891235166447,99.56192449795472,108.9727980643141,18.506151856119267,0.028977940081551044,2168.0
fibra5orizzontale,ELETTROMAGNETE,campione_1785941523247.wav,1.5,-17.782251153200395,-0.022294653950651503,17.759956499249743,0.0,5999.906377495078,3856.9066346610416,0.31075487397182777,11787.333333333332,11809.333333333332,200.0,25.73723592805118,8.394136765051378,65.86862730689744,104.86551381387366,99.99965518594335,108.94668090632001,18.682586499269522,0.20212570891647405,2150.6666666666665
fibra5orizzontale,ELETTROMAGNETE,campione_1785941524755.wav,1.5,-18.09719322002607,-0.018309264882356173,18.078883955143716,0.0,5999.883572400878,3793.8902904347337,0.35718554219372667,11782.0,11809.333333333332,200.0,23.19036318906979,8.095200216919839,68.71443659401037,104.10085222784929,99.5300526705627,108.81825662480794,20.40427019458568,0.1299980277508325,2246.0
fibra5orizzontale,ELETTROMAGNETE,campione_1785941526306.wav,1.5,-18.167562037033395,-0.011140169481317345,18.156421867552076,0.0,5999.945163544126,3754.4888028780556,0.36520336779050944,11745.333333333332,11802.666666666666,208.66666666666666,20.80646927795273,9.939413461622637,69.25411726042462,103.46710033770574,100.25872401088282,108.689572422038,20.817890743625934,0.1566309676819192,2275.3333333333335
fibra5orizzontale,ELETTROMAGNETE,campione_1785941527813.wav,1.5,-18.173911145164404,-0.012201884386607936,18.161709260777794,0.0,5999.93215533211,3783.5702470146466,0.3639292532309317,11754.666666666666,11803.333333333332,200.0,21.185702862006153,9.199650933768467,69.61464620422538,103.42674470514538,99.80402942719329,108.59332213987199,21.50142905898162,-0.05494899647493114,2327.3333333333335
fibra5orizzontale,ELETTROMAGNETE,campione_1785941529347.wav,1.5,-18.35627051553835,-0.025484282346622998,18.330786233191727,0.0,5999.885296764565,3785.3915494168446,0.33658929052652864,11755.333333333332,11809.333333333332,200.0,23.142875724978058,8.025274603857575,68.83184967116436,103.91452504468658,99.3149508298162,108.64824621440631,21.549024654096545,0.37908192877540736,2430.0
fibra5orizzontale,ELETTROMAGNETE,campione_1785941530897.wav,1.5,-17.93557317516948,-0.005833540754812216,17.92973963441467,0.0,5999.881766764808,3742.766751864668,0.3461585740317578,11781.333333333332,11809.333333333332,200.0,23.273914726382912,7.478383237386662,69.24770203623042,104.23155641767336,99.30093920251014,108.96691569044589,19.132127498606767,0.033517581288581885,2216.0
fibra5orizzontale,ELETTROMAGNETE,campione_1785941532414.wav,1.5,-18.539288307994937,-0.051043564044356976,18.48824474395058,0.0,5999.941057114701,3838.0461064718006,0.37300320866741804,11769.333333333332,11809.333333333332,200.0,22.95208024904499,7.9598777996970425,69.08804195125798,103.56065511098538,98.9614985788806,108.34646341766333,22.557930623653483,-0.2664413002941838,2487.3333333333335
fibra5orizzontale,ELETTROMAGNETE,campione_1785941533907.wav,1.5,-18.095333640472916,-0.0010603452956971045,18.094273295177217,0.002777777777777778,5999.934481176039,3838.670346955491,0.3356784194425209,11759.333333333332,11807.333333333332,200.0,23.239083428620102,8.924742394620772,67.83617417675913,104.06425068072919,99.90801762411667,108.71667419608545,21.116061912436084,0.09428754154906682,2258.0
fibra5orizzontale,ELETTROMAGNETE,campione_1785941535432.wav,1.5,-18.35606286113141,-0.023091951247564704,18.332970909883844,0.0,5999.908414242271,3832.8162537515864,0.33548378282072505,11774.0,11809.333333333332,208.66666666666666,22.96819019866174,8.718732552359134,68.31307724897911,103.87740190237491,99.67066770217691,108.61117263478721,21.830816375273802,0.18548286189999844,2275.3333333333335
fibra5orizzontale,ELETTROMAGNETE,campione_1785941536985.wav,1.5,-17.82388428438455,-0.0013254540182100307,17.82255883036634,0.002777777777777778,5999.889304221715,3794.773195279233,0.3461086900014531,11782.0,11807.333333333332,200.0,24.141105173710756,7.895131597065798,67.96376322922345,104.33684752885668,99.48286978058053,108.83205023008992,19.30165668052984,-0.17812307250705628,2180.6666666666665
fibra5orizzontale,ELETTROMAGNETE,campione_1785941538651.wav,1.5,-26.303358500414305,-0.005037826000820461,26.298320674413485,0.0,5996.563014895182,3987.7228217368142,0.3775090539765375,11567.333333333332,11807.333333333332,48.666666666666664,15.635762509358239,15.193566507355587,69.17067098328617,76.65733586449616,76.53274252357961,83.11536509641664,145.37684211094526,0.25561929611320994,4154.0
fibra5orizzontale,ELETTROMAGNETE,campione_1785941543590.wav,1.5,-20.154862011559654,-0.000795244664524571,20.15406676689513,0.002777777777777778,5999.851441507027,3860.371341371145,0.28491759397368005,11794.666666666666,11809.333333333332,200.0,28.60179850469487,5.499293915664241,65.89890757964089,103.7117557016796,96.55089159021614,107.33660442645522,33.64931575771948,-0.47992405097340496,3241.3333333333335
fibra5orizzontale,ELETTROMAGNETE,campione_1785941545442.wav,1.5,-18.188684447181856,-0.005037826000820461,18.183646621181037,0.0,5999.949397648555,3750.530282987691,0.35066433466415603,11759.333333333332,11806.666666666666,200.0,22.47091532753477,7.628613728289909,69.90047094417532,103.75000270786683,99.05825132638682,108.67859609259524,19.695541358483187,-0.17515259276088918,2249.3333333333335
fibra5orizzontale,ELETTROMAGNETE,campione_1785941546977.wav,1.5,-18.110944269286914,-0.0068946071657790394,18.104049662121135,0.0,5999.913667806178,3803.132044033107,0.3328927355892196,11768.666666666666,11806.666666666666,200.0,23.45764859911183,8.078374495767136,68.46397690512103,104.30393810134467,99.67433316209339,108.95571456606493,20.84034771297464,-0.18864381426853058,2220.0
fibra5orizzontale,ELETTROMAGNETE,campione_1785941548478.wav,1.5,-29.247491285667824,-0.060647718430809565,29.186843567237013,0.0,5994.652362415565,3956.5645458582912,0.25419919003856734,10990.666666666666,11796.0,156.66666666666666,8.903194876392154,17.64266447146294,73.45414065214491,71.48182527811076,74.45200823113433,80.64652930580107,291.9040690896802,-0.3814553389307777,4376.0
fibra5orizzontale,ELETTROMAGNETE,campione_1785941551861.wav,1.5,-20.166108359507028,-0.005037826000820461,20.16107053350621,0.0,5999.91032811771,3772.903450522389,0.37035521565575646,11753.333333333332,11808.666666666666,208.66666666666666,21.382060117026853,8.564786728103579,70.05315315486956,102.48102190630223,98.50769197433459,107.63480332414895,35.947883156580446,-0.09008146602443637,2961.3333333333335
fibra5orizzontale,ELETTROMAGNETE,campione_1785941556421.wav,1.5,-22.487904647706003,-0.0013254540182100307,22.486579193687792,0.002777777777777778,5999.515302640167,3965.451131239477,0.3141687094206669,11787.333333333332,11812.0,198.66666666666666,25.06787424916274,8.507080704355161,66.42504504648211,91.6497419226269,86.9563723768803,95.88188542431672,64.00481712146329,-0.11438242964668259,3553.3333333333335
fibra5orizzontale,RUMORE_AMBIENTALE,campione_1785940867582.wav,1.5,-45.39950497291878,-22.056428178245284,23.343076794673493,0.0,5994.912251000035,3966.7590620598135,0.25459112908093795,10940.666666666666,11651.333333333332,46.0,6.8906553684332845,20.26144340963993,72.84790122192678,71.67498826191053,76.35908677615316,81.91655340767356,8.39053265124826,0.11367387320296789,4570.666666666667
fibra5orizzontale,RUMORE_AMBIENTALE,campione_1785940869131.wav,1.5,-46.067620456778286,-21.557157950201574,24.51046250657671,0.0,5995.006512220541,3948.063679856945,0.2535779977842601,10922.666666666666,11704.666666666666,46.666666666666664,7.172852504061354,19.412449501590235,73.41469799434843,71.57153099103095,75.89541537597783,81.67244215183655,7.414124702599029,0.18362390660494204,4628.666666666667
fibra5orizzontale,RUMORE_AMBIENTALE,campione_1785940870629.wav,1.5,-42.41160841336868,-19.26293643263495,23.14867198073373,0.0,5996.054800754526,4017.9636738256772,0.2371139087096805,11096.666666666666,11680.0,330.0,8.347548166914018,20.86373899110303,70.78871284198296,73.52061950910384,77.49895158204892,82.80467032798413,29.53273055718484,0.5119873846249409,4397.333333333333
fibra5orizzontale,RUMORE_AMBIENTALE,campione_1785940872210.wav,1.5,-44.17011436291298,-19.922941628394064,24.24717273451892,0.0,5995.51415106201,4059.4960090021455,0.23393873108417573,11184.0,11695.333333333332,152.0,9.239410998437148,20.84991870962228,69.91067029194058,74.10754748980627,77.64214828710377,82.89653928732123,8.827241698068345,0.24582535512706127,4330.0
fibra5orizzontale,RUMORE_AMBIENTALE,campione_1785940873711.wav,1.5,-45.36135633914399,-18.71561275318044,26.645743585963547,0.0,5994.983240444154,3990.702598427604,0.2545465374366842,11052.0,11697.333333333332,535.3333333333333,8.262029499166259,19.132112495572184,72.60585800526155,72.30767451835538,75.95443636395939,81.74652372542613,23.317659814018107,0.7172713113309025,4654.0
fibra5orizzontale,RUMORE_AMBIENTALE,campione_1785940875195.wav,1.5,-45.34045349290027,-21.18471549248256,24.155738000417706,0.0,5994.907271260585,3995.416790833017,0.24421607682575333,11055.333333333332,11836.666666666666,87.33333333333333,9.398136231821697,18.449873351275365,72.15199041690295,73.0784684643345,76.00798499633628,81.93053426568173,8.548826913690585,0.2906000222057327,4516.0
fibra5orizzontale,RUMORE_AMBIENTALE,campione_1785940876722.wav,1.5,-44.66174638223043,-16.907794288889598,27.753952093340835,0.0,5995.1883586501535,3962.7113028525214,0.2544986519683357,10957.333333333332,11649.333333333332,28.0,7.120360923191458,19.953376400701885,72.92626267610666,71.61533058014436,76.09047445081168,81.71915007331336,29.177198561298447,0.5921434406993941,4478.0
fibra5orizzontale,RUMORE_AMBIENTALE,campione_1785940878104.wav,1.5,-45.08520669708119,-19.477413738475605,25.607792958605586,0.0,5994.938194490797,3951.413254120875,0.25280907740472475,10967.333333333332,11659.333333333332,110.66666666666666,7.211918624219703,19.261237338915628,73.52684403686467,71.74666563546556,76.0129992853134,81.83061671160671,12.488228505384491,0.15732029204706188,4532.0
fibra5orizzontale,RUMORE_AMBIENTALE,campione_1785940879620.wav,1.5,-44.846923417222655,-28.60318690072352,16.243736516499133,0.0,5995.325173786588,3958.592345006796,0.24757098408656614,10910.666666666666,11605.333333333332,1296.0,6.299041140401725,20.989945417841007,72.71101344175726,72.08119420187074,77.30856284603098,82.70445173213201,3.6884133730203432,0.007610858832555772,4455.333333333333
fibra5orizzontale,RUMORE_AMBIENTALE,campione_1785940881126.wav,1.5,-45.030133868289184,-23.08199808829384,21.948135779995344,0.0,5995.266716897821,3952.535638007369,0.25308733744936057,10932.0,11645.333333333332,1194.6666666666665,6.783170068876615,20.044208217506622,73.17262171361675,71.65518224405434,76.36074424000984,81.98434134212391,4.747301770870152,-0.028465529072291128,4504.666666666667
fibra5orizzontale,RUMORE_AMBIENTALE,campione_1785940882657.wav,1.5,-45.79592373057601,-19.086970948021143,26.708952782554864,0.0,5994.72772492463,3973.738899773124,0.25825395558444175,10986.666666666666,11718.666666666666,12.0,8.09935828247274,19.430936482310017,72.46970523521725,72.022293466686,75.82272467979496,81.53935230730139,10.86904764240556,0.26959439842897776,4530.0
fibra5orizzontale,RUMORE_AMBIENTALE,campione_1785940884171.wav,1.5,-45.61398731612396,-22.518589266190453,23.095398049933507,0.0,5995.3871719965155,3988.9161522047207,0.23805361323340973,10978.0,11676.0,153.33333333333331,7.372033670133651,21.042012024976106,71.58595430489024,72.42408173705138,76.97908128063055,82.29648682477874,5.685301871933653,0.13129472732229056,4467.333333333333
fibra5orizzontale,RUMORE_AMBIENTALE,campione_1785940885717.wav,1.5,-43.86808798071194,-20.891972112419307,22.976115868292634,0.0,5996.249805874355,4006.3359126059086,0.23271850006584255,10964.0,11566.0,770.0,6.115291478198278,22.97589510981369,70.90881341198802,73.29422431180734,79.04277709091465,83.93705487129733,7.713786842466224,0.2978317378126027,4444.666666666667
fibra5orizzontale,RUMORE_AMBIENTALE,campione_1785940887267.wav,1.5,-45.297238852002685,-22.665054373595,22.632184478407684,0.0,5995.076404013002,3934.469362037988,0.25456072726477463,10850.0,11592.666666666666,15.333333333333332,6.154705573385481,19.79367460724712,74.0516198193674,71.21591738822147,76.28910883203899,82.01919019484856,8.33024622261565,0.2329881621247782,4560.666666666667
fibra5orizzontale,RUMORE_AMBIENTALE,campione_1785940888801.wav,1.5,-46.049022284923815,-22.500895453752598,23.548126831171217,0.0,5994.587881585368,3932.4281946031333,0.25727682064404345,10884.0,11617.333333333332,40.0,6.438178095035651,19.795847317308493,73.76597458765586,70.80785398457259,75.68596507839763,81.398784969791,6.25774391623143,-0.04040766009898501,4573.333333333333
fibra5orizzontale,RUMORE_AMBIENTALE,campione_1785940890176.wav,1.5,-45.89342526942218,-29.426046024511297,16.467379244910884,0.0,5994.66035707185,3941.908251965478,0.2524828363674089,10929.333333333332,11609.333333333332,1452.0,6.571534855794521,19.68022637527395,73.74823876893153,71.03474472578812,75.79837746489129,81.53559309912958,3.891243072282494,0.011393918925651956,4631.333333333333
fibra5orizzontale,RUMORE_AMBIENTALE,campione_1785940891691.wav,1.5,-45.11409115539023,-23.464493982547342,21.649597172842885,0.0,5994.938583869348,3966.7205683960765,0.2519938795894742,10930.0,11653.333333333332,110.66666666666666,6.982106276526653,20.058614593863457,72.9592791296099,71.84545881896487,76.42860360772131,82.03639961171687,5.762699759916925,0.00909830659291967,4482.666666666667
fibra5orizzontale,RUMORE_AMBIENTALE,campione_1785940893147.wav,1.5,-45.66492822135053,-27.77987621783837,17.885052003512158,0.0,5994.555003736916,3918.099268626772,0.258684062915445,10828.666666666666,11626.0,4.666666666666666,6.443011199688524,19.30026205692538,74.2567267433861,70.84780702162381,75.61255021747156,81.46427617388363,3.623978663926853,-0.06551941844456073,4568.0
fibra5orizzontale,RUMORE_AMBIENTALE,campione_1785940894673.wav,1.5,-45.41503764281782,-20.891972112419307,24.523065530398515,0.0,5995.0408351222495,3959.5675868218564,0.2540056793941843,10969.333333333332,11724.666666666666,152.0,7.88302102476077,18.96035090564083,73.1566280695984,71.88114488910132,75.69268174752955,81.55675483834861,11.346030958318403,0.27224039744442935,4546.0
fibra5orizzontale,RUMORE_AMBIENTALE,campione_1785940896205.wav,1.5,-44.94278840142135,-20.792670343409444,24.15011805801191,0.0,5995.184679640359,3954.941986169671,0.25089949367293907,10916.666666666666,11606.0,648.6666666666666,6.403754357579456,20.170417176952288,73.42582846546826,71.49434770422877,76.47714986663657,82.08848961390916,9.829796832851212,0.33544659744093186,4596.666666666667
fibra5orizzontale,RUMORE_AMBIENTALE,campione_1785940897716.wav,1.5,-45.84760475939515,-23.093344777711664,22.75425998168349,0.0,5995.28780110072,3945.6097265756844,0.25576584321139273,10888.0,11673.333333333332,4.666666666666666,7.077193794356943,19.111254634396765,73.8115515712463,71.23762440292273,75.5519055124664,81.4202568686712,7.452132088297063,0.14931592660368986,4624.666666666667
fibra5orizzontale,RUMORE_AMBIENTALE,campione_1785940899243.wav,1.5,-45.50736713276056,-29.762006276451128,15.745360856309428,0.0,5995.09401873688,3916.567809503048,0.2569276166543799,10842.0,11620.666666666666,12.666666666666666,6.215845251829785,19.397735492624616,74.3864192555456,70.64856361505309,75.59107200666848,81.4284982121415,3.6253796842466564,-0.07224399648968674,4594.0
fibra5orizzontale,RUMORE_AMBIENTALE,campione_1785940900764.wav,1.5,-45.788973610060175,-19.970362435271078,25.818611174789098,0.0,5995.17291695529,3926.6990845910377,0.2567773305399201,10834.666666666666,11587.333333333332,1372.6666666666665,5.963716731677943,20.389089190309722,73.64719407801235,70.61253901107408,75.95134719883261,81.52893099312652,12.37562600686338,-0.2452529612320807,4565.333333333333
fibra5orizzontale,RUMORE_AMBIENTALE,campione_1785940902146.wav,1.5,-45.27106738806339,-29.745710043957793,15.5253573441056,0.0,5995.1471597217,3938.9454882489836,0.25171890355885773,10849.333333333332,11546.0,1071.3333333333333,5.774309029496413,21.21667787580518,73.0090130946984,71.09161257788577,76.74338617763256,82.11037712917195,3.5364388672199585,-0.019784366172665217,4552.0
fibra5orizzontale,RUMORE_AMBIENTALE,campione_1785940903647.wav,1.5,-45.18972273530747,-25.578253304328122,19.611469430979348,0.0,5995.66009151348,3943.558353319959,0.2536553452162369,10936.0,11627.333333333332,781.3333333333333,6.668061239130068,19.650070189298226,73.68186857157171,72.0267791034711,76.72042436632208,82.46038961667617,3.98037596456268,-0.006655270727168448,4584.0
fibra5orizzontale,RUMORE_AMBIENTALE,campione_1785940905172.wav,1.5,-44.953873952210344,-23.91854958150807,21.035324370702273,0.0,5995.158929667924,3961.516876337038,0.25311420623173586,11005.333333333332,11655.333333333332,412.0,7.824571425872198,18.891404434818746,73.28402413930905,72.39819929648482,76.22623616000881,82.11368679425355,9.383065928546,0.2389891189478879,4648.0
fibra5orizzontale,RUMORE_AMBIENTALE,campione_1785940906699.wav,1.5,-44.0929791475014,-19.941352302013087,24.151626845488316,0.0,5995.903722856857,3992.97602273269,0.24774205506315317,11066.0,11696.666666666666,446.66666666666663,8.446893190570664,19.157699827806056,72.3954069816233,73.890061599482,77.44652521544062,83.22020171212573,13.70484642508287,0.5575133997822609,4726.0
fibra5orizzontale,RUMORE_AMBIENTALE,campione_1785940908218.wav,1.5,-44.13470920232392,-20.813022227799955,23.321686974523963,0.0,5995.594138444169,4015.317215166797,0.24647582064490542,11076.0,11682.0,565.3333333333333,8.100830243966582,21.03150747694689,70.86766227908653,73.32963469512069,77.4730434081404,82.74882044922231,11.667186173052912,0.3302396059937429,4550.666666666667
fibra5orizzontale,RUMORE_AMBIENTALE,campione_1785940909750.wav,1.5,-44.16448666077086,-24.539542540714287,19.624944120056576,0.0,5996.215183812677,4013.90244602671,0.2399139392203668,11180.0,11729.333333333332,372.66666666666663,9.497557985107386,18.564781797811932,71.9376602170807,74.2690159536441,77.17979490734702,83.06245949867368,9.798341336858224,0.18189230030904927,4674.666666666667
fibra5orizzontale,RUMORE_AMBIENTALE,campione_1785940911289.wav,1.5,-44.70211041884284,-24.15480009096074,20.5473103278821,0.0,5995.420377522089,3994.5307794041687,0.2457469436717325,11082.666666666666,11695.333333333332,448.0,8.17966712499159,20.515955917206522,71.3043769578019,72.93023918773588,76.92380045762823,82.33404478003074,10.24148490688268,0.2171706281101041,4654.666666666667
fibra5orizzontale,RUMORE_AMBIENTALE,campione_1785940912790.wav,1.5,-45.7982067904359,-24.065451431695458,21.73275535874044,0.0,5995.143599800085,3985.968507435946,0.25648709618936977,11074.0,11711.333333333332,4.666666666666666,8.292588898363668,19.435391285647686,72.27201981598864,71.55310624864684,75.25213777464322,80.95590681211414,12.089847269314172,0.22962928613319544,4614.0
fibra5orizzontale,RUMORE_AMBIENTALE,campione_1785940914166.wav,1.5,-44.621216183195855,-24.867522797072713,19.753693386123143,0.0,5996.079025434401,4029.271780773355,0.24018295434979867,11157.333333333332,11708.666666666666,990.6666666666666,8.981013185422672,20.24377575272501,70.77521106185232,73.7249247458376,77.25458658421039,82.6904831375481,11.80750770667476,0.23150776184079502,4693.333333333333
fibra5orizzontale,RUMORE_AMBIENTALE,campione_1785940915670.wav,1.5,-44.55728381134176,-24.974959207497864,19.582324603843897,0.0,5995.42445501566,4023.2091575799495,0.24068032611399295,11136.666666666666,11733.333333333332,353.3333333333333,8.986468270037697,19.589824430462603,71.4237072994997,73.49205276794211,76.87646775320934,82.49458620391444,12.561841712900486,0.15595822404779608,4596.666666666667
fibra5orizzontale,RUMORE_AMBIENTALE,campione_1785940917212.wav,1.5,-45.19343582257956,-24.77976246513729,20.41367335744227,0.0,5995.253972743293,3990.177236240289,0.25001942826173407,11042.0,11694.0,560.0,8.36934016199058,19.21164115156306,72.41901868644636,72.6033096723219,76.21204213613677,81.97492383241963,10.28727027629953,0.24561739162498214,4677.333333333333
fibra5orizzontale,RUMORE_AMBIENTALE,campione_1785940918716.wav,1.5,-46.07525186170786,-28.674853061440224,17.400398800267638,0.0,5994.958297790509,3944.846045692977,0.2564129347053012,10909.333333333332,11680.0,181.33333333333331,7.7301750341788775,18.70414483234657,73.56568013347456,72.25743718164473,76.09492247130488,82.04229644903853,4.2132097451583395,-0.049089833676746505,4554.0
fibra5orizzontale,RUMORE_AMBIENTALE,campione_1785940920241.wav,1.5,-46.01323641832862,-26.2320292462714,19.78120717205722,0.0,5994.7028232594,3886.2352383407347,0.2592313597403269,10756.666666666666,11590.666666666666,17.333333333333332,5.91802724779306,17.88920073838586,76.19277201382107,70.47228976136998,75.27642953128333,81.56965789910348,4.355691255679456,-0.07099040504113115,4725.333333333333
fibra5orizzontale,RUMORE_AMBIENTALE,campione_1785940921775.wav,1.5,-45.59183129966348,-27.411290129569544,18.18054117009394,0.0,5994.8506353791945,3916.639832583284,0.25645853516938494,10840.666666666666,11613.333333333332,110.0,6.45328147382804,19.479520652481863,74.0671978736901,71.08986704934131,75.88784362377186,81.68832011360061,4.16391256946789,0.009134931180982684,4633.333333333333
fibra5orizzontale,RUMORE_AMBIENTALE,campione_1785940923317.wav,1.5,-46.12552950650933,-25.57321654601185,20.55231296049748,0.0,5994.117159327114,3916.521807101888,0.26616609271997194,10918.0,11667.333333333332,12.666666666666666,7.1514913967515685,17.87477805963176,74.97373054361668,70.504575535759,74.48301591189514,80.7097005406912,4.988438705677256,0.060052868385114797,4668.666666666667
fibra5orizzontale,RUMORE_AMBIENTALE,campione_1785940924820.wav,1.5,-45.921994657570366,-25.256791728752862,20.665202928817504,0.0,5995.150746973732,3923.9438532863114,0.2573209706975514,10844.666666666666,11620.666666666666,4.666666666666666,6.4417174194800095,19.751293382879478,73.80698919764053,70.83379819649075,75.69973690054016,81.42475639608278,4.7459497164644375,0.021506784859236572,4609.333333333333
fibra5orizzontale,RUMORE_AMBIENTALE,campione_1785940926171.wav,1.5,-46.04955751414177,-24.214880593828873,21.834676920312894,0.0,5994.398497226825,3933.794703797458,0.2608390724193137,10912.666666666666,11690.0,47.33333333333333,7.313977811157357,18.903155431979435,73.78286675686319,70.87898792336576,75.00279459231001,80.91700679157998,4.735251945695594,0.003002325362130801,4685.333333333333
fibra5orizzontale,RUMORE_AMBIENTALE,campione_1785940927712.wav,1.5,-46.431740439615574,-29.745710043957793,16.68603039565778,0.0,5994.430625861905,3928.9193954364705,0.2620715547168389,10941.333333333332,11738.0,5.333333333333333,7.814512365928468,17.904997130203906,74.28049050386763,70.77732260019081,74.37804633006036,80.55705140164261,3.805168521373078,-0.0920403850691628,4636.0
fibra5orizzontale,RUMORE_AMBIENTALE,campione_1785940929221.wav,1.5,-45.764639161657676,-25.222871894094688,20.54176726756299,0.0,5994.668212115679,3887.467265858798,0.26882311726412944,10795.333333333332,11646.0,6.0,6.6601075575154125,17.578254559241103,75.7616378832435,70.87124632658538,75.08619139196841,81.4309274485131,4.620985979240723,0.053700475213090966,4702.0
fibra5orizzontale,RUMORE_AMBIENTALE,campione_1785940930738.wav,1.5,-45.611555880834885,-21.481380897853192,24.130174982981693,0.0,5994.667739939657,3891.910320253786,0.2608188270551018,10773.333333333332,11602.666666666666,8.0,6.090221724068689,18.319662128660802,75.59011614727049,70.31497863423124,75.09782219000668,81.25329771984043,6.562262126252964,0.10579482506291862,4706.666666666667
fibra5orizzontale,RUMORE_AMBIENTALE,campione_1785940932280.wav,1.5,-46.235114834397855,-29.441752881197807,16.793361953200048,0.0,5994.86661132359,3899.869721730062,0.2576301215113014,10805.333333333332,11629.333333333332,1609.3333333333333,6.5647974706599985,18.57277331139186,74.86242921794813,70.39495159391694,74.91150585113235,80.96537742566632,3.679204046237052,-0.014795578895881902,4666.0
fibra5orizzontale,RUMORE_AMBIENTALE,campione_1785940933804.wav,1.5,-45.66758673736515,-24.989071135027608,20.67851560233754,0.0,5994.70312951481,3909.035103509393,0.2574433500401905,10836.666666666666,11630.0,10.666666666666666,6.3427971007838275,19.1416451360355,74.51555776318067,70.79574736416605,75.59273178058275,81.49540873985401,4.748630770686043,-0.028907125426718035,4621.333333333333
fibra5orizzontale,RUMORE_AMBIENTALE,campione_1785940935317.wav,1.5,-46.02304507352394,-23.36630291301769,22.656742160506248,0.0,5994.828218899628,3906.167113751847,0.26208863256353354,10829.333333333332,11602.666666666666,3.333333333333333,6.206519861427034,18.581873315236532,75.21160682333642,70.67893058979992,75.441344043514,81.51329776529066,6.220712946927408,0.07376147560124967,4726.0
fibra5orizzontale,RUMORE_AMBIENTALE,campione_1785940936856.wav,1.5,-45.26556078236209,-21.604856529893638,23.66070425246845,0.0,5995.749919817976,3950.8235205716437,0.24831460476901487,10894.0,11582.0,3.333333333333333,5.838092268102562,20.951995512785178,73.20991221911225,71.29131015332575,76.84085453227058,82.27429946942776,8.045832596644827,0.23667166414747956,4596.666666666667
fibra5orizzontale,RUMORE_AMBIENTALE,campione_1785940938213.wav,1.5,-45.747091523811825,-26.10262812730359,19.644463396508236,0.0,5994.190727809663,3905.2842820158794,0.25876538554957645,10832.666666666666,11631.333333333332,9.333333333333332,6.236016578942919,18.91801393546653,74.84596948559056,70.01161971487566,74.83130251406509,80.80423128571857,4.9099826937225295,0.0023981851272448025,4740.0
fibra5orizzontale,RUMORE_AMBIENTALE,campione_1785940939716.wav,1.5,-45.211483591542404,-25.06947471553831,20.142008876004095,0.0,5995.62931463806,3913.953168402271,0.2522481006538283,10776.666666666666,11553.333333333332,617.3333333333333,5.626335309514194,19.723787515251644,74.64987717523417,71.26524141713274,76.71288845932266,82.49327628208493,4.448154247334479,0.025298000041406518,4642.666666666667
fibra5orizzontale,RUMORE_AMBIENTALE,campione_1785940941238.wav,1.5,-45.92803742120209,-29.876944107821494,16.051093313380598,0.0,5994.620320818957,3911.9524038780605,0.26118833858675516,10826.666666666666,11674.0,108.66666666666666,6.837015910227846,17.89721274349115,75.26577134628099,71.06712278980565,75.24631089012703,81.48443205215612,3.6972650598930192,-0.060603895082157,4610.666666666667
fibra5orizzontale,RUMORE_AMBIENTALE,campione_1785940942789.wav,1.5,-45.577330402262184,-30.257038801874494,15.32029160038769,0.0,5994.428505593821,3905.9659666382518,0.25599998788396106,10834.666666666666,11667.333333333332,112.0,6.937104671876435,18.21689287845929,74.84600244966427,70.77494418386163,74.9679047543429,81.10484780382129,3.813429899768585,-0.04376842053092252,4652.666666666667
fibra5orizzontale,RUMORE_AMBIENTALE,campione_1785940944295.wav,1.5,-45.768825400513606,-29.117730093026694,16.651095307486912,0.0,5994.51685393306,3921.932852661104,0.2617349679776211,10835.333333333332,11662.666666666666,14.0,6.829870131772491,18.890914244144017,74.27921562408349,70.57342255375974,74.99182786147769,80.93797118629931,4.004995942448085,-0.0366397101414725,4608.666666666667
fibra5orizzontale,RUMORE_AMBIENTALE,campione_1785940945815.wav,1.5,-46.11450297169049,-29.17090142279892,16.94360154889157,0.0,5994.469410965063,3911.0039710844944,0.2617264655114535,10838.0,11584.666666666666,5.333333333333333,5.953721927753608,19.840759019016055,74.20551905323033,70.11154271858348,75.33924007372322,81.06801932301252,3.8612424645021584,0.00877813946355264,4682.0
fibra5orizzontale,RUMORE_AMBIENTALE,campione_1785940947357.wav,1.5,-46.538195006003306,-31.137720721642552,15.400474284360754,0.0,5994.1876708088275,3892.4917317468785,0.2639121523395648,10810.0,11616.666666666666,9.333333333333332,6.334777676582846,18.54390302428811,75.12131929912907,70.03343932793867,74.69813702646852,80.77375761684863,3.522197810657203,0.03834809003604591,4650.0
fibra5orizzontale,RUMORE_AMBIENTALE,campione_1785940948853.wav,1.5,-46.67179667975943,-29.91006479377489,16.761731885984542,0.0,5994.014860792483,3917.3331355609685,0.2627978567869354,10898.666666666666,11688.0,12.0,7.226817990821552,18.273583639336817,74.49959836984165,70.37374618995035,74.40251227310615,80.50581433408624,3.482804383632814,0.009123524504076323,4650.0
fibra5orizzontale,RUMORE_AMBIENTALE,campione_1785940950229.wav,1.5,-45.833453627028945,-28.48973693644499,17.343716690583953,0.0,5995.100900574833,3880.689011125537,0.2684526212595972,10801.333333333332,11623.333333333332,13.333333333333332,6.2261342379727,18.425540286491337,75.34832547553596,70.57882688379344,75.29084439769474,81.40737813460909,4.021534255642868,0.04621199708638973,4663.333333333333
fibra5orizzontale,RUMORE_AMBIENTALE,campione_1785940951754.wav,1.5,-46.012880278258024,-28.819984080322225,17.1928961979358,0.0,5994.703789312089,3889.284677885321,0.2659677502939133,10794.0,11664.0,12.666666666666666,6.979952057270682,17.183889582086064,75.83615836064325,70.92369689464314,74.8363872323801,81.28393574631428,4.056611678533668,-0.06784883738770969,4712.0
fibra5orizzontale,RUMORE_AMBIENTALE,campione_1785940953261.wav,1.5,-45.50745884106873,-29.69700399461977,15.810454846448962,0.0,5994.884537328463,3897.1240454262206,0.2652593066577594,10776.666666666666,11550.666666666666,10.0,5.592323907776975,19.658399583837692,74.74927650838534,70.5832678072024,76.04282621338854,81.8434145640756,3.779398066911221,0.02503895363385785,4660.0
fibra5orizzontale,RUMORE_AMBIENTALE,campione_1785940954810.wav,1.5,-45.96868778592452,-29.893488663998866,16.075199121925657,0.0,5995.105218542375,3927.2588525048686,0.253426785409101,10915.333333333332,11660.0,2.6666666666666665,6.851148687305615,19.159696258444555,73.98915505424982,71.08645007553638,75.55270234501211,81.42049682408123,4.074496544503196,-0.03450749035971549,4555.333333333333
fibra5orizzontale,RUMORE_AMBIENTALE,campione_1785940956310.wav,1.5,-45.43807352670523,-19.412760382858224,26.025313143847008,0.0,5994.834058057825,3908.386836672183,0.26079446283563246,10789.333333333332,11577.333333333332,9.333333333333332,5.849938967468067,19.40247523615131,74.7475857963806,70.51845676016576,75.7255147872194,81.58291511258304,9.210028455583071,0.19682657394587283,4690.666666666667
fibra5orizzontale,RUMORE_AMBIENTALE,campione_1785940957840.wav,1.5,-46.00565778899405,-24.566406137873976,21.439251651120074,0.0,5994.162485221777,3909.344782213062,0.26511883209715925,10830.666666666666,11698.0,113.33333333333333,6.797990231966058,17.995316582760342,75.20669318527361,70.24570828389335,74.47349783565213,80.68446785485142,4.342874514165106,0.06537131034559704,4680.0
fibra5orizzontale,RUMORE_AMBIENTALE,campione_1785940959401.wav,1.5,-45.499140193007534,-25.94879766721942,19.550342525788114,0.0,5995.345823016148,3913.587608360632,0.25068222117215316,10806.0,11556.666666666666,1218.6666666666665,5.722769840491428,19.71747729707957,74.55975286242901,70.74253565330181,76.11498635060299,81.8915174543865,4.7889638082561525,0.014552832259725536,4607.333333333333
fibra5orizzontale,RUMORE_AMBIENTALE,campione_1785940960877.wav,1.5,-45.73278098735105,-22.564762576224698,23.16801841112635,0.0,5994.9268300171225,3898.0317684761035,0.25963181029624033,10790.666666666666,11574.666666666666,5.333333333333333,5.8477066447726305,19.31874193001022,74.83355142521718,70.65695810423016,75.84689073672745,81.7280658899437,5.671762106569922,0.1425388686775173,4658.0
fibra5orizzontale,RUMORE_AMBIENTALE,campione_1785940962268.wav,1.5,-45.73151266968068,-26.407618588189354,19.32389408149133,0.0,5994.209840909923,3911.6606613510185,0.26759294077125767,10877.333333333332,11679.333333333332,11.333333333333332,6.974120902725356,17.909239856164362,75.11663924111028,70.54075944130292,74.63663625082245,80.86322621259177,4.385599667087961,-0.01390596353972775,4652.0
fibra5orizzontale,RUMORE_AMBIENTALE,campione_1785940963764.wav,1.5,-45.84687956801653,-29.60841279258313,16.238466775433402,0.0,5994.636012482189,3919.9099737433376,0.2640149721317084,10842.666666666666,11628.0,4.0,6.6229846607395535,18.906652987393432,74.47036235186702,70.82449241369856,75.38010145412176,81.33378959179369,3.757988777548924,-0.02246489285081448,4619.333333333333
fibra5orizzontale,RUMORE_AMBIENTALE,campione_1785940965295.wav,1.5,-45.609034733862,-28.363852277812587,17.245182456049417,0.0,5994.488810584064,3935.906824376987,0.26687566237324595,10976.666666666666,11698.0,12.666666666666666,7.825877294078389,18.157101940261214,74.01702076566039,70.88195320606567,74.53708818374979,80.63993886982205,3.877858634644501,-0.039753784195303545,4602.666666666667
fibra5orizzontale,RUMORE_AMBIENTALE,campione_1785940966811.wav,1.5,-45.83866068559636,-22.479710346854347,23.358950338742012,0.0,5994.8839385095225,3894.9389661272194,0.25681820872798494,10776.0,11567.333333333332,1127.3333333333333,5.788505690627566,18.62473117395544,75.58676313541699,70.36596673808431,75.44120222166724,81.52475957104697,6.492929583197327,0.2377290141851942,4650.666666666667
fibra5orizzontale,RUMORE_AMBIENTALE,campione_1785940968346.wav,1.5,-46.08594817255489,-27.53031968736073,18.555628485194163,0.0,5994.853844710672,3872.127634737523,0.27067003109612936,10746.0,11594.666666666666,14.0,6.1397969192988215,17.628742802076953,76.23146027862423,69.98217768827429,74.5628510381896,80.92198001358874,4.161263923157114,-0.10135878458211649,4701.333333333333
fibra5orizzontale,RUMORE_AMBIENTALE,campione_1785940969857.wav,1.5,-45.98734256387198,-28.15123797352651,17.836104590345467,0.0,5994.655844969949,3902.599202801114,0.25930814919341233,10786.666666666666,11546.666666666666,1424.0,5.57325874355751,19.59993286604769,74.8268083903948,70.10774208186558,75.56919585957533,81.38722223679105,4.046071200995201,0.015477437644622094,4648.666666666667
fibra5orizzontale,RUMORE_AMBIENTALE,campione_1785940971375.wav,1.5,-45.442884242757025,-26.74673346403694,18.696150778720085,0.0,5995.464486910975,3887.9031130667104,0.2580036145303571,10731.333333333332,11538.666666666666,1276.0,5.371772403574939,19.14224644563502,75.48598115079001,70.6730599031974,76.19181289766301,82.15054690829282,4.181678693959501,-0.03097563642748788,4766.0
fibra5orizzontale,RUMORE_AMBIENTALE,campione_1785940972917.wav,1.5,-46.18819275035691,-22.600448285916272,23.58774446444064,0.0,5994.377334567192,3911.3609045447997,0.26216016620968224,10870.0,11675.333333333332,8.666666666666666,7.110066317433423,18.108397165119722,74.78153651744685,70.59766629181303,74.65772988811449,80.8168736190483,7.37750513159636,0.05849174026088147,4700.0
fibra5orizzontale,RUMORE_AMBIENTALE,campione_1785940974272.wav,1.5,-45.872820518462795,-23.951908775662986,21.92091174279981,0.0,5994.902402482806,3894.2134009862466,0.259011081342022,10736.0,11583.333333333332,5.333333333333333,5.914033102313611,18.292561760548576,75.79340513713781,70.41274967955955,75.31665746906327,81.49022635767116,4.776648932557016,-0.004820185215436951,4706.0
fibra5orizzontale,RUMORE_AMBIENTALE,campione_1785940975808.wav,1.5,-45.74869740138464,-28.588924353340886,17.159773048043753,0.0,5994.942624926721,3918.808920503025,0.2581833409900594,10804.666666666666,11551.333333333332,676.6666666666666,5.623807221875508,19.78017048668232,74.59602229144218,70.73851794670874,76.2005140004846,81.96537039617125,4.522693458659476,-0.018138233088160288,4674.666666666667
fibra5orizzontale,RUMORE_AMBIENTALE,campione_1785940977370.wav,1.5,-45.925508411064584,-23.184655889471944,22.74085252159264,0.0,5994.631738251055,3934.0179363769466,0.2644500617010757,10909.333333333332,11675.333333333332,7.333333333333333,7.75849783121785,17.972686044050267,74.26881612473187,71.38509041129039,75.03344385963307,81.19537899201515,8.379784814717251,0.15804945578062343,4692.0
fibra5orizzontale,RUMORE_AMBIENTALE,campione_1785940978829.wav,1.5,-45.45126289153365,-24.886112187765427,20.565150703768225,0.0,5995.704413232258,3884.2748769819254,0.25635370859997353,10693.333333333332,11528.0,1136.0,5.285233801229507,19.435732862752726,75.27903333601775,70.86903133539113,76.5243985093052,82.4051296336742,4.93517261886307,-0.006871680340242527,4713.333333333333
fibra5orizzontale,RUMORE_AMBIENTALE,campione_1785940980374.wav,1.5,-45.87574606729088,-29.552503426548302,16.32324264074258,0.0,5995.50261462925,3899.7009565790286,0.25712791648547917,10766.0,11548.666666666666,10.666666666666666,5.487307811490153,19.574737780635118,74.93795440787473,70.89163632942748,76.41500263283406,82.24506144159143,3.9816355364361824,-0.0907069423264523,4783.333333333333
fibra5orizzontale,RUMORE_AMBIENTALE,campione_1785940981879.wav,1.5,-45.809788072969255,-22.36410696495649,23.445681108012764,0.0,5994.668074327803,3910.7123525931124,0.26033306812280604,10882.666666666666,11574.0,434.0,6.09866027934896,19.224746698425736,74.67659302222533,70.48131122966439,75.4675730726776,81.360811768052,5.993115612904079,0.03577265455587137,4676.666666666667
fibra5orizzontale,RUMORE_AMBIENTALE,campione_1785940983398.wav,1.5,-45.8216518420286,-20.836340066079355,24.985311775949246,0.0,5995.045552772005,3905.8202943310052,0.25015620983150494,10733.333333333332,11547.333333333332,1476.0,5.393546693369823,20.150129916003394,74.45632339062678,70.80490388001314,76.52893795670978,82.20517532319616,7.04961296725239,0.08484049749873439,4620.0
fibra5orizzontale,RUMORE_AMBIENTALE,campione_1785940984947.wav,1.5,-45.81275181798448,-23.401523959516325,22.411227858468152,0.0,5995.438526254831,3916.8013791545563,0.25534921958009743,10832.0,11575.333333333332,4.666666666666666,5.907971829096879,19.315593125851834,74.7764350450513,70.8747172467221,76.01941357477665,81.89798065257574,5.486428059584918,0.007172122340808571,4694.666666666667
fibra5orizzontale,RUMORE_AMBIENTALE,campione_1785940986294.wav,1.5,-45.291630357158596,-25.310363406432153,19.981266950726443,0.0,5995.2712854996025,3885.827519045319,0.24750549233250177,10728.0,11542.0,1435.3333333333333,5.508185993773131,18.815840396626097,75.67597360960077,71.01664995174447,76.35180019165048,82.39614415692628,4.718747353110061,0.024095010112085716,4698.0
fibra5orizzontale,RUMORE_AMBIENTALE,campione_1785940987810.wav,1.5,-45.41055098992595,-26.043957481080852,19.3665935088451,0.0,5994.909404031702,3913.63437726649,0.26129022449353556,10822.666666666666,11577.333333333332,875.3333333333333,5.863141033185049,19.8106388568727,74.32622010994224,70.78797744600921,76.0756588464998,81.81809450825398,4.190328492627415,-0.04071243631184066,4657.333333333333
fibra5orizzontale,RUMORE_AMBIENTALE,campione_1785940989329.wav,1.5,-45.963009370395994,-26.62084880480065,19.342160565595343,0.0,5995.499301323603,3916.7331302227617,0.25814315661097015,10799.333333333332,11564.666666666666,1234.0,5.676292044582524,19.76921095756653,74.55449699785095,71.11533453514133,76.53458057549554,82.29942566220394,4.036151248207113,0.06854251115159475,4649.333333333333
fibra5orizzontale,RUMORE_AMBIENTALE,campione_1785940990869.wav,1.5,-46.219766327219396,-27.417514342973913,18.802251984245483,0.0,5994.30580665455,3924.366347227407,0.25948002056116165,10926.666666666666,11722.0,4.0,7.907587785472131,17.243854208670655,74.84855800585721,70.913065672078,74.29896887681781,80.67445983170478,3.8281438316009346,0.0450809087081543,4598.666666666667
fibra5orizzontale,RUMORE_AMBIENTALE,campione_1785940992380.wav,1.5,-45.59852018782795,-20.697362868490863,24.901157319337088,0.0,5995.193118383425,3942.7309200188074,0.24918498468922748,10840.0,11560.666666666666,5.333333333333333,5.7242211900055855,21.168396199305878,73.10738261068856,70.99593521579168,76.67565069978755,82.05838350144504,10.90026043344833,0.2425013683235562,4704.666666666667
fibra5orizzontale,RUMORE_AMBIENTALE,campione_1785940993898.wav,1.5,-45.904440745294565,-26.28652057592831,19.617920169366254,0.0,5995.106689157079,3919.686074943849,0.259629830603966,10857.333333333332,11628.666666666666,4.0,6.25109609142011,19.532173657035834,74.21673025154405,70.88598446990571,75.83392848954705,81.63144088919228,5.3635615922041655,-0.008762739580421506,4628.0
fibra5orizzontale,RUMORE_AMBIENTALE,campione_1785940995454.wav,1.5,-45.140557096455744,-19.324027481757724,25.81652961469802,0.0,5995.211684352581,3932.696047278491,0.25370628740757317,10861.333333333332,11556.0,10.666666666666666,5.672697234060315,20.823690585662064,73.50361218027761,71.26699853782975,76.91467951044007,82.39218931071451,8.457977320581538,0.2127318784030273,4542.666666666667
fibra5orizzontale,RUMORE_AMBIENTALE,campione_1785940996944.wav,1.5,-45.212512632773695,-21.38447056176308,23.828042071010614,0.0,5995.003881691269,3944.3596372252105,0.24908085130885457,10884.666666666666,11640.0,114.66666666666666,6.939698297321612,19.732710685413558,73.32759101726482,71.65561370128484,76.1940752861978,81.89488197812962,8.113199797085446,0.20672607864330533,4661.333333333333
fibra5orizzontale,RUMORE_AMBIENTALE,campione_1785940998325.wav,1.5,-45.496882399372545,-28.329205684563146,17.1676767148094,0.0,5995.065209042137,3938.3107964598416,0.25798160410852017,10889.333333333332,11678.0,151.33333333333331,7.124446812266987,19.064075894337083,73.81147729339592,71.43300888010859,75.70765497703401,81.58673636992867,4.0130733677922334,0.0026831227569320344,4656.0
fibra5orizzontale,RUMORE_AMBIENTALE,campione_1785940999828.wav,1.5,-45.906210796714845,-26.75249907291053,19.153711723804314,0.0,5995.202003670425,3894.7599057067823,0.262641505582864,10803.333333333332,11598.0,4.0,6.093652606497074,18.55104248956516,75.35530490393778,70.4665257917223,75.30143207443606,81.38888718734036,4.957282422286293,-0.0010457849553921464,4716.0
fibra5orizzontale,RUMORE_AMBIENTALE,campione_1785941001392.wav,1.5,-45.951532118884714,-29.355714552128013,16.5958175667567,0.0,5994.549405780373,3908.696972285508,0.2619992673083059,10880.0,11688.666666666666,12.0,7.410078766305405,17.417313258351278,75.17260797534331,71.21182900136586,74.92341238643642,81.27419693303919,4.12856390075857,-0.07346617828676055,4679.333333333333
fibra5orizzontale,RUMORE_AMBIENTALE,campione_1785941002877.wav,1.5,-45.95312898808678,-27.58727654345742,18.36585244462936,0.0,5995.220509940925,3887.0923279126196,0.2618704529583454,10724.666666666666,11569.333333333332,1615.3333333333333,5.8917547263868,18.22261276347696,75.88563251013626,70.49527755255636,75.39893742747626,81.59442654721215,4.0706204248296425,-0.045831655815887384,4713.333333333333
fibra5orizzontale,RUMORE_AMBIENTALE,campione_1785941004397.wav,1.5,-46.20981218046375,-28.377749703833963,17.832062476629787,0.0,5994.322136240027,3903.8833963202655,0.2634520525788359,10799.333333333332,11610.666666666666,1914.6666666666665,6.5026817127890935,18.69020082320495,74.80711746400597,70.28864509204341,74.87385979946548,80.89714932553389,4.325020081857345,-0.05662713276623713,4767.333333333333
fibra5orizzontale,RUMORE_AMBIENTALE,campione_1785941005926.wav,1.5,-46.45351101574656,-29.778333140977505,16.67517787476905,0.0,5994.55784022247,3897.147025415136,0.2695693496061759,10825.333333333332,11650.666666666666,18.666666666666664,7.0526953193479365,17.411339282697313,75.53596539795475,70.4645098372139,74.38928039648259,80.76249645395228,3.7857284101731077,-0.020043271132747682,4724.0
fibra5orizzontale,RUMORE_AMBIENTALE,campione_1785941007458.wav,1.5,-46.37019568985201,-24.159077800723587,22.211117889128424,0.0,5994.612553789491,3917.313625473606,0.26614953756472565,10834.0,11658.0,617.3333333333333,6.795871692723652,18.51405228253016,74.69007602474619,70.13575696618081,74.48832011716932,80.5459342739541,4.541212494157406,0.02600645001380512,4707.333333333333
fibra5orizzontale,RUMORE_AMBIENTALE,campione_1785941008966.wav,1.5,-46.5588633132833,-29.624453220734154,16.934410092549143,0.0,5994.273390838427,3906.2219490635753,0.2666726030450345,10841.333333333332,11656.0,6.0,6.804873502337497,18.30113905103791,74.89398744662459,70.42460497978657,74.72118562362498,80.84087395150084,3.862624696464236,-0.008701163488103014,4658.0
fibra5orizzontale,RUMORE_AMBIENTALE,campione_1785941010363.wav,1.5,-46.702347717246404,-27.6254563386875,19.076891378558905,0.0,5994.173315555304,3855.397819962785,0.2646089382030687,10738.0,11609.333333333332,8.666666666666666,6.202750176452852,16.960013520419164,76.83723630312798,69.67911536591022,74.04753440966806,80.60898982510048,4.313908748287198,-0.17805280539448987,4798.666666666667
fibra5orizzontale,RUMORE_AMBIENTALE,campione_1785941011852.wav,1.5,-45.67305013754725,-21.880210786942197,23.792839350605053,0.0,5995.348838452895,3891.9999589999165,0.2588353045980203,10724.666666666666,11539.333333333332,1825.3333333333333,5.564191796802703,19.06784951908699,75.3679586841103,70.30316538407453,75.6521616264267,81.6210119947865,7.787662158361336,0.09503918881134871,4712.0
fibra5orizzontale,RUMORE_AMBIENTALE,campione_1785941013378.wav,1.5,-46.62235040180582,-30.119980504728087,16.50236989707773,0.0,5994.105282956883,3900.8625174048448,0.2688920518635813,10862.0,11683.333333333332,7.333333333333333,7.432265718290598,17.455523246352342,75.11221103535706,70.40260782347976,74.11072425939243,80.44850100440365,3.918982969202111,-0.07422748244982354,4708.666666666667
fibra5orizzontale,RUMORE_AMBIENTALE,campione_1785941014903.wav,1.5,-46.618010393680905,-29.186153207908543,17.431857185772362,0.0,5994.675989461896,3882.25134775935,0.26663875305245976,10803.333333333332,11617.333333333332,12.0,6.304127939835884,18.17485237706399,75.52101968310012,69.829435357358,74.4278940936998,80.61386362490366,3.731550338064822,0.10308720610996161,4679.333333333333
fibra5orizzontale,RUMORE_AMBIENTALE,campione_1785941016421.wav,1.5,-46.58840248705364,-23.778185194672066,22.810217292381576,0.0,5994.400953358601,3900.339504702676,0.26488814767057406,10880.0,11678.0,4.0,6.92803993718884,17.633894132073312,75.43806593073785,70.65205756992239,74.7094360356082,81.02185919952105,5.17202995244768,0.0752617461819041,4692.666666666667
fibra5orizzontale,RUMORE_AMBIENTALE,campione_1785941017960.wav,1.5,-46.186182604639974,-27.28160149338472,18.904581111255254,0.0,5994.62599390212,3891.118015508055,0.2621967937586601,10800.0,11607.333333333332,6.0,6.237586794658372,18.35061263465561,75.41180057068603,70.57002756862806,75.25636722814886,81.39425465425411,3.723969203244355,-0.05895245425158004,4714.0
fibra5orizzontale,RUMORE_AMBIENTALE,campione_1785941019472.wav,1.5,-46.454759351627374,-28.124179106108965,18.33058024551841,0.0,5994.567045914431,3886.664870502655,0.2634736419672068,10803.333333333332,11626.666666666666,8.666666666666666,6.776754410912003,17.396666986699522,75.82657860238847,70.65884409450601,74.75328712451072,81.14684122801116,4.03055547347904,-0.021887818576920327,4833.333333333333
fibra5orizzontale,RUMORE_AMBIENTALE,campione_1785941020995.wav,1.5,-46.842883668975404,-27.46746927252374,19.375414396451664,0.0,5994.1099434840025,3900.111855197332,0.27293510953345484,10884.666666666666,11667.333333333332,1806.0,7.085098455168426,17.389106087029923,75.52579545780166,69.90248165183083,73.80179532582348,80.17997583636911,4.206147177299169,0.021337220521598282,4733.333333333333
fibra5orizzontale,RUMORE_AMBIENTALE,campione_1785941022350.wav,1.5,-46.138017852510124,-24.747651931384613,21.39036592112551,0.0,5994.989106881614,3917.2893965897174,0.25837266460756275,10848.666666666666,11635.333333333332,14.0,6.862174737395094,18.81292130944127,74.32490395316363,70.80399405187922,75.18393871451804,81.15071989174479,6.246227404982838,0.1264952957230164,4660.0
fibra5orizzontale,RUMORE_AMBIENTALE,campione_1785941023877.wav,1.5,-45.765945659617614,-21.919797135129127,23.846148524488488,0.0,5995.110117688742,3928.5480930524645,0.256252183760927,10854.666666666666,11614.666666666666,1837.3333333333333,6.869144558376008,18.814507396248175,74.3163480453758,71.54522910850928,75.92113106879238,81.88704614817263,8.892151761733807,0.2136889258915394,4654.666666666667
fibra5orizzontale,RUMORE_AMBIENTALE,campione_1785941025417.wav,1.5,-46.39350116490156,-30.188239318558445,16.205261846343113,0.0,5994.264792315262,3893.274364405768,0.2672748243956147,10794.666666666666,11646.666666666666,6.666666666666666,6.645884924668252,17.60953370550657,75.74458136982518,70.16834253479158,74.40029292548799,80.73633006045058,3.8708345806272613,-0.17768994983918218,4751.333333333333
fibra5orizzontale,RUMORE_AMBIENTALE,campione_1785941026928.wav,1.5,-46.2675391840706,-29.095041644627145,17.172497539443455,0.0,5994.229116730701,3912.724932697829,0.2594958336722348,10852.0,11662.666666666666,10.0,6.967308309535639,18.176132926082506,74.85655876438186,70.47429620028542,74.63866081289217,80.78594449413102,3.98717864979644,-0.10531836775822133,4652.666666666667
fibra5orizzontale,RUMORE_AMBIENTALE,campione_1785941028444.wav,1.5,-46.07659884917829,-27.970205550746677,18.106393298431612,0.0,5994.1736849589415,3910.3624245353685,0.2643863683134495,10878.666666666666,11678.666666666666,4.0,7.204000472494205,17.76168535818428,75.0343141693215,70.51538956123176,74.43449395915414,80.69225140833976,3.947234448450679,-0.025500656720878836,4571.333333333333
fibra5orizzontale,RUMORE_AMBIENTALE,campione_1785941029972.wav,1.5,-45.774584323729655,-28.33612395606499,17.438460367664664,0.0,5995.332784856599,3951.30482253275,0.2522592762779399,10903.333333333332,11589.333333333332,1023.3333333333333,6.248569992654094,21.041202061983803,72.71022794536208,71.25247716144392,76.52537624239983,81.91062583409627,4.041472982520798,0.0005921029931997493,4550.666666666667
fibra5orizzontale,RUMORE_AMBIENTALE,campione_1785941031510.wav,1.5,-44.60206516076076,-16.771469999836995,27.830595160923764,0.0,5995.765349841475,4004.958951058897,0.25244893474178176,11117.333333333332,11670.0,256.66666666666663,8.274228839304705,20.097267165753244,71.62850399494204,72.96181142802641,76.81590620751143,82.33539495597083,26.790240820550125,0.7791563946148643,4614.666666666667
fibra5orizzontale,RUMORE_AMBIENTALE,campione_1785941033020.wav,1.5,-44.29830619765589,-25.329926228840954,18.968379968814936,0.0,5995.934443383388,3989.8387443638762,0.2501251787996803,11042.666666666666,11661.333333333332,304.66666666666663,7.584800876051914,20.40314024633702,72.01205887761107,72.8685718599658,77.16610017080131,82.64318230163339,9.799889681883032,0.2666816029369816,4767.333333333333
fibra5orizzontale,RUMORE_AMBIENTALE,campione_1785941034375.wav,1.5,-44.63579650708549,-22.954427655405418,21.68136885168007,0.0,5996.042835441999,4028.8640591775647,0.2433003766570374,11142.666666666666,11711.333333333332,212.0,8.8905586127629,19.86471634078026,71.24472504645684,73.45362866935623,76.94516185365055,82.49186532202764,11.286123913719596,0.39732176088525295,4554.666666666667
fibra5orizzontale,RUMORE_AMBIENTALE,campione_1785941035898.wav,1.5,-44.42446387233677,-25.700020104205805,18.724443768130968,0.0,5995.306318500074,4050.87674203093,0.23360632124790423,11137.333333333332,11664.0,393.3333333333333,7.945799120504274,22.018594545301543,70.03560633419418,73.25596593559072,77.68248606544914,82.70777905108312,4.217178408003625,0.19547603904705554,4208.666666666667
fibra5orizzontale,RUMORE_AMBIENTALE,campione_1785941037430.wav,1.5,-44.13876689583538,-15.53338747756916,28.60537941826622,0.0,5995.9472349829175,4111.193551573797,0.2204445002962572,11212.0,11694.666666666666,360.66666666666663,8.90612234417042,23.77697761749755,67.31690003833204,74.6089333803631,78.87361330218911,83.39328789643915,30.684517011674806,0.7696801660140562,4276.666666666667
fibra5orizzontale,RUMORE_AMBIENTALE,campione_1785941038960.wav,1.5,-44.43579200886318,-26.01212156469209,18.42367044417109,0.0,5995.639837902829,4040.9268028542483,0.23615176307958125,11134.666666666666,11642.0,724.0,7.841460387466878,22.077218469202787,70.08132114333033,73.14493480409536,77.6404088283523,82.65698807899298,4.803844121977341,0.29343488146965097,4277.333333333333
fibra5orizzontale,RUMORE_AMBIENTALE,campione_1785941040474.wav,1.5,-44.64935758424013,-24.544014041194785,20.105343543045343,0.0,5995.5517552165475,4006.3138895566094,0.2456684350477347,11088.0,11718.666666666666,142.66666666666666,8.960475599451225,19.186617281866294,71.85290711868248,73.41083965784668,76.71751316962221,82.45197248333339,10.958526350366457,0.40005901084702983,4637.333333333333
fibra5orizzontale,RUMORE_AMBIENTALE,campione_1785941041993.wav,1.5,-44.29310014684152,-26.637907840303868,17.65519230653765,0.0,5995.382642480929,4028.133745684336,0.23816730614415377,11068.666666666666,11620.666666666666,907.3333333333333,7.1527676590519516,22.307375678847563,70.53985666210048,72.74507128032982,77.6848149110096,82.68467582641514,4.8285185346793105,0.2719989995748608,4381.333333333333
fibra5orizzontale,RUMORE_AMBIENTALE,campione_1785941043520.wav,1.5,-44.36827324845755,-21.503414331210013,22.864858917247535,0.0,5995.787157217262,4022.832347776136,0.2362800213524949,11031.333333333332,11587.333333333332,1310.0,6.435985467030571,23.036737232509324,70.5272773004601,72.5244548681041,78.0625140063067,82.92187550320642,6.331896008031903,0.4461322631375512,4352.666666666667
fibra5orizzontale,RUMORE_AMBIENTALE,campione_1785941045057.wav,1.5,-46.35472397926998,-26.022720576946156,20.33200340232382,0.0,5994.2589566063325,3950.003973928621,0.2622022727353112,11010.666666666666,11779.333333333332,8.666666666666666,9.088509584768598,17.351459748222368,73.56003066700902,71.81083419676823,74.61926767221728,80.89232651738605,5.063252084885896,-0.04162757675245761,4552.0
fibra5orizzontale,RUMORE_AMBIENTALE,campione_1785941046395.wav,1.5,-45.45724272369306,-21.151360665344047,24.30588205834901,0.0,5995.215145836901,3992.6841656880115,0.2508247014027052,11068.666666666666,11805.333333333332,148.66666666666666,9.067230465679735,18.814836545627752,72.11793298869253,72.34043995215156,75.5106979042399,81.34612611374459,10.067469515486797,0.002665452261781638,4522.0
fibra5orizzontale,RUMORE_AMBIENTALE,campione_1785941047919.wav,1.5,-46.44356748795794,-25.669417995730022,20.77414949222792,0.0,5995.140183005349,3961.982285145215,0.25576948643082453,11040.0,11770.666666666666,48.0,8.670622656644797,17.93438581561115,73.39499152774404,71.79287599788485,74.94923821877558,81.06903738225765,7.159908641867691,-0.13625462361898394,4626.666666666667
fibra5orizzontale,RUMORE_AMBIENTALE,campione_1785941049481.wav,1.5,-45.77551355605937,-22.134026464460227,23.641487091599146,0.0,5995.361185117493,3995.8967604072727,0.24765773403788266,11122.0,11788.666666666666,48.666666666666664,9.69886259707208,18.21883234575819,72.08230505716972,72.87335040427105,75.61134773038201,81.58442899781338,9.035150288392517,0.0987292847461103,4590.666666666667
fibra5orizzontale,RUMORE_AMBIENTALE,campione_1785941050969.wav,1.5,-45.96648681661077,-25.5080030931789,20.45848372343187,0.0,5995.148180123787,3990.33343210097,0.24370417042826392,11137.333333333332,11860.0,4.0,10.432203739354737,17.810025404250094,71.75777085639517,73.03965358297935,75.36253837064052,81.41458237079377,6.289575365492974,-0.03826065163382916,4428.0
fibra5orizzontale,RUMORE_AMBIENTALE,campione_1785941052489.wav,1.5,-45.47712886538023,-25.73585936890034,19.74126949647989,0.0,5994.7963960412635,3968.165777821678,0.24225300958096907,11203.333333333332,11952.0,2.0,11.21697594387968,16.4248135137552,72.35821054236511,73.39728085025648,75.05352743855241,81.4934011452965,6.1766745305898425,-0.0818893868784379,4407.333333333333
fibra5orizzontale,RUMORE_AMBIENTALE,campione_1785941054031.wav,1.5,-46.038063455764146,-25.844273066907597,20.19379038885655,0.0,5994.9331852495,3972.642562973131,0.24832658403840982,11146.0,11921.333333333332,48.666666666666664,10.663307831633654,16.79941800070938,72.53727416765696,72.59401557638463,74.56803847186178,80.92070842377706,6.1075409879652796,0.20150894870111835,4478.0
fibra5orizzontale,RUMORE_AMBIENTALE,campione_1785941055540.wav,1.5,-45.27469822452573,-22.96933905737822,22.305359167147508,0.0,5994.674621357456,3966.99978747599,0.24222006884647576,11166.0,11952.0,14.0,10.621538931073983,17.631745845791826,71.7467152231342,72.98471704935521,75.18579576717137,81.28086282247862,9.529321066118587,-0.22442843431643528,4296.0
fibra5orizzontale,RUMORE_AMBIENTALE,campione_1785941057064.wav,1.5,-45.326499719626234,-23.222987326405153,22.10351239322108,0.0,5995.231117608233,4010.3454294946614,0.24255651619590748,11137.333333333332,11810.0,48.0,9.284890427300025,19.41443702210415,71.30067255059583,72.9836731656583,76.18715335085732,81.836841600454,11.394391572018224,-0.26722724713996027,4448.666666666667
fibra5orizzontale,RUMORE_AMBIENTALE,campione_1785941058419.wav,1.5,-45.06004603774488,-22.525676895732595,22.534369142012288,0.0,5995.391090928166,4048.748939804931,0.23640854043908763,11166.0,11749.333333333332,12.666666666666666,8.778768876200205,21.337594868042135,69.88363625575766,73.55283389565827,77.40995239338608,82.56225268862751,7.773168534724686,0.1474332529696094,4349.333333333333
fibra5orizzontale,RUMORE_AMBIENTALE,campione_1785941059956.wav,1.5,-45.50486592709475,-29.762006276451128,15.74285965064362,0.0,5994.731854027517,3946.79941824093,0.24549367000167946,11057.333333333332,11889.333333333332,13.333333333333332,9.886356154962193,17.320230120076793,72.793413724961,73.00056608936833,75.4357401496017,81.67112443677885,3.6901724516155534,-0.026229021457955626,4415.333333333333
fibra5orizzontale,RUMORE_AMBIENTALE,campione_1785941061471.wav,1.5,-45.158198989716844,-28.30848387096941,16.849715118747433,0.0,5995.25518348826,3965.585246573201,0.2394153741277718,10964.666666666666,11823.333333333332,48.666666666666664,8.278663246609904,19.459157569335574,72.26217918405452,72.62263481490679,76.33427299205935,82.03214318739818,3.7285462698781124,-0.07280751419325725,4504.666666666667
fibra5orizzontale,RUMORE_AMBIENTALE,campione_1785941063008.wav,1.5,-45.163064052429654,-27.027892666247034,18.13517138618262,0.0,5995.716321728289,3936.132574231831,0.2558422773937925,10896.666666666666,11627.333333333332,48.666666666666664,6.754573733107165,19.81413915582009,73.43128711107275,72.08149684882308,76.75526946809616,82.44432878700064,4.1393570867557425,-0.018225748724937655,4522.0
fibra5orizzontale,RUMORE_AMBIENTALE,campione_1785941064528.wav,1.5,-45.7726094666566,-22.05978764049098,23.712821826165616,0.0,5995.329785897538,3949.701261218571,0.24953698109139247,11014.0,11854.0,12.666666666666666,9.362296062627783,16.8650927754564,73.77261116191583,72.48328866956805,75.03935230913002,81.448416517802,7.376216413062332,0.11709543070380826,4560.666666666667
fibra5orizzontale,RUMORE_AMBIENTALE,campione_1785941066051.wav,1.5,-46.28015936697704,-26.868622319169425,19.411537047807613,0.0,5994.473914646066,3905.0116220432633,0.2580046859338838,10854.0,11767.333333333332,13.333333333333332,7.748514741498127,17.054406702287945,75.19707855621394,71.06288978597713,74.48907130520617,80.93271483343761,4.2627127431391205,-0.12558558467483052,4584.666666666667
fibra5orizzontale,RUMORE_AMBIENTALE,campione_1785941067557.wav,1.5,-46.093953398199226,-26.524808723447826,19.5691446747514,0.0,5994.881657258873,3885.453734822542,0.26652449011142004,10842.666666666666,11768.0,48.666666666666664,7.695934859591399,16.905922968772764,75.39814217163585,71.05309839651215,74.47087342385184,80.96409101469246,4.3267787036094205,-0.058594622489736715,4627.333333333333
fibra5orizzontale,RUMORE_AMBIENTALE,campione_1785941069110.wav,1.5,-45.29009091547778,-22.03965032962868,23.250440585849102,0.0,5995.334990317837,3855.108318945109,0.25438577470224577,10684.0,11572.666666666666,48.666666666666664,5.665729406963157,17.114818002198472,77.21945259083837,71.23663093820485,76.0377955011732,82.58133983459382,7.4258633185638665,-0.10373308401322194,4648.666666666667
fibra5orizzontale,RUMORE_AMBIENTALE,campione_1785941070463.wav,1.5,-46.44075538124077,-24.358165199373886,22.082590181866884,0.0,5994.363961773382,3923.7111964110136,0.25724954104031234,10992.0,11844.666666666666,14.0,9.070004055677437,16.947530441477436,73.98246550284513,71.63617529893108,74.35116471307201,80.75138848939409,4.328373646583459,0.14629872073594136,4629.333333333333
fibra5orizzontale,RUMORE_AMBIENTALE,campione_1785941071983.wav,1.5,-46.45548807550575,-27.22051903744856,19.234969038057187,0.0,5994.526953590414,3959.388226933846,0.25079127421277914,11032.0,11824.666666666666,14.0,9.394260382742722,17.51837299091934,73.08736662633792,71.69232009252096,74.39863184652343,80.60211730126849,3.961338572236656,-0.09223478805346827,4614.666666666667
fibra5orizzontale,RUMORE_AMBIENTALE,campione_1785941073492.wav,1.5,-45.75346308704067,-29.426046024511297,16.327417062529374,0.0,5995.022193788204,3912.121926479243,0.24817811545479576,10844.666666666666,11770.0,11.333333333333332,7.5920025845290455,18.396798906343253,74.0111985091277,72.03358115376459,75.87744029259117,81.92299205176849,3.921436552790418,0.0017320570071698127,4508.0
fibra5orizzontale,RUMORE_AMBIENTALE,campione_1785941075028.wav,1.5,-45.1028842851625,-25.232549766382263,19.87033451878024,0.0,5995.094445577358,3917.2472809015094,0.24132239252747062,11033.333333333332,11952.0,2.0,9.390540376949426,16.48663021239484,74.12282941065573,73.13558291386798,75.57999604024235,82.10819695821246,4.499100525841405,-0.1783257507101332,4176.0
fibra5orizzontale,RUMORE_AMBIENTALE,campione_1785941076552.wav,1.5,-43.94374842262379,-24.279717094160915,19.664031328462876,0.0,5996.219952680686,4007.507519346658,0.153743078213513,11988.666666666666,11996.666666666666,10.666666666666666,23.744323326783423,10.510467893217296,65.74520877999927,79.29973187578486,75.76035440038312,83.72277498999422,3.9294400775478744,-0.02031769095513847,3642.6666666666665
fibra5orizzontale,RUMORE_AMBIENTALE,campione_1785941078057.wav,1.5,-45.4060651832863,-29.721322879490888,15.684742303795414,0.0,5995.035589247011,3968.7106986556787,0.2235708062833211,11511.333333333332,11994.0,2.0,15.124266860568365,14.583799726705536,70.29193341272611,74.4993988766289,74.34136247684351,81.17171044938245,3.463221360837996,-0.07367882278929519,4285.333333333333
fibra5orizzontale,RUMORE_AMBIENTALE,campione_1785941079620.wav,1.5,-45.29804726200656,-28.682052307109032,16.61599495489753,0.0,5994.920181985486,3941.365620828399,0.24278658149062723,11152.0,11983.333333333332,12.0,11.39025609111623,15.952662176425273,72.65708173245852,72.97062515896815,74.4336219571284,81.01806977776943,3.6357761924127363,0.05761738183927225,4412.666666666667
fibra5orizzontale,RUMORE_AMBIENTALE,campione_1785941081110.wav,1.5,-44.58751736795436,-28.322292919047815,16.265224448906547,0.0,5995.184145348681,3919.9294815357175,0.24544889272828135,10943.333333333332,11828.0,13.333333333333332,8.31193144295114,17.70408447076124,73.98398408628762,72.78264531086936,76.0663605165171,82.2770029324947,3.8045342305195824,-0.23041433706455303,4274.666666666667
fibra5orizzontale,RUMORE_AMBIENTALE,campione_1785941082475.wav,1.5,-45.66052504488578,-26.215748286565045,19.444776758320735,0.0,5995.002167401043,3932.5803582442722,0.25212899533762095,10959.333333333332,11867.333333333332,14.0,8.98947395718785,16.67857934353026,74.3319466992819,72.08976028726383,74.77400805460304,81.26417256944814,4.593742953660295,-0.08854567843788151,4508.0
fibra5orizzontale,RUMORE_AMBIENTALE,campione_1785941083997.wav,1.5,-46.37051363417201,-27.57458714831496,18.795926485857052,0.0,5995.056724729142,3909.0688738543495,0.25930126204133436,10872.0,11824.666666666666,48.666666666666664,8.20453591601023,16.712919953159158,75.08254413083061,71.57837203340121,74.6683551595063,81.19322162857014,4.183790037596291,0.046273490496193934,4746.0
fibra5orizzontale,RUMORE_AMBIENTALE,campione_1785941085511.wav,1.5,-46.25756581798461,-29.544545671179673,16.71302014680494,0.0,5994.408498338135,3882.153757870579,0.26702281535441547,10810.0,11718.0,48.666666666666664,7.2521465812105825,16.69740073248125,76.05045268630818,70.81209847362653,74.43392144066544,81.0184507735277,4.139449105528452,-0.1914026375876408,4720.666666666667
fibra5orizzontale,RUMORE_AMBIENTALE,campione_1785941087032.wav,1.5,-46.392389335312636,-28.01677879594934,18.375610539363297,0.0,5994.556500929821,3906.3151665147266,0.25496899151136704,10918.0,11778.666666666666,48.666666666666664,7.675763541558107,17.5664074216021,74.75782903683981,71.28195165639117,74.87756529403127,81.16730259184033,4.3164907708095175,0.0023150278300397053,4691.333333333333
fibra5orizzontale,RUMORE_AMBIENTALE,campione_1785941088568.wav,1.5,-46.05664998441529,-25.256791728752862,20.799858255662425,0.0,5994.989542680983,3919.602263594057,0.2430516106234799,11102.666666666666,11981.333333333332,14.0,11.071536486958495,15.461969390934414,73.46649412210711,72.87839202581708,74.32896116141703,81.09720622421591,4.895984166268606,-0.15206457215231522,4545.333333333333
fibra5orizzontale,RUMORE_AMBIENTALE,campione_1785941090097.wav,1.5,-45.61631216571754,-17.973188903818208,27.64312326189933,0.0,5995.754102793503,3930.9933804422462,0.24758389831534997,10868.0,11642.666666666666,48.666666666666664,6.877377047530214,18.66652341396021,74.45609953850959,71.77995920452136,76.1163652494551,82.12473367059808,17.23611737417953,0.33972340309199467,4699.333333333333
fibra5orizzontale,SWEEP,campione_1785941135462.wav,14.0,-36.306757375937316,-17.78424492895457,18.522512446982745,0.0,5997.425969837568,4946.756115457361,0.02304181010111674,11856.214285714284,11871.642857142857,146.57142857142856,39.090312354168795,9.751000966810635,51.15868667902056,100.94234427938053,94.91214486726713,102.11084674180768,16.372377483437308,0.04856529882082122,3068.785714285714
fibra5orizzontale,SWEEP,campione_1785941163910.wav,14.0,-36.256680355776005,-17.718767948388948,18.537912407387058,0.0,5997.276875103153,4850.261985766971,0.036354768247280865,11848.285714285714,11866.785714285714,146.64285714285714,30.542492279127437,17.66794842025634,51.78955930061623,98.76325535529182,96.38607185476381,101.05663278203079,16.411908291480575,0.01832249477124329,3086.0
fibra5orizzontale,SWEEP,campione_1785941210477.wav,14.0,-36.16474930193102,-17.973188903818208,18.19156039811281,0.0,5997.176409063634,4763.654224512407,0.050536339903226785,11817.642857142857,11860.071428571428,153.14285714285714,22.455138760376595,25.038524588822824,52.50633665080058,96.29379810948305,96.76672802051307,99.98275786606997,15.937347627479834,0.0434755551842652,2966.214285714286
fibra5orizzontale,SWEEP,campione_1785941228596.wav,14.0,-35.91254024902218,-17.479516424130807,18.43302382489137,0.0,5997.331378704026,4861.147157144344,0.03794718099544642,11845.571428571428,11868.714285714284,12.5,27.965382247938642,20.27813357226275,51.75648417979861,98.1960345836975,96.80010677892533,100.86947465482214,14.891167883482265,0.04258709440786241,2639.5714285714284
fibra5orizzontale,SWEEP,campione_1785941270093.wav,14.0,-36.144858469711274,-17.54920301799565,18.595655451715622,0.0,5997.216185625167,4823.3374809899815,0.042596898669738995,11836.214285714284,11861.92857142857,147.92857142857142,25.59887716973809,22.388092934710627,52.013029895551284,97.44791930518355,96.865881150507,100.52683167327707,15.94581845550545,0.09252875291197987,2946.8571428571427
fibra5orizzontale,SWEEP,campione_1785941299548.wav,14.0,-36.25743201566912,-17.885472995602928,18.37195902006619,0.0,5997.245015886703,4899.19297852237,0.032926853097771915,11846.642857142857,11864.42857142857,150.42857142857142,29.508793273573435,19.033327492152726,51.45787923427383,98.63718277414266,96.73281547743579,101.05218710892322,17.011330184392854,0.08001320395543364,2938.714285714286
fibra5orizzontale,SWEEP,campione_1785941321559.wav,14.0,-36.2062046696763,-16.71499102224865,19.491213647427653,0.0,5997.279499731133,4892.959329211631,0.03303468861039214,11848.0,11864.5,147.85714285714286,30.047450372095664,18.451845010905306,51.500704616999016,98.88343326310668,96.76575497794438,101.22348870732861,18.05216044009599,0.05645243045495706,2982.5
